To,From
Dione vanillae,Hydroptila arctia
Dione vanillae,Hydroptila icona
Dione vanillae,Hydroptila rono
Dione vanillae,Leucotrichia sarita
Dione vanillae,Neotrichia sepulga
Dione vanillae,Ochrotrichia lucia
Dione vanillae,Ochrotrichia rothi
Dione vanillae,Ochrotrichia spinulata
Dione vanillae,Pogonomyrmex rugosus
Dione vanillae,Vanessa atalanta
Hydroptila arctia,Hydroptila icona
Hydroptila arctia,Hydroptila rono
Hydroptila arctia,Leucotrichia sarita
Hydroptila arctia,Neotrichia sepulga
Hydroptila arctia,Ochrotrichia lucia
Hydroptila arctia,Ochrotrichia rothi
Hydroptila arctia,Ochrotrichia spinulata
Hydroptila arctia,Pogonomyrmex rugosus
Hydroptila arctia,Vanessa atalanta
Hydroptila icona,Hydroptila rono
Hydroptila icona,Leucotrichia sarita
Hydroptila icona,Neotrichia sepulga
Hydroptila icona,Ochrotrichia lucia
Hydroptila icona,Ochrotrichia rothi
Hydroptila icona,Ochrotrichia spinulata
Hydroptila icona,Pogonomyrmex rugosus
Hydroptila icona,Vanessa atalanta
Hydroptila rono,Leucotrichia sarita
Hydroptila rono,Neotrichia sepulga
Hydroptila rono,Ochrotrichia lucia
Hydroptila rono,Ochrotrichia rothi
Hydroptila rono,Ochrotrichia spinulata
Hydroptila rono,Pogonomyrmex rugosus
Hydroptila rono,Vanessa atalanta
Leucotrichia sarita,Neotrichia sepulga
Leucotrichia sarita,Ochrotrichia lucia
Leucotrichia sarita,Ochrotrichia rothi
Leucotrichia sarita,Ochrotrichia spinulata
Leucotrichia sarita,Pogonomyrmex rugosus
Leucotrichia sarita,Vanessa atalanta
Neotrichia sepulga,Ochrotrichia lucia
Neotrichia sepulga,Ochrotrichia rothi
Neotrichia sepulga,Ochrotrichia spinulata
Neotrichia sepulga,Pogonomyrmex rugosus
Neotrichia sepulga,Vanessa atalanta
Ochrotrichia lucia,Ochrotrichia rothi
Ochrotrichia lucia,Ochrotrichia spinulata
Ochrotrichia lucia,Pogonomyrmex rugosus
Ochrotrichia lucia,Vanessa atalanta
Ochrotrichia rothi,Ochrotrichia spinulata
Ochrotrichia rothi,Pogonomyrmex rugosus
Ochrotrichia rothi,Vanessa atalanta
Ochrotrichia spinulata,Pogonomyrmex rugosus
Ochrotrichia spinulata,Vanessa atalanta
Pogonomyrmex rugosus,Vanessa atalanta
Anthanassa texana,Ascalapha odorata
Anthanassa texana,Ascia monuste
Anthanassa texana,Battus philenor
Anthanassa texana,Chimarra laguna
Anthanassa texana,Cycloneda sanguinea
Anthanassa texana,Danaus gilippus
Anthanassa texana,Euptoieta hegesia
Anthanassa texana,Hydroptila icona
Anthanassa texana,Hyles lineata
Anthanassa texana,Leucotrichia limpia
Anthanassa texana,Leucotrichia mutica
Anthanassa texana,Leucotrichia sarita
Anthanassa texana,Neotrichia sepulga
Anthanassa texana,Ochrotrichia lucia
Anthanassa texana,Oxyethira arizona
Anthanassa texana,Oxyethira parce
Anthanassa texana,Pachylia syces
Anthanassa texana,Periplaneta americana
Anthanassa texana,Philolithus aegrotus
Anthanassa texana,Phoebis agarithe
Anthanassa texana,Polistes palmarum
Anthanassa texana,Pseudoleon superbus
Anthanassa texana,Urbanus dorantes
Anthanassa texana,Urbanus proteus
Anthanassa texana,Vanessa cardui
Ascalapha odorata,Ascia monuste
Ascalapha odorata,Battus philenor
Ascalapha odorata,Chimarra laguna
Ascalapha odorata,Cycloneda sanguinea
Ascalapha odorata,Danaus gilippus
Ascalapha odorata,Euptoieta hegesia
Ascalapha odorata,Hydroptila icona
Ascalapha odorata,Hyles lineata
Ascalapha odorata,Leucotrichia limpia
Ascalapha odorata,Leucotrichia mutica
Ascalapha odorata,Leucotrichia sarita
Ascalapha odorata,Neotrichia sepulga
Ascalapha odorata,Ochrotrichia lucia
Ascalapha odorata,Oxyethira arizona
Ascalapha odorata,Oxyethira parce
Ascalapha odorata,Pachylia syces
Ascalapha odorata,Periplaneta americana
Ascalapha odorata,Philolithus aegrotus
Ascalapha odorata,Phoebis agarithe
Ascalapha odorata,Polistes palmarum
Ascalapha odorata,Pseudoleon superbus
Ascalapha odorata,Urbanus dorantes
Ascalapha odorata,Urbanus proteus
Ascalapha odorata,Vanessa cardui
Ascia monuste,Battus philenor
Ascia monuste,Chimarra laguna
Ascia monuste,Cycloneda sanguinea
Ascia monuste,Danaus gilippus
Ascia monuste,Euptoieta hegesia
Ascia monuste,Hydroptila icona
Ascia monuste,Hyles lineata
Ascia monuste,Leucotrichia limpia
Ascia monuste,Leucotrichia mutica
Ascia monuste,Leucotrichia sarita
Ascia monuste,Neotrichia sepulga
Ascia monuste,Ochrotrichia lucia
Ascia monuste,Oxyethira arizona
Ascia monuste,Oxyethira parce
Ascia monuste,Pachylia syces
Ascia monuste,Periplaneta americana
Ascia monuste,Philolithus aegrotus
Ascia monuste,Phoebis agarithe
Ascia monuste,Polistes palmarum
Ascia monuste,Pseudoleon superbus
Ascia monuste,Urbanus dorantes
Ascia monuste,Urbanus proteus
Ascia monuste,Vanessa cardui
Battus philenor,Chimarra laguna
Battus philenor,Cycloneda sanguinea
Battus philenor,Danaus gilippus
Battus philenor,Euptoieta hegesia
Battus philenor,Hydroptila icona
Battus philenor,Hyles lineata
Battus philenor,Leucotrichia limpia
Battus philenor,Leucotrichia mutica
Battus philenor,Leucotrichia sarita
Battus philenor,Neotrichia sepulga
Battus philenor,Ochrotrichia lucia
Battus philenor,Oxyethira arizona
Battus philenor,Oxyethira parce
Battus philenor,Pachylia syces
Battus philenor,Periplaneta americana
Battus philenor,Philolithus aegrotus
Battus philenor,Phoebis agarithe
Battus philenor,Polistes palmarum
Battus philenor,Pseudoleon superbus
Battus philenor,Urbanus dorantes
Battus philenor,Urbanus proteus
Battus philenor,Vanessa cardui
Chimarra laguna,Cycloneda sanguinea
Chimarra laguna,Danaus gilippus
Chimarra laguna,Euptoieta hegesia
Chimarra laguna,Hydroptila icona
Chimarra laguna,Hyles lineata
Chimarra laguna,Leucotrichia limpia
Chimarra laguna,Leucotrichia mutica
Chimarra laguna,Leucotrichia sarita
Chimarra laguna,Neotrichia sepulga
Chimarra laguna,Ochrotrichia lucia
Chimarra laguna,Oxyethira arizona
Chimarra laguna,Oxyethira parce
Chimarra laguna,Pachylia syces
Chimarra laguna,Periplaneta americana
Chimarra laguna,Philolithus aegrotus
Chimarra laguna,Phoebis agarithe
Chimarra laguna,Polistes palmarum
Chimarra laguna,Pseudoleon superbus
Chimarra laguna,Urbanus dorantes
Chimarra laguna,Urbanus proteus
Chimarra laguna,Vanessa cardui
Cycloneda sanguinea,Danaus gilippus
Cycloneda sanguinea,Euptoieta hegesia
Cycloneda sanguinea,Hydroptila icona
Cycloneda sanguinea,Hyles lineata
Cycloneda sanguinea,Leucotrichia limpia
Cycloneda sanguinea,Leucotrichia mutica
Cycloneda sanguinea,Leucotrichia sarita
Cycloneda sanguinea,Neotrichia sepulga
Cycloneda sanguinea,Ochrotrichia lucia
Cycloneda sanguinea,Oxyethira arizona
Cycloneda sanguinea,Oxyethira parce
Cycloneda sanguinea,Pachylia syces
Cycloneda sanguinea,Periplaneta americana
Cycloneda sanguinea,Philolithus aegrotus
Cycloneda sanguinea,Phoebis agarithe
Cycloneda sanguinea,Polistes palmarum
Cycloneda sanguinea,Pseudoleon superbus
Cycloneda sanguinea,Urbanus dorantes
Cycloneda sanguinea,Urbanus proteus
Cycloneda sanguinea,Vanessa cardui
Danaus gilippus,Euptoieta hegesia
Danaus gilippus,Hydroptila icona
Danaus gilippus,Hyles lineata
Danaus gilippus,Leucotrichia limpia
Danaus gilippus,Leucotrichia mutica
Danaus gilippus,Leucotrichia sarita
Danaus gilippus,Neotrichia sepulga
Danaus gilippus,Ochrotrichia lucia
Danaus gilippus,Oxyethira arizona
Danaus gilippus,Oxyethira parce
Danaus gilippus,Pachylia syces
Danaus gilippus,Periplaneta americana
Danaus gilippus,Philolithus aegrotus
Danaus gilippus,Phoebis agarithe
Danaus gilippus,Polistes palmarum
Danaus gilippus,Pseudoleon superbus
Danaus gilippus,Urbanus dorantes
Danaus gilippus,Urbanus proteus
Danaus gilippus,Vanessa cardui
Euptoieta hegesia,Hydroptila icona
Euptoieta hegesia,Hyles lineata
Euptoieta hegesia,Leucotrichia limpia
Euptoieta hegesia,Leucotrichia mutica
Euptoieta hegesia,Leucotrichia sarita
Euptoieta hegesia,Neotrichia sepulga
Euptoieta hegesia,Ochrotrichia lucia
Euptoieta hegesia,Oxyethira arizona
Euptoieta hegesia,Oxyethira parce
Euptoieta hegesia,Pachylia syces
Euptoieta hegesia,Periplaneta americana
Euptoieta hegesia,Philolithus aegrotus
Euptoieta hegesia,Phoebis agarithe
Euptoieta hegesia,Polistes palmarum
Euptoieta hegesia,Pseudoleon superbus
Euptoieta hegesia,Urbanus dorantes
Euptoieta hegesia,Urbanus proteus
Euptoieta hegesia,Vanessa cardui
Hydroptila icona,Hyles lineata
Hydroptila icona,Leucotrichia limpia
Hydroptila icona,Leucotrichia mutica
Hydroptila icona,Leucotrichia sarita
Hydroptila icona,Neotrichia sepulga
Hydroptila icona,Ochrotrichia lucia
Hydroptila icona,Oxyethira arizona
Hydroptila icona,Oxyethira parce
Hydroptila icona,Pachylia syces
Hydroptila icona,Periplaneta americana
Hydroptila icona,Philolithus aegrotus
Hydroptila icona,Phoebis agarithe
Hydroptila icona,Polistes palmarum
Hydroptila icona,Pseudoleon superbus
Hydroptila icona,Urbanus dorantes
Hydroptila icona,Urbanus proteus
Hydroptila icona,Vanessa cardui
Hyles lineata,Leucotrichia limpia
Hyles lineata,Leucotrichia mutica
Hyles lineata,Leucotrichia sarita
Hyles lineata,Neotrichia sepulga
Hyles lineata,Ochrotrichia lucia
Hyles lineata,Oxyethira arizona
Hyles lineata,Oxyethira parce
Hyles lineata,Pachylia syces
Hyles lineata,Periplaneta americana
Hyles lineata,Philolithus aegrotus
Hyles lineata,Phoebis agarithe
Hyles lineata,Polistes palmarum
Hyles lineata,Pseudoleon superbus
Hyles lineata,Urbanus dorantes
Hyles lineata,Urbanus proteus
Hyles lineata,Vanessa cardui
Leucotrichia limpia,Leucotrichia mutica
Leucotrichia limpia,Leucotrichia sarita
Leucotrichia limpia,Neotrichia sepulga
Leucotrichia limpia,Ochrotrichia lucia
Leucotrichia limpia,Oxyethira arizona
Leucotrichia limpia,Oxyethira parce
Leucotrichia limpia,Pachylia syces
Leucotrichia limpia,Periplaneta americana
Leucotrichia limpia,Philolithus aegrotus
Leucotrichia limpia,Phoebis agarithe
Leucotrichia limpia,Polistes palmarum
Leucotrichia limpia,Pseudoleon superbus
Leucotrichia limpia,Urbanus dorantes
Leucotrichia limpia,Urbanus proteus
Leucotrichia limpia,Vanessa cardui
Leucotrichia mutica,Leucotrichia sarita
Leucotrichia mutica,Neotrichia sepulga
Leucotrichia mutica,Ochrotrichia lucia
Leucotrichia mutica,Oxyethira arizona
Leucotrichia mutica,Oxyethira parce
Leucotrichia mutica,Pachylia syces
Leucotrichia mutica,Periplaneta americana
Leucotrichia mutica,Philolithus aegrotus
Leucotrichia mutica,Phoebis agarithe
Leucotrichia mutica,Polistes palmarum
Leucotrichia mutica,Pseudoleon superbus
Leucotrichia mutica,Urbanus dorantes
Leucotrichia mutica,Urbanus proteus
Leucotrichia mutica,Vanessa cardui
Leucotrichia sarita,Neotrichia sepulga
Leucotrichia sarita,Ochrotrichia lucia
Leucotrichia sarita,Oxyethira arizona
Leucotrichia sarita,Oxyethira parce
Leucotrichia sarita,Pachylia syces
Leucotrichia sarita,Periplaneta americana
Leucotrichia sarita,Philolithus aegrotus
Leucotrichia sarita,Phoebis agarithe
Leucotrichia sarita,Polistes palmarum
Leucotrichia sarita,Pseudoleon superbus
Leucotrichia sarita,Urbanus dorantes
Leucotrichia sarita,Urbanus proteus
Leucotrichia sarita,Vanessa cardui
Neotrichia sepulga,Ochrotrichia lucia
Neotrichia sepulga,Oxyethira arizona
Neotrichia sepulga,Oxyethira parce
Neotrichia sepulga,Pachylia syces
Neotrichia sepulga,Periplaneta americana
Neotrichia sepulga,Philolithus aegrotus
Neotrichia sepulga,Phoebis agarithe
Neotrichia sepulga,Polistes palmarum
Neotrichia sepulga,Pseudoleon superbus
Neotrichia sepulga,Urbanus dorantes
Neotrichia sepulga,Urbanus proteus
Neotrichia sepulga,Vanessa cardui
Ochrotrichia lucia,Oxyethira arizona
Ochrotrichia lucia,Oxyethira parce
Ochrotrichia lucia,Pachylia syces
Ochrotrichia lucia,Periplaneta americana
Ochrotrichia lucia,Philolithus aegrotus
Ochrotrichia lucia,Phoebis agarithe
Ochrotrichia lucia,Polistes palmarum
Ochrotrichia lucia,Pseudoleon superbus
Ochrotrichia lucia,Urbanus dorantes
Ochrotrichia lucia,Urbanus proteus
Ochrotrichia lucia,Vanessa cardui
Oxyethira arizona,Oxyethira parce
Oxyethira arizona,Pachylia syces
Oxyethira arizona,Periplaneta americana
Oxyethira arizona,Philolithus aegrotus
Oxyethira arizona,Phoebis agarithe
Oxyethira arizona,Polistes palmarum
Oxyethira arizona,Pseudoleon superbus
Oxyethira arizona,Urbanus dorantes
Oxyethira arizona,Urbanus proteus
Oxyethira arizona,Vanessa cardui
Oxyethira parce,Pachylia syces
Oxyethira parce,Periplaneta americana
Oxyethira parce,Philolithus aegrotus
Oxyethira parce,Phoebis agarithe
Oxyethira parce,Polistes palmarum
Oxyethira parce,Pseudoleon superbus
Oxyethira parce,Urbanus dorantes
Oxyethira parce,Urbanus proteus
Oxyethira parce,Vanessa cardui
Pachylia syces,Periplaneta americana
Pachylia syces,Philolithus aegrotus
Pachylia syces,Phoebis agarithe
Pachylia syces,Polistes palmarum
Pachylia syces,Pseudoleon superbus
Pachylia syces,Urbanus dorantes
Pachylia syces,Urbanus proteus
Pachylia syces,Vanessa cardui
Periplaneta americana,Philolithus aegrotus
Periplaneta americana,Phoebis agarithe
Periplaneta americana,Polistes palmarum
Periplaneta americana,Pseudoleon superbus
Periplaneta americana,Urbanus dorantes
Periplaneta americana,Urbanus proteus
Periplaneta americana,Vanessa cardui
Philolithus aegrotus,Phoebis agarithe
Philolithus aegrotus,Polistes palmarum
Philolithus aegrotus,Pseudoleon superbus
Philolithus aegrotus,Urbanus dorantes
Philolithus aegrotus,Urbanus proteus
Philolithus aegrotus,Vanessa cardui
Phoebis agarithe,Polistes palmarum
Phoebis agarithe,Pseudoleon superbus
Phoebis agarithe,Urbanus dorantes
Phoebis agarithe,Urbanus proteus
Phoebis agarithe,Vanessa cardui
Polistes palmarum,Pseudoleon superbus
Polistes palmarum,Urbanus dorantes
Polistes palmarum,Urbanus proteus
Polistes palmarum,Vanessa cardui
Pseudoleon superbus,Urbanus dorantes
Pseudoleon superbus,Urbanus proteus
Pseudoleon superbus,Vanessa cardui
Urbanus dorantes,Urbanus proteus
Urbanus dorantes,Vanessa cardui
Urbanus proteus,Vanessa cardui
Hydroptila icona,Phylloicus aeneus
Anartia fatima,Cernotina laticula
Anartia fatima,Disonycha leptolineata
Anartia fatima,Tirumala petiverana
Anartia fatima,Trigona fulviventris
Cernotina laticula,Disonycha leptolineata
Cernotina laticula,Tirumala petiverana
Cernotina laticula,Trigona fulviventris
Disonycha leptolineata,Tirumala petiverana
Disonycha leptolineata,Trigona fulviventris
Tirumala petiverana,Trigona fulviventris
Anartia fatima,Antianthe expansa
Anartia fatima,Camponotus sericeiventris
Anartia fatima,Monomorium floricola
Anartia fatima,Siproeta stelenes
Anartia fatima,Smicridea varia
Antianthe expansa,Camponotus sericeiventris
Antianthe expansa,Monomorium floricola
Antianthe expansa,Siproeta stelenes
Antianthe expansa,Smicridea varia
Camponotus sericeiventris,Monomorium floricola
Camponotus sericeiventris,Siproeta stelenes
Camponotus sericeiventris,Smicridea varia
Monomorium floricola,Siproeta stelenes
Monomorium floricola,Smicridea varia
Siproeta stelenes,Smicridea varia
Apis mellifera,Danaus gilippus
Apis mellifera,Eurema mexicana
Apis mellifera,Pieris rapae
Apis mellifera,Pseudoleon superbus
Apis mellifera,Smicridea fasciatella
Danaus gilippus,Eurema mexicana
Danaus gilippus,Pieris rapae
Danaus gilippus,Pseudoleon superbus
Danaus gilippus,Smicridea fasciatella
Eurema mexicana,Pieris rapae
Eurema mexicana,Pseudoleon superbus
Eurema mexicana,Smicridea fasciatella
Pieris rapae,Pseudoleon superbus
Pieris rapae,Smicridea fasciatella
Pseudoleon superbus,Smicridea fasciatella
Anteos clorinde,Cyrtomius plicatus
Anteos clorinde,Danaus plexippus
Anteos clorinde,Dione juno
Anteos clorinde,Dione moneta
Anteos clorinde,Echinargus isola
Anteos clorinde,Eurema salome
Anteos clorinde,Graphocephala flavovittata
Anteos clorinde,Harmonia axyridis
Anteos clorinde,Leptophobia aripa
Anteos clorinde,Leptotes marina
Anteos clorinde,Naupactus cervinus
Anteos clorinde,Nicrophorus mexicanus
Anteos clorinde,Nymphalis antiopa
Anteos clorinde,Oncopeltus fasciatus
Anteos clorinde,Papilio multicaudata
Anteos clorinde,Schistocerca nitens
Anteos clorinde,Siproeta stelenes
Anteos clorinde,Sphenarium purpurascens
Anteos clorinde,Stenomacra marginella
Anteos clorinde,Strymon melinus
Anteos clorinde,Sympetrum illotum
Anteos clorinde,Syntechna tarasca
Anteos clorinde,Xylocopa tabaniformis
Cyrtomius plicatus,Danaus plexippus
Cyrtomius plicatus,Dione juno
Cyrtomius plicatus,Dione moneta
Cyrtomius plicatus,Echinargus isola
Cyrtomius plicatus,Eurema salome
Cyrtomius plicatus,Graphocephala flavovittata
Cyrtomius plicatus,Harmonia axyridis
Cyrtomius plicatus,Leptophobia aripa
Cyrtomius plicatus,Leptotes marina
Cyrtomius plicatus,Naupactus cervinus
Cyrtomius plicatus,Nicrophorus mexicanus
Cyrtomius plicatus,Nymphalis antiopa
Cyrtomius plicatus,Oncopeltus fasciatus
Cyrtomius plicatus,Papilio multicaudata
Cyrtomius plicatus,Schistocerca nitens
Cyrtomius plicatus,Siproeta stelenes
Cyrtomius plicatus,Sphenarium purpurascens
Cyrtomius plicatus,Stenomacra marginella
Cyrtomius plicatus,Strymon melinus
Cyrtomius plicatus,Sympetrum illotum
Cyrtomius plicatus,Syntechna tarasca
Cyrtomius plicatus,Xylocopa tabaniformis
Danaus plexippus,Dione juno
Danaus plexippus,Dione moneta
Danaus plexippus,Echinargus isola
Danaus plexippus,Eurema salome
Danaus plexippus,Graphocephala flavovittata
Danaus plexippus,Harmonia axyridis
Danaus plexippus,Leptophobia aripa
Danaus plexippus,Leptotes marina
Danaus plexippus,Naupactus cervinus
Danaus plexippus,Nicrophorus mexicanus
Danaus plexippus,Nymphalis antiopa
Danaus plexippus,Oncopeltus fasciatus
Danaus plexippus,Papilio multicaudata
Danaus plexippus,Schistocerca nitens
Danaus plexippus,Siproeta stelenes
Danaus plexippus,Sphenarium purpurascens
Danaus plexippus,Stenomacra marginella
Danaus plexippus,Strymon melinus
Danaus plexippus,Sympetrum illotum
Danaus plexippus,Syntechna tarasca
Danaus plexippus,Xylocopa tabaniformis
Dione juno,Dione moneta
Dione juno,Echinargus isola
Dione juno,Eurema salome
Dione juno,Graphocephala flavovittata
Dione juno,Harmonia axyridis
Dione juno,Leptophobia aripa
Dione juno,Leptotes marina
Dione juno,Naupactus cervinus
Dione juno,Nicrophorus mexicanus
Dione juno,Nymphalis antiopa
Dione juno,Oncopeltus fasciatus
Dione juno,Papilio multicaudata
Dione juno,Schistocerca nitens
Dione juno,Siproeta stelenes
Dione juno,Sphenarium purpurascens
Dione juno,Stenomacra marginella
Dione juno,Strymon melinus
Dione juno,Sympetrum illotum
Dione juno,Syntechna tarasca
Dione juno,Xylocopa tabaniformis
Dione moneta,Echinargus isola
Dione moneta,Eurema salome
Dione moneta,Graphocephala flavovittata
Dione moneta,Harmonia axyridis
Dione moneta,Leptophobia aripa
Dione moneta,Leptotes marina
Dione moneta,Naupactus cervinus
Dione moneta,Nicrophorus mexicanus
Dione moneta,Nymphalis antiopa
Dione moneta,Oncopeltus fasciatus
Dione moneta,Papilio multicaudata
Dione moneta,Schistocerca nitens
Dione moneta,Siproeta stelenes
Dione moneta,Sphenarium purpurascens
Dione moneta,Stenomacra marginella
Dione moneta,Strymon melinus
Dione moneta,Sympetrum illotum
Dione moneta,Syntechna tarasca
Dione moneta,Xylocopa tabaniformis
Echinargus isola,Eurema salome
Echinargus isola,Graphocephala flavovittata
Echinargus isola,Harmonia axyridis
Echinargus isola,Leptophobia aripa
Echinargus isola,Leptotes marina
Echinargus isola,Naupactus cervinus
Echinargus isola,Nicrophorus mexicanus
Echinargus isola,Nymphalis antiopa
Echinargus isola,Oncopeltus fasciatus
Echinargus isola,Papilio multicaudata
Echinargus isola,Schistocerca nitens
Echinargus isola,Siproeta stelenes
Echinargus isola,Sphenarium purpurascens
Echinargus isola,Stenomacra marginella
Echinargus isola,Strymon melinus
Echinargus isola,Sympetrum illotum
Echinargus isola,Syntechna tarasca
Echinargus isola,Xylocopa tabaniformis
Eurema salome,Graphocephala flavovittata
Eurema salome,Harmonia axyridis
Eurema salome,Leptophobia aripa
Eurema salome,Leptotes marina
Eurema salome,Naupactus cervinus
Eurema salome,Nicrophorus mexicanus
Eurema salome,Nymphalis antiopa
Eurema salome,Oncopeltus fasciatus
Eurema salome,Papilio multicaudata
Eurema salome,Schistocerca nitens
Eurema salome,Siproeta stelenes
Eurema salome,Sphenarium purpurascens
Eurema salome,Stenomacra marginella
Eurema salome,Strymon melinus
Eurema salome,Sympetrum illotum
Eurema salome,Syntechna tarasca
Eurema salome,Xylocopa tabaniformis
Graphocephala flavovittata,Harmonia axyridis
Graphocephala flavovittata,Leptophobia aripa
Graphocephala flavovittata,Leptotes marina
Graphocephala flavovittata,Naupactus cervinus
Graphocephala flavovittata,Nicrophorus mexicanus
Graphocephala flavovittata,Nymphalis antiopa
Graphocephala flavovittata,Oncopeltus fasciatus
Graphocephala flavovittata,Papilio multicaudata
Graphocephala flavovittata,Schistocerca nitens
Graphocephala flavovittata,Siproeta stelenes
Graphocephala flavovittata,Sphenarium purpurascens
Graphocephala flavovittata,Stenomacra marginella
Graphocephala flavovittata,Strymon melinus
Graphocephala flavovittata,Sympetrum illotum
Graphocephala flavovittata,Syntechna tarasca
Graphocephala flavovittata,Xylocopa tabaniformis
Harmonia axyridis,Leptophobia aripa
Harmonia axyridis,Leptotes marina
Harmonia axyridis,Naupactus cervinus
Harmonia axyridis,Nicrophorus mexicanus
Harmonia axyridis,Nymphalis antiopa
Harmonia axyridis,Oncopeltus fasciatus
Harmonia axyridis,Papilio multicaudata
Harmonia axyridis,Schistocerca nitens
Harmonia axyridis,Siproeta stelenes
Harmonia axyridis,Sphenarium purpurascens
Harmonia axyridis,Stenomacra marginella
Harmonia axyridis,Strymon melinus
Harmonia axyridis,Sympetrum illotum
Harmonia axyridis,Syntechna tarasca
Harmonia axyridis,Xylocopa tabaniformis
Leptophobia aripa,Leptotes marina
Leptophobia aripa,Naupactus cervinus
Leptophobia aripa,Nicrophorus mexicanus
Leptophobia aripa,Nymphalis antiopa
Leptophobia aripa,Oncopeltus fasciatus
Leptophobia aripa,Papilio multicaudata
Leptophobia aripa,Schistocerca nitens
Leptophobia aripa,Siproeta stelenes
Leptophobia aripa,Sphenarium purpurascens
Leptophobia aripa,Stenomacra marginella
Leptophobia aripa,Strymon melinus
Leptophobia aripa,Sympetrum illotum
Leptophobia aripa,Syntechna tarasca
Leptophobia aripa,Xylocopa tabaniformis
Leptotes marina,Naupactus cervinus
Leptotes marina,Nicrophorus mexicanus
Leptotes marina,Nymphalis antiopa
Leptotes marina,Oncopeltus fasciatus
Leptotes marina,Papilio multicaudata
Leptotes marina,Schistocerca nitens
Leptotes marina,Siproeta stelenes
Leptotes marina,Sphenarium purpurascens
Leptotes marina,Stenomacra marginella
Leptotes marina,Strymon melinus
Leptotes marina,Sympetrum illotum
Leptotes marina,Syntechna tarasca
Leptotes marina,Xylocopa tabaniformis
Naupactus cervinus,Nicrophorus mexicanus
Naupactus cervinus,Nymphalis antiopa
Naupactus cervinus,Oncopeltus fasciatus
Naupactus cervinus,Papilio multicaudata
Naupactus cervinus,Schistocerca nitens
Naupactus cervinus,Siproeta stelenes
Naupactus cervinus,Sphenarium purpurascens
Naupactus cervinus,Stenomacra marginella
Naupactus cervinus,Strymon melinus
Naupactus cervinus,Sympetrum illotum
Naupactus cervinus,Syntechna tarasca
Naupactus cervinus,Xylocopa tabaniformis
Nicrophorus mexicanus,Nymphalis antiopa
Nicrophorus mexicanus,Oncopeltus fasciatus
Nicrophorus mexicanus,Papilio multicaudata
Nicrophorus mexicanus,Schistocerca nitens
Nicrophorus mexicanus,Siproeta stelenes
Nicrophorus mexicanus,Sphenarium purpurascens
Nicrophorus mexicanus,Stenomacra marginella
Nicrophorus mexicanus,Strymon melinus
Nicrophorus mexicanus,Sympetrum illotum
Nicrophorus mexicanus,Syntechna tarasca
Nicrophorus mexicanus,Xylocopa tabaniformis
Nymphalis antiopa,Oncopeltus fasciatus
Nymphalis antiopa,Papilio multicaudata
Nymphalis antiopa,Schistocerca nitens
Nymphalis antiopa,Siproeta stelenes
Nymphalis antiopa,Sphenarium purpurascens
Nymphalis antiopa,Stenomacra marginella
Nymphalis antiopa,Strymon melinus
Nymphalis antiopa,Sympetrum illotum
Nymphalis antiopa,Syntechna tarasca
Nymphalis antiopa,Xylocopa tabaniformis
Oncopeltus fasciatus,Papilio multicaudata
Oncopeltus fasciatus,Schistocerca nitens
Oncopeltus fasciatus,Siproeta stelenes
Oncopeltus fasciatus,Sphenarium purpurascens
Oncopeltus fasciatus,Stenomacra marginella
Oncopeltus fasciatus,Strymon melinus
Oncopeltus fasciatus,Sympetrum illotum
Oncopeltus fasciatus,Syntechna tarasca
Oncopeltus fasciatus,Xylocopa tabaniformis
Papilio multicaudata,Schistocerca nitens
Papilio multicaudata,Siproeta stelenes
Papilio multicaudata,Sphenarium purpurascens
Papilio multicaudata,Stenomacra marginella
Papilio multicaudata,Strymon melinus
Papilio multicaudata,Sympetrum illotum
Papilio multicaudata,Syntechna tarasca
Papilio multicaudata,Xylocopa tabaniformis
Schistocerca nitens,Siproeta stelenes
Schistocerca nitens,Sphenarium purpurascens
Schistocerca nitens,Stenomacra marginella
Schistocerca nitens,Strymon melinus
Schistocerca nitens,Sympetrum illotum
Schistocerca nitens,Syntechna tarasca
Schistocerca nitens,Xylocopa tabaniformis
Siproeta stelenes,Sphenarium purpurascens
Siproeta stelenes,Stenomacra marginella
Siproeta stelenes,Strymon melinus
Siproeta stelenes,Sympetrum illotum
Siproeta stelenes,Syntechna tarasca
Siproeta stelenes,Xylocopa tabaniformis
Sphenarium purpurascens,Stenomacra marginella
Sphenarium purpurascens,Strymon melinus
Sphenarium purpurascens,Sympetrum illotum
Sphenarium purpurascens,Syntechna tarasca
Sphenarium purpurascens,Xylocopa tabaniformis
Stenomacra marginella,Strymon melinus
Stenomacra marginella,Sympetrum illotum
Stenomacra marginella,Syntechna tarasca
Stenomacra marginella,Xylocopa tabaniformis
Strymon melinus,Sympetrum illotum
Strymon melinus,Syntechna tarasca
Strymon melinus,Xylocopa tabaniformis
Sympetrum illotum,Syntechna tarasca
Sympetrum illotum,Xylocopa tabaniformis
Syntechna tarasca,Xylocopa tabaniformis
Apis mellifera,Battus philenor
Apis mellifera,Chlosyne ehrenbergii
Apis mellifera,Danaus plexippus
Apis mellifera,Dione moneta
Apis mellifera,Padaeus trivittatus
Apis mellifera,Polistes canadensis
Battus philenor,Chlosyne ehrenbergii
Battus philenor,Danaus plexippus
Battus philenor,Dione moneta
Battus philenor,Padaeus trivittatus
Battus philenor,Polistes canadensis
Chlosyne ehrenbergii,Danaus plexippus
Chlosyne ehrenbergii,Dione moneta
Chlosyne ehrenbergii,Padaeus trivittatus
Chlosyne ehrenbergii,Polistes canadensis
Danaus plexippus,Dione moneta
Danaus plexippus,Padaeus trivittatus
Danaus plexippus,Polistes canadensis
Dione moneta,Padaeus trivittatus
Dione moneta,Polistes canadensis
Padaeus trivittatus,Polistes canadensis
Battus polydamas,Callicista columella
Battus polydamas,Celaenorrhinus fritzgaertneri
Battus polydamas,Curvie emesia
Battus polydamas,Dryas iulia
Battus polydamas,Elkalyce comyntas
Battus polydamas,Emesis mandana
Battus polydamas,Emesis vulpina
Battus polydamas,Eulaema polychroma
Battus polydamas,Hamadryas februa
Battus polydamas,Heliconius erato
Battus polydamas,Hemiargus ceraunus
Battus polydamas,Leptotes cassius
Battus polydamas,Microtia elva
Battus polydamas,Morpho polyphemus
Battus polydamas,Nannotrigona perilampoides
Battus polydamas,Paiwarria umbratus
Battus polydamas,Pyrisitia nise
Battus polydamas,Smyrna blomfildia
Battus polydamas,Thecla rufofusca
Battus polydamas,Tmolus echion
Callicista columella,Celaenorrhinus fritzgaertneri
Callicista columella,Curvie emesia
Callicista columella,Dryas iulia
Callicista columella,Elkalyce comyntas
Callicista columella,Emesis mandana
Callicista columella,Emesis vulpina
Callicista columella,Eulaema polychroma
Callicista columella,Hamadryas februa
Callicista columella,Heliconius erato
Callicista columella,Hemiargus ceraunus
Callicista columella,Leptotes cassius
Callicista columella,Microtia elva
Callicista columella,Morpho polyphemus
Callicista columella,Nannotrigona perilampoides
Callicista columella,Paiwarria umbratus
Callicista columella,Pyrisitia nise
Callicista columella,Smyrna blomfildia
Callicista columella,Thecla rufofusca
Callicista columella,Tmolus echion
Celaenorrhinus fritzgaertneri,Curvie emesia
Celaenorrhinus fritzgaertneri,Dryas iulia
Celaenorrhinus fritzgaertneri,Elkalyce comyntas
Celaenorrhinus fritzgaertneri,Emesis mandana
Celaenorrhinus fritzgaertneri,Emesis vulpina
Celaenorrhinus fritzgaertneri,Eulaema polychroma
Celaenorrhinus fritzgaertneri,Hamadryas februa
Celaenorrhinus fritzgaertneri,Heliconius erato
Celaenorrhinus fritzgaertneri,Hemiargus ceraunus
Celaenorrhinus fritzgaertneri,Leptotes cassius
Celaenorrhinus fritzgaertneri,Microtia elva
Celaenorrhinus fritzgaertneri,Morpho polyphemus
Celaenorrhinus fritzgaertneri,Nannotrigona perilampoides
Celaenorrhinus fritzgaertneri,Paiwarria umbratus
Celaenorrhinus fritzgaertneri,Pyrisitia nise
Celaenorrhinus fritzgaertneri,Smyrna blomfildia
Celaenorrhinus fritzgaertneri,Thecla rufofusca
Celaenorrhinus fritzgaertneri,Tmolus echion
Curvie emesia,Dryas iulia
Curvie emesia,Elkalyce comyntas
Curvie emesia,Emesis mandana
Curvie emesia,Emesis vulpina
Curvie emesia,Eulaema polychroma
Curvie emesia,Hamadryas februa
Curvie emesia,Heliconius erato
Curvie emesia,Hemiargus ceraunus
Curvie emesia,Leptotes cassius
Curvie emesia,Microtia elva
Curvie emesia,Morpho polyphemus
Curvie emesia,Nannotrigona perilampoides
Curvie emesia,Paiwarria umbratus
Curvie emesia,Pyrisitia nise
Curvie emesia,Smyrna blomfildia
Curvie emesia,Thecla rufofusca
Curvie emesia,Tmolus echion
Dryas iulia,Elkalyce comyntas
Dryas iulia,Emesis mandana
Dryas iulia,Emesis vulpina
Dryas iulia,Eulaema polychroma
Dryas iulia,Hamadryas februa
Dryas iulia,Heliconius erato
Dryas iulia,Hemiargus ceraunus
Dryas iulia,Leptotes cassius
Dryas iulia,Microtia elva
Dryas iulia,Morpho polyphemus
Dryas iulia,Nannotrigona perilampoides
Dryas iulia,Paiwarria umbratus
Dryas iulia,Pyrisitia nise
Dryas iulia,Smyrna blomfildia
Dryas iulia,Thecla rufofusca
Dryas iulia,Tmolus echion
Elkalyce comyntas,Emesis mandana
Elkalyce comyntas,Emesis vulpina
Elkalyce comyntas,Eulaema polychroma
Elkalyce comyntas,Hamadryas februa
Elkalyce comyntas,Heliconius erato
Elkalyce comyntas,Hemiargus ceraunus
Elkalyce comyntas,Leptotes cassius
Elkalyce comyntas,Microtia elva
Elkalyce comyntas,Morpho polyphemus
Elkalyce comyntas,Nannotrigona perilampoides
Elkalyce comyntas,Paiwarria umbratus
Elkalyce comyntas,Pyrisitia nise
Elkalyce comyntas,Smyrna blomfildia
Elkalyce comyntas,Thecla rufofusca
Elkalyce comyntas,Tmolus echion
Emesis mandana,Emesis vulpina
Emesis mandana,Eulaema polychroma
Emesis mandana,Hamadryas februa
Emesis mandana,Heliconius erato
Emesis mandana,Hemiargus ceraunus
Emesis mandana,Leptotes cassius
Emesis mandana,Microtia elva
Emesis mandana,Morpho polyphemus
Emesis mandana,Nannotrigona perilampoides
Emesis mandana,Paiwarria umbratus
Emesis mandana,Pyrisitia nise
Emesis mandana,Smyrna blomfildia
Emesis mandana,Thecla rufofusca
Emesis mandana,Tmolus echion
Emesis vulpina,Eulaema polychroma
Emesis vulpina,Hamadryas februa
Emesis vulpina,Heliconius erato
Emesis vulpina,Hemiargus ceraunus
Emesis vulpina,Leptotes cassius
Emesis vulpina,Microtia elva
Emesis vulpina,Morpho polyphemus
Emesis vulpina,Nannotrigona perilampoides
Emesis vulpina,Paiwarria umbratus
Emesis vulpina,Pyrisitia nise
Emesis vulpina,Smyrna blomfildia
Emesis vulpina,Thecla rufofusca
Emesis vulpina,Tmolus echion
Eulaema polychroma,Hamadryas februa
Eulaema polychroma,Heliconius erato
Eulaema polychroma,Hemiargus ceraunus
Eulaema polychroma,Leptotes cassius
Eulaema polychroma,Microtia elva
Eulaema polychroma,Morpho polyphemus
Eulaema polychroma,Nannotrigona perilampoides
Eulaema polychroma,Paiwarria umbratus
Eulaema polychroma,Pyrisitia nise
Eulaema polychroma,Smyrna blomfildia
Eulaema polychroma,Thecla rufofusca
Eulaema polychroma,Tmolus echion
Hamadryas februa,Heliconius erato
Hamadryas februa,Hemiargus ceraunus
Hamadryas februa,Leptotes cassius
Hamadryas februa,Microtia elva
Hamadryas februa,Morpho polyphemus
Hamadryas februa,Nannotrigona perilampoides
Hamadryas februa,Paiwarria umbratus
Hamadryas februa,Pyrisitia nise
Hamadryas februa,Smyrna blomfildia
Hamadryas februa,Thecla rufofusca
Hamadryas februa,Tmolus echion
Heliconius erato,Hemiargus ceraunus
Heliconius erato,Leptotes cassius
Heliconius erato,Microtia elva
Heliconius erato,Morpho polyphemus
Heliconius erato,Nannotrigona perilampoides
Heliconius erato,Paiwarria umbratus
Heliconius erato,Pyrisitia nise
Heliconius erato,Smyrna blomfildia
Heliconius erato,Thecla rufofusca
Heliconius erato,Tmolus echion
Hemiargus ceraunus,Leptotes cassius
Hemiargus ceraunus,Microtia elva
Hemiargus ceraunus,Morpho polyphemus
Hemiargus ceraunus,Nannotrigona perilampoides
Hemiargus ceraunus,Paiwarria umbratus
Hemiargus ceraunus,Pyrisitia nise
Hemiargus ceraunus,Smyrna blomfildia
Hemiargus ceraunus,Thecla rufofusca
Hemiargus ceraunus,Tmolus echion
Leptotes cassius,Microtia elva
Leptotes cassius,Morpho polyphemus
Leptotes cassius,Nannotrigona perilampoides
Leptotes cassius,Paiwarria umbratus
Leptotes cassius,Pyrisitia nise
Leptotes cassius,Smyrna blomfildia
Leptotes cassius,Thecla rufofusca
Leptotes cassius,Tmolus echion
Microtia elva,Morpho polyphemus
Microtia elva,Nannotrigona perilampoides
Microtia elva,Paiwarria umbratus
Microtia elva,Pyrisitia nise
Microtia elva,Smyrna blomfildia
Microtia elva,Thecla rufofusca
Microtia elva,Tmolus echion
Morpho polyphemus,Nannotrigona perilampoides
Morpho polyphemus,Paiwarria umbratus
Morpho polyphemus,Pyrisitia nise
Morpho polyphemus,Smyrna blomfildia
Morpho polyphemus,Thecla rufofusca
Morpho polyphemus,Tmolus echion
Nannotrigona perilampoides,Paiwarria umbratus
Nannotrigona perilampoides,Pyrisitia nise
Nannotrigona perilampoides,Smyrna blomfildia
Nannotrigona perilampoides,Thecla rufofusca
Nannotrigona perilampoides,Tmolus echion
Paiwarria umbratus,Pyrisitia nise
Paiwarria umbratus,Smyrna blomfildia
Paiwarria umbratus,Thecla rufofusca
Paiwarria umbratus,Tmolus echion
Pyrisitia nise,Smyrna blomfildia
Pyrisitia nise,Thecla rufofusca
Pyrisitia nise,Tmolus echion
Smyrna blomfildia,Thecla rufofusca
Smyrna blomfildia,Tmolus echion
Thecla rufofusca,Tmolus echion
Atopsyche aplita,Hamadryas guatemalena
Atopsyche aplita,Harmonia axyridis
Atopsyche aplita,Lepidostoma aztecum
Atopsyche aplita,Lepidostoma frontale
Atopsyche aplita,Oecetis disjuncta
Atopsyche aplita,Oecetis marquesi
Atopsyche aplita,Papilio multicaudata
Atopsyche aplita,Phylloicus aeneus
Atopsyche aplita,Polistes veracrucis
Atopsyche aplita,Polycentropus arizonensis
Atopsyche aplita,Polycentropus aztecus
Atopsyche aplita,Polycentropus mexicanus
Atopsyche aplita,Rhynchophorus palmarum
Hamadryas guatemalena,Harmonia axyridis
Hamadryas guatemalena,Lepidostoma aztecum
Hamadryas guatemalena,Lepidostoma frontale
Hamadryas guatemalena,Oecetis disjuncta
Hamadryas guatemalena,Oecetis marquesi
Hamadryas guatemalena,Papilio multicaudata
Hamadryas guatemalena,Phylloicus aeneus
Hamadryas guatemalena,Polistes veracrucis
Hamadryas guatemalena,Polycentropus arizonensis
Hamadryas guatemalena,Polycentropus aztecus
Hamadryas guatemalena,Polycentropus mexicanus
Hamadryas guatemalena,Rhynchophorus palmarum
Harmonia axyridis,Lepidostoma aztecum
Harmonia axyridis,Lepidostoma frontale
Harmonia axyridis,Oecetis disjuncta
Harmonia axyridis,Oecetis marquesi
Harmonia axyridis,Papilio multicaudata
Harmonia axyridis,Phylloicus aeneus
Harmonia axyridis,Polistes veracrucis
Harmonia axyridis,Polycentropus arizonensis
Harmonia axyridis,Polycentropus aztecus
Harmonia axyridis,Polycentropus mexicanus
Harmonia axyridis,Rhynchophorus palmarum
Lepidostoma aztecum,Lepidostoma frontale
Lepidostoma aztecum,Oecetis disjuncta
Lepidostoma aztecum,Oecetis marquesi
Lepidostoma aztecum,Papilio multicaudata
Lepidostoma aztecum,Phylloicus aeneus
Lepidostoma aztecum,Polistes veracrucis
Lepidostoma aztecum,Polycentropus arizonensis
Lepidostoma aztecum,Polycentropus aztecus
Lepidostoma aztecum,Polycentropus mexicanus
Lepidostoma aztecum,Rhynchophorus palmarum
Lepidostoma frontale,Oecetis disjuncta
Lepidostoma frontale,Oecetis marquesi
Lepidostoma frontale,Papilio multicaudata
Lepidostoma frontale,Phylloicus aeneus
Lepidostoma frontale,Polistes veracrucis
Lepidostoma frontale,Polycentropus arizonensis
Lepidostoma frontale,Polycentropus aztecus
Lepidostoma frontale,Polycentropus mexicanus
Lepidostoma frontale,Rhynchophorus palmarum
Oecetis disjuncta,Oecetis marquesi
Oecetis disjuncta,Papilio multicaudata
Oecetis disjuncta,Phylloicus aeneus
Oecetis disjuncta,Polistes veracrucis
Oecetis disjuncta,Polycentropus arizonensis
Oecetis disjuncta,Polycentropus aztecus
Oecetis disjuncta,Polycentropus mexicanus
Oecetis disjuncta,Rhynchophorus palmarum
Oecetis marquesi,Papilio multicaudata
Oecetis marquesi,Phylloicus aeneus
Oecetis marquesi,Polistes veracrucis
Oecetis marquesi,Polycentropus arizonensis
Oecetis marquesi,Polycentropus aztecus
Oecetis marquesi,Polycentropus mexicanus
Oecetis marquesi,Rhynchophorus palmarum
Papilio multicaudata,Phylloicus aeneus
Papilio multicaudata,Polistes veracrucis
Papilio multicaudata,Polycentropus arizonensis
Papilio multicaudata,Polycentropus aztecus
Papilio multicaudata,Polycentropus mexicanus
Papilio multicaudata,Rhynchophorus palmarum
Phylloicus aeneus,Polistes veracrucis
Phylloicus aeneus,Polycentropus arizonensis
Phylloicus aeneus,Polycentropus aztecus
Phylloicus aeneus,Polycentropus mexicanus
Phylloicus aeneus,Rhynchophorus palmarum
Polistes veracrucis,Polycentropus arizonensis
Polistes veracrucis,Polycentropus aztecus
Polistes veracrucis,Polycentropus mexicanus
Polistes veracrucis,Rhynchophorus palmarum
Polycentropus arizonensis,Polycentropus aztecus
Polycentropus arizonensis,Polycentropus mexicanus
Polycentropus arizonensis,Rhynchophorus palmarum
Polycentropus aztecus,Polycentropus mexicanus
Polycentropus aztecus,Rhynchophorus palmarum
Polycentropus mexicanus,Rhynchophorus palmarum
Anartia fatima,Anthanassa tulcis
Anartia fatima,Argia anceps
Anartia fatima,Astraptes alector
Anartia fatima,Atta mexicana
Anartia fatima,Bombus ephippiatus
Anartia fatima,Camponotus planatus
Anartia fatima,Chimarra laguna
Anartia fatima,Colobura dirce
Anartia fatima,Danaus plexippus
Anartia fatima,Dielis tolteca
Anartia fatima,Dismorphia amphione
Anartia fatima,Erinnyis ello
Anartia fatima,Heliconius charithonia
Anartia fatima,Manataria maculata
Anartia fatima,Melanis pixe
Anartia fatima,Pachylis nervosus
Anartia fatima,Phoebis sennae
Anartia fatima,Phylloicus aeneus
Anartia fatima,Polistes instabilis
Anartia fatima,Pyrgocorypha uncinata
Anartia fatima,Supella longipalpa
Anartia fatima,Umbonia crassicornis
Anthanassa tulcis,Argia anceps
Anthanassa tulcis,Astraptes alector
Anthanassa tulcis,Atta mexicana
Anthanassa tulcis,Bombus ephippiatus
Anthanassa tulcis,Camponotus planatus
Anthanassa tulcis,Chimarra laguna
Anthanassa tulcis,Colobura dirce
Anthanassa tulcis,Danaus plexippus
Anthanassa tulcis,Dielis tolteca
Anthanassa tulcis,Dismorphia amphione
Anthanassa tulcis,Erinnyis ello
Anthanassa tulcis,Heliconius charithonia
Anthanassa tulcis,Manataria maculata
Anthanassa tulcis,Melanis pixe
Anthanassa tulcis,Pachylis nervosus
Anthanassa tulcis,Phoebis sennae
Anthanassa tulcis,Phylloicus aeneus
Anthanassa tulcis,Polistes instabilis
Anthanassa tulcis,Pyrgocorypha uncinata
Anthanassa tulcis,Supella longipalpa
Anthanassa tulcis,Umbonia crassicornis
Argia anceps,Astraptes alector
Argia anceps,Atta mexicana
Argia anceps,Bombus ephippiatus
Argia anceps,Camponotus planatus
Argia anceps,Chimarra laguna
Argia anceps,Colobura dirce
Argia anceps,Danaus plexippus
Argia anceps,Dielis tolteca
Argia anceps,Dismorphia amphione
Argia anceps,Erinnyis ello
Argia anceps,Heliconius charithonia
Argia anceps,Manataria maculata
Argia anceps,Melanis pixe
Argia anceps,Pachylis nervosus
Argia anceps,Phoebis sennae
Argia anceps,Phylloicus aeneus
Argia anceps,Polistes instabilis
Argia anceps,Pyrgocorypha uncinata
Argia anceps,Supella longipalpa
Argia anceps,Umbonia crassicornis
Astraptes alector,Atta mexicana
Astraptes alector,Bombus ephippiatus
Astraptes alector,Camponotus planatus
Astraptes alector,Chimarra laguna
Astraptes alector,Colobura dirce
Astraptes alector,Danaus plexippus
Astraptes alector,Dielis tolteca
Astraptes alector,Dismorphia amphione
Astraptes alector,Erinnyis ello
Astraptes alector,Heliconius charithonia
Astraptes alector,Manataria maculata
Astraptes alector,Melanis pixe
Astraptes alector,Pachylis nervosus
Astraptes alector,Phoebis sennae
Astraptes alector,Phylloicus aeneus
Astraptes alector,Polistes instabilis
Astraptes alector,Pyrgocorypha uncinata
Astraptes alector,Supella longipalpa
Astraptes alector,Umbonia crassicornis
Atta mexicana,Bombus ephippiatus
Atta mexicana,Camponotus planatus
Atta mexicana,Chimarra laguna
Atta mexicana,Colobura dirce
Atta mexicana,Danaus plexippus
Atta mexicana,Dielis tolteca
Atta mexicana,Dismorphia amphione
Atta mexicana,Erinnyis ello
Atta mexicana,Heliconius charithonia
Atta mexicana,Manataria maculata
Atta mexicana,Melanis pixe
Atta mexicana,Pachylis nervosus
Atta mexicana,Phoebis sennae
Atta mexicana,Phylloicus aeneus
Atta mexicana,Polistes instabilis
Atta mexicana,Pyrgocorypha uncinata
Atta mexicana,Supella longipalpa
Atta mexicana,Umbonia crassicornis
Bombus ephippiatus,Camponotus planatus
Bombus ephippiatus,Chimarra laguna
Bombus ephippiatus,Colobura dirce
Bombus ephippiatus,Danaus plexippus
Bombus ephippiatus,Dielis tolteca
Bombus ephippiatus,Dismorphia amphione
Bombus ephippiatus,Erinnyis ello
Bombus ephippiatus,Heliconius charithonia
Bombus ephippiatus,Manataria maculata
Bombus ephippiatus,Melanis pixe
Bombus ephippiatus,Pachylis nervosus
Bombus ephippiatus,Phoebis sennae
Bombus ephippiatus,Phylloicus aeneus
Bombus ephippiatus,Polistes instabilis
Bombus ephippiatus,Pyrgocorypha uncinata
Bombus ephippiatus,Supella longipalpa
Bombus ephippiatus,Umbonia crassicornis
Camponotus planatus,Chimarra laguna
Camponotus planatus,Colobura dirce
Camponotus planatus,Danaus plexippus
Camponotus planatus,Dielis tolteca
Camponotus planatus,Dismorphia amphione
Camponotus planatus,Erinnyis ello
Camponotus planatus,Heliconius charithonia
Camponotus planatus,Manataria maculata
Camponotus planatus,Melanis pixe
Camponotus planatus,Pachylis nervosus
Camponotus planatus,Phoebis sennae
Camponotus planatus,Phylloicus aeneus
Camponotus planatus,Polistes instabilis
Camponotus planatus,Pyrgocorypha uncinata
Camponotus planatus,Supella longipalpa
Camponotus planatus,Umbonia crassicornis
Chimarra laguna,Colobura dirce
Chimarra laguna,Danaus plexippus
Chimarra laguna,Dielis tolteca
Chimarra laguna,Dismorphia amphione
Chimarra laguna,Erinnyis ello
Chimarra laguna,Heliconius charithonia
Chimarra laguna,Manataria maculata
Chimarra laguna,Melanis pixe
Chimarra laguna,Pachylis nervosus
Chimarra laguna,Phoebis sennae
Chimarra laguna,Phylloicus aeneus
Chimarra laguna,Polistes instabilis
Chimarra laguna,Pyrgocorypha uncinata
Chimarra laguna,Supella longipalpa
Chimarra laguna,Umbonia crassicornis
Colobura dirce,Danaus plexippus
Colobura dirce,Dielis tolteca
Colobura dirce,Dismorphia amphione
Colobura dirce,Erinnyis ello
Colobura dirce,Heliconius charithonia
Colobura dirce,Manataria maculata
Colobura dirce,Melanis pixe
Colobura dirce,Pachylis nervosus
Colobura dirce,Phoebis sennae
Colobura dirce,Phylloicus aeneus
Colobura dirce,Polistes instabilis
Colobura dirce,Pyrgocorypha uncinata
Colobura dirce,Supella longipalpa
Colobura dirce,Umbonia crassicornis
Danaus plexippus,Dielis tolteca
Danaus plexippus,Dismorphia amphione
Danaus plexippus,Erinnyis ello
Danaus plexippus,Heliconius charithonia
Danaus plexippus,Manataria maculata
Danaus plexippus,Melanis pixe
Danaus plexippus,Pachylis nervosus
Danaus plexippus,Phoebis sennae
Danaus plexippus,Phylloicus aeneus
Danaus plexippus,Polistes instabilis
Danaus plexippus,Pyrgocorypha uncinata
Danaus plexippus,Supella longipalpa
Danaus plexippus,Umbonia crassicornis
Dielis tolteca,Dismorphia amphione
Dielis tolteca,Erinnyis ello
Dielis tolteca,Heliconius charithonia
Dielis tolteca,Manataria maculata
Dielis tolteca,Melanis pixe
Dielis tolteca,Pachylis nervosus
Dielis tolteca,Phoebis sennae
Dielis tolteca,Phylloicus aeneus
Dielis tolteca,Polistes instabilis
Dielis tolteca,Pyrgocorypha uncinata
Dielis tolteca,Supella longipalpa
Dielis tolteca,Umbonia crassicornis
Dismorphia amphione,Erinnyis ello
Dismorphia amphione,Heliconius charithonia
Dismorphia amphione,Manataria maculata
Dismorphia amphione,Melanis pixe
Dismorphia amphione,Pachylis nervosus
Dismorphia amphione,Phoebis sennae
Dismorphia amphione,Phylloicus aeneus
Dismorphia amphione,Polistes instabilis
Dismorphia amphione,Pyrgocorypha uncinata
Dismorphia amphione,Supella longipalpa
Dismorphia amphione,Umbonia crassicornis
Erinnyis ello,Heliconius charithonia
Erinnyis ello,Manataria maculata
Erinnyis ello,Melanis pixe
Erinnyis ello,Pachylis nervosus
Erinnyis ello,Phoebis sennae
Erinnyis ello,Phylloicus aeneus
Erinnyis ello,Polistes instabilis
Erinnyis ello,Pyrgocorypha uncinata
Erinnyis ello,Supella longipalpa
Erinnyis ello,Umbonia crassicornis
Heliconius charithonia,Manataria maculata
Heliconius charithonia,Melanis pixe
Heliconius charithonia,Pachylis nervosus
Heliconius charithonia,Phoebis sennae
Heliconius charithonia,Phylloicus aeneus
Heliconius charithonia,Polistes instabilis
Heliconius charithonia,Pyrgocorypha uncinata
Heliconius charithonia,Supella longipalpa
Heliconius charithonia,Umbonia crassicornis
Manataria maculata,Melanis pixe
Manataria maculata,Pachylis nervosus
Manataria maculata,Phoebis sennae
Manataria maculata,Phylloicus aeneus
Manataria maculata,Polistes instabilis
Manataria maculata,Pyrgocorypha uncinata
Manataria maculata,Supella longipalpa
Manataria maculata,Umbonia crassicornis
Melanis pixe,Pachylis nervosus
Melanis pixe,Phoebis sennae
Melanis pixe,Phylloicus aeneus
Melanis pixe,Polistes instabilis
Melanis pixe,Pyrgocorypha uncinata
Melanis pixe,Supella longipalpa
Melanis pixe,Umbonia crassicornis
Pachylis nervosus,Phoebis sennae
Pachylis nervosus,Phylloicus aeneus
Pachylis nervosus,Polistes instabilis
Pachylis nervosus,Pyrgocorypha uncinata
Pachylis nervosus,Supella longipalpa
Pachylis nervosus,Umbonia crassicornis
Phoebis sennae,Phylloicus aeneus
Phoebis sennae,Polistes instabilis
Phoebis sennae,Pyrgocorypha uncinata
Phoebis sennae,Supella longipalpa
Phoebis sennae,Umbonia crassicornis
Phylloicus aeneus,Polistes instabilis
Phylloicus aeneus,Pyrgocorypha uncinata
Phylloicus aeneus,Supella longipalpa
Phylloicus aeneus,Umbonia crassicornis
Polistes instabilis,Pyrgocorypha uncinata
Polistes instabilis,Supella longipalpa
Polistes instabilis,Umbonia crassicornis
Pyrgocorypha uncinata,Supella longipalpa
Pyrgocorypha uncinata,Umbonia crassicornis
Supella longipalpa,Umbonia crassicornis
Cheumatopsyche gelita,Mexipsyche toschiae
Cheumatopsyche gelita,Mortoniella meralda
Cheumatopsyche gelita,Polycentropus aztecus
Cheumatopsyche gelita,Polycentropus mexicanus
Mexipsyche toschiae,Mortoniella meralda
Mexipsyche toschiae,Polycentropus aztecus
Mexipsyche toschiae,Polycentropus mexicanus
Mortoniella meralda,Polycentropus aztecus
Mortoniella meralda,Polycentropus mexicanus
Polycentropus aztecus,Polycentropus mexicanus
Anaea aidea,Anthanassa texana
Anaea aidea,Apis mellifera
Anaea aidea,Astraptes anaphus
Anaea aidea,Atta mexicana
Anaea aidea,Chioides catillus
Anaea aidea,Chlosyne ehrenbergii
Anaea aidea,Chrysina adelaida
Anaea aidea,Danaus plexippus
Anaea aidea,Dione juno
Anaea aidea,Dione moneta
Anaea aidea,Icerya purchasi
Anaea aidea,Leptotes marina
Anaea aidea,Pachylia syces
Anaea aidea,Phoebis sennae
Anaea aidea,Polistes canadensis
Anaea aidea,Polistes major
Anaea aidea,Zerene cesonia
Anthanassa texana,Apis mellifera
Anthanassa texana,Astraptes anaphus
Anthanassa texana,Atta mexicana
Anthanassa texana,Chioides catillus
Anthanassa texana,Chlosyne ehrenbergii
Anthanassa texana,Chrysina adelaida
Anthanassa texana,Danaus plexippus
Anthanassa texana,Dione juno
Anthanassa texana,Dione moneta
Anthanassa texana,Icerya purchasi
Anthanassa texana,Leptotes marina
Anthanassa texana,Pachylia syces
Anthanassa texana,Phoebis sennae
Anthanassa texana,Polistes canadensis
Anthanassa texana,Polistes major
Anthanassa texana,Zerene cesonia
Apis mellifera,Astraptes anaphus
Apis mellifera,Atta mexicana
Apis mellifera,Chioides catillus
Apis mellifera,Chlosyne ehrenbergii
Apis mellifera,Chrysina adelaida
Apis mellifera,Danaus plexippus
Apis mellifera,Dione juno
Apis mellifera,Dione moneta
Apis mellifera,Icerya purchasi
Apis mellifera,Leptotes marina
Apis mellifera,Pachylia syces
Apis mellifera,Phoebis sennae
Apis mellifera,Polistes canadensis
Apis mellifera,Polistes major
Apis mellifera,Zerene cesonia
Astraptes anaphus,Atta mexicana
Astraptes anaphus,Chioides catillus
Astraptes anaphus,Chlosyne ehrenbergii
Astraptes anaphus,Chrysina adelaida
Astraptes anaphus,Danaus plexippus
Astraptes anaphus,Dione juno
Astraptes anaphus,Dione moneta
Astraptes anaphus,Icerya purchasi
Astraptes anaphus,Leptotes marina
Astraptes anaphus,Pachylia syces
Astraptes anaphus,Phoebis sennae
Astraptes anaphus,Polistes canadensis
Astraptes anaphus,Polistes major
Astraptes anaphus,Zerene cesonia
Atta mexicana,Chioides catillus
Atta mexicana,Chlosyne ehrenbergii
Atta mexicana,Chrysina adelaida
Atta mexicana,Danaus plexippus
Atta mexicana,Dione juno
Atta mexicana,Dione moneta
Atta mexicana,Icerya purchasi
Atta mexicana,Leptotes marina
Atta mexicana,Pachylia syces
Atta mexicana,Phoebis sennae
Atta mexicana,Polistes canadensis
Atta mexicana,Polistes major
Atta mexicana,Zerene cesonia
Chioides catillus,Chlosyne ehrenbergii
Chioides catillus,Chrysina adelaida
Chioides catillus,Danaus plexippus
Chioides catillus,Dione juno
Chioides catillus,Dione moneta
Chioides catillus,Icerya purchasi
Chioides catillus,Leptotes marina
Chioides catillus,Pachylia syces
Chioides catillus,Phoebis sennae
Chioides catillus,Polistes canadensis
Chioides catillus,Polistes major
Chioides catillus,Zerene cesonia
Chlosyne ehrenbergii,Chrysina adelaida
Chlosyne ehrenbergii,Danaus plexippus
Chlosyne ehrenbergii,Dione juno
Chlosyne ehrenbergii,Dione moneta
Chlosyne ehrenbergii,Icerya purchasi
Chlosyne ehrenbergii,Leptotes marina
Chlosyne ehrenbergii,Pachylia syces
Chlosyne ehrenbergii,Phoebis sennae
Chlosyne ehrenbergii,Polistes canadensis
Chlosyne ehrenbergii,Polistes major
Chlosyne ehrenbergii,Zerene cesonia
Chrysina adelaida,Danaus plexippus
Chrysina adelaida,Dione juno
Chrysina adelaida,Dione moneta
Chrysina adelaida,Icerya purchasi
Chrysina adelaida,Leptotes marina
Chrysina adelaida,Pachylia syces
Chrysina adelaida,Phoebis sennae
Chrysina adelaida,Polistes canadensis
Chrysina adelaida,Polistes major
Chrysina adelaida,Zerene cesonia
Danaus plexippus,Dione juno
Danaus plexippus,Dione moneta
Danaus plexippus,Icerya purchasi
Danaus plexippus,Leptotes marina
Danaus plexippus,Pachylia syces
Danaus plexippus,Phoebis sennae
Danaus plexippus,Polistes canadensis
Danaus plexippus,Polistes major
Danaus plexippus,Zerene cesonia
Dione juno,Dione moneta
Dione juno,Icerya purchasi
Dione juno,Leptotes marina
Dione juno,Pachylia syces
Dione juno,Phoebis sennae
Dione juno,Polistes canadensis
Dione juno,Polistes major
Dione juno,Zerene cesonia
Dione moneta,Icerya purchasi
Dione moneta,Leptotes marina
Dione moneta,Pachylia syces
Dione moneta,Phoebis sennae
Dione moneta,Polistes canadensis
Dione moneta,Polistes major
Dione moneta,Zerene cesonia
Icerya purchasi,Leptotes marina
Icerya purchasi,Pachylia syces
Icerya purchasi,Phoebis sennae
Icerya purchasi,Polistes canadensis
Icerya purchasi,Polistes major
Icerya purchasi,Zerene cesonia
Leptotes marina,Pachylia syces
Leptotes marina,Phoebis sennae
Leptotes marina,Polistes canadensis
Leptotes marina,Polistes major
Leptotes marina,Zerene cesonia
Pachylia syces,Phoebis sennae
Pachylia syces,Polistes canadensis
Pachylia syces,Polistes major
Pachylia syces,Zerene cesonia
Phoebis sennae,Polistes canadensis
Phoebis sennae,Polistes major
Phoebis sennae,Zerene cesonia
Polistes canadensis,Polistes major
Polistes canadensis,Zerene cesonia
Polistes major,Zerene cesonia
Acanthocephala alata,Agelaia centralis
Acanthocephala alata,Anartia fatima
Acanthocephala alata,Apis mellifera
Acanthocephala alata,Atta mexicana
Acanthocephala alata,Chlorocoris distinctus
Acanthocephala alata,Doxocopa laure
Acanthocephala alata,Dysdercus mimulus
Acanthocephala alata,Leptotes theonus
Acanthocephala alata,Marpesia petreus
Acanthocephala alata,Morpho polyphemus
Acanthocephala alata,Myscelia cyananthe
Acanthocephala alata,Perichares philetes
Acanthocephala alata,Polistes carnifex
Acanthocephala alata,Stilpnochlora azteca
Acanthocephala alata,Thecla sarita
Agelaia centralis,Anartia fatima
Agelaia centralis,Apis mellifera
Agelaia centralis,Atta mexicana
Agelaia centralis,Chlorocoris distinctus
Agelaia centralis,Doxocopa laure
Agelaia centralis,Dysdercus mimulus
Agelaia centralis,Leptotes theonus
Agelaia centralis,Marpesia petreus
Agelaia centralis,Morpho polyphemus
Agelaia centralis,Myscelia cyananthe
Agelaia centralis,Perichares philetes
Agelaia centralis,Polistes carnifex
Agelaia centralis,Stilpnochlora azteca
Agelaia centralis,Thecla sarita
Anartia fatima,Apis mellifera
Anartia fatima,Atta mexicana
Anartia fatima,Chlorocoris distinctus
Anartia fatima,Doxocopa laure
Anartia fatima,Dysdercus mimulus
Anartia fatima,Leptotes theonus
Anartia fatima,Marpesia petreus
Anartia fatima,Morpho polyphemus
Anartia fatima,Myscelia cyananthe
Anartia fatima,Perichares philetes
Anartia fatima,Polistes carnifex
Anartia fatima,Stilpnochlora azteca
Anartia fatima,Thecla sarita
Apis mellifera,Atta mexicana
Apis mellifera,Chlorocoris distinctus
Apis mellifera,Doxocopa laure
Apis mellifera,Dysdercus mimulus
Apis mellifera,Leptotes theonus
Apis mellifera,Marpesia petreus
Apis mellifera,Morpho polyphemus
Apis mellifera,Myscelia cyananthe
Apis mellifera,Perichares philetes
Apis mellifera,Polistes carnifex
Apis mellifera,Stilpnochlora azteca
Apis mellifera,Thecla sarita
Atta mexicana,Chlorocoris distinctus
Atta mexicana,Doxocopa laure
Atta mexicana,Dysdercus mimulus
Atta mexicana,Leptotes theonus
Atta mexicana,Marpesia petreus
Atta mexicana,Morpho polyphemus
Atta mexicana,Myscelia cyananthe
Atta mexicana,Perichares philetes
Atta mexicana,Polistes carnifex
Atta mexicana,Stilpnochlora azteca
Atta mexicana,Thecla sarita
Chlorocoris distinctus,Doxocopa laure
Chlorocoris distinctus,Dysdercus mimulus
Chlorocoris distinctus,Leptotes theonus
Chlorocoris distinctus,Marpesia petreus
Chlorocoris distinctus,Morpho polyphemus
Chlorocoris distinctus,Myscelia cyananthe
Chlorocoris distinctus,Perichares philetes
Chlorocoris distinctus,Polistes carnifex
Chlorocoris distinctus,Stilpnochlora azteca
Chlorocoris distinctus,Thecla sarita
Doxocopa laure,Dysdercus mimulus
Doxocopa laure,Leptotes theonus
Doxocopa laure,Marpesia petreus
Doxocopa laure,Morpho polyphemus
Doxocopa laure,Myscelia cyananthe
Doxocopa laure,Perichares philetes
Doxocopa laure,Polistes carnifex
Doxocopa laure,Stilpnochlora azteca
Doxocopa laure,Thecla sarita
Dysdercus mimulus,Leptotes theonus
Dysdercus mimulus,Marpesia petreus
Dysdercus mimulus,Morpho polyphemus
Dysdercus mimulus,Myscelia cyananthe
Dysdercus mimulus,Perichares philetes
Dysdercus mimulus,Polistes carnifex
Dysdercus mimulus,Stilpnochlora azteca
Dysdercus mimulus,Thecla sarita
Leptotes theonus,Marpesia petreus
Leptotes theonus,Morpho polyphemus
Leptotes theonus,Myscelia cyananthe
Leptotes theonus,Perichares philetes
Leptotes theonus,Polistes carnifex
Leptotes theonus,Stilpnochlora azteca
Leptotes theonus,Thecla sarita
Marpesia petreus,Morpho polyphemus
Marpesia petreus,Myscelia cyananthe
Marpesia petreus,Perichares philetes
Marpesia petreus,Polistes carnifex
Marpesia petreus,Stilpnochlora azteca
Marpesia petreus,Thecla sarita
Morpho polyphemus,Myscelia cyananthe
Morpho polyphemus,Perichares philetes
Morpho polyphemus,Polistes carnifex
Morpho polyphemus,Stilpnochlora azteca
Morpho polyphemus,Thecla sarita
Myscelia cyananthe,Perichares philetes
Myscelia cyananthe,Polistes carnifex
Myscelia cyananthe,Stilpnochlora azteca
Myscelia cyananthe,Thecla sarita
Perichares philetes,Polistes carnifex
Perichares philetes,Stilpnochlora azteca
Perichares philetes,Thecla sarita
Polistes carnifex,Stilpnochlora azteca
Polistes carnifex,Thecla sarita
Stilpnochlora azteca,Thecla sarita
Apis mellifera,Bombus sonorus
Apis mellifera,Caligo telamonius
Apis mellifera,Danaus plexippus
Apis mellifera,Dione moneta
Apis mellifera,Erynnis funeralis
Apis mellifera,Eurema salome
Apis mellifera,Heraclides rogeri
Apis mellifera,Megalomus moestus
Apis mellifera,Nymphalis antiopa
Apis mellifera,Panagaeus sallei
Apis mellifera,Papilio polyxenes
Apis mellifera,Phoebis philea
Apis mellifera,Pieris rapae
Apis mellifera,Polistes veracrucis
Apis mellifera,Pseudomyrmex gracilis
Apis mellifera,Vanessa annabella
Bombus sonorus,Caligo telamonius
Bombus sonorus,Danaus plexippus
Bombus sonorus,Dione moneta
Bombus sonorus,Erynnis funeralis
Bombus sonorus,Eurema salome
Bombus sonorus,Heraclides rogeri
Bombus sonorus,Megalomus moestus
Bombus sonorus,Nymphalis antiopa
Bombus sonorus,Panagaeus sallei
Bombus sonorus,Papilio polyxenes
Bombus sonorus,Phoebis philea
Bombus sonorus,Pieris rapae
Bombus sonorus,Polistes veracrucis
Bombus sonorus,Pseudomyrmex gracilis
Bombus sonorus,Vanessa annabella
Caligo telamonius,Danaus plexippus
Caligo telamonius,Dione moneta
Caligo telamonius,Erynnis funeralis
Caligo telamonius,Eurema salome
Caligo telamonius,Heraclides rogeri
Caligo telamonius,Megalomus moestus
Caligo telamonius,Nymphalis antiopa
Caligo telamonius,Panagaeus sallei
Caligo telamonius,Papilio polyxenes
Caligo telamonius,Phoebis philea
Caligo telamonius,Pieris rapae
Caligo telamonius,Polistes veracrucis
Caligo telamonius,Pseudomyrmex gracilis
Caligo telamonius,Vanessa annabella
Danaus plexippus,Dione moneta
Danaus plexippus,Erynnis funeralis
Danaus plexippus,Eurema salome
Danaus plexippus,Heraclides rogeri
Danaus plexippus,Megalomus moestus
Danaus plexippus,Nymphalis antiopa
Danaus plexippus,Panagaeus sallei
Danaus plexippus,Papilio polyxenes
Danaus plexippus,Phoebis philea
Danaus plexippus,Pieris rapae
Danaus plexippus,Polistes veracrucis
Danaus plexippus,Pseudomyrmex gracilis
Danaus plexippus,Vanessa annabella
Dione moneta,Erynnis funeralis
Dione moneta,Eurema salome
Dione moneta,Heraclides rogeri
Dione moneta,Megalomus moestus
Dione moneta,Nymphalis antiopa
Dione moneta,Panagaeus sallei
Dione moneta,Papilio polyxenes
Dione moneta,Phoebis philea
Dione moneta,Pieris rapae
Dione moneta,Polistes veracrucis
Dione moneta,Pseudomyrmex gracilis
Dione moneta,Vanessa annabella
Erynnis funeralis,Eurema salome
Erynnis funeralis,Heraclides rogeri
Erynnis funeralis,Megalomus moestus
Erynnis funeralis,Nymphalis antiopa
Erynnis funeralis,Panagaeus sallei
Erynnis funeralis,Papilio polyxenes
Erynnis funeralis,Phoebis philea
Erynnis funeralis,Pieris rapae
Erynnis funeralis,Polistes veracrucis
Erynnis funeralis,Pseudomyrmex gracilis
Erynnis funeralis,Vanessa annabella
Eurema salome,Heraclides rogeri
Eurema salome,Megalomus moestus
Eurema salome,Nymphalis antiopa
Eurema salome,Panagaeus sallei
Eurema salome,Papilio polyxenes
Eurema salome,Phoebis philea
Eurema salome,Pieris rapae
Eurema salome,Polistes veracrucis
Eurema salome,Pseudomyrmex gracilis
Eurema salome,Vanessa annabella
Heraclides rogeri,Megalomus moestus
Heraclides rogeri,Nymphalis antiopa
Heraclides rogeri,Panagaeus sallei
Heraclides rogeri,Papilio polyxenes
Heraclides rogeri,Phoebis philea
Heraclides rogeri,Pieris rapae
Heraclides rogeri,Polistes veracrucis
Heraclides rogeri,Pseudomyrmex gracilis
Heraclides rogeri,Vanessa annabella
Megalomus moestus,Nymphalis antiopa
Megalomus moestus,Panagaeus sallei
Megalomus moestus,Papilio polyxenes
Megalomus moestus,Phoebis philea
Megalomus moestus,Pieris rapae
Megalomus moestus,Polistes veracrucis
Megalomus moestus,Pseudomyrmex gracilis
Megalomus moestus,Vanessa annabella
Nymphalis antiopa,Panagaeus sallei
Nymphalis antiopa,Papilio polyxenes
Nymphalis antiopa,Phoebis philea
Nymphalis antiopa,Pieris rapae
Nymphalis antiopa,Polistes veracrucis
Nymphalis antiopa,Pseudomyrmex gracilis
Nymphalis antiopa,Vanessa annabella
Panagaeus sallei,Papilio polyxenes
Panagaeus sallei,Phoebis philea
Panagaeus sallei,Pieris rapae
Panagaeus sallei,Polistes veracrucis
Panagaeus sallei,Pseudomyrmex gracilis
Panagaeus sallei,Vanessa annabella
Papilio polyxenes,Phoebis philea
Papilio polyxenes,Pieris rapae
Papilio polyxenes,Polistes veracrucis
Papilio polyxenes,Pseudomyrmex gracilis
Papilio polyxenes,Vanessa annabella
Phoebis philea,Pieris rapae
Phoebis philea,Polistes veracrucis
Phoebis philea,Pseudomyrmex gracilis
Phoebis philea,Vanessa annabella
Pieris rapae,Polistes veracrucis
Pieris rapae,Pseudomyrmex gracilis
Pieris rapae,Vanessa annabella
Polistes veracrucis,Pseudomyrmex gracilis
Polistes veracrucis,Vanessa annabella
Pseudomyrmex gracilis,Vanessa annabella
Abaeis mexicana,Anartia fatima
Abaeis mexicana,Anteos maerula
Abaeis mexicana,Anthanassa tulcis
Abaeis mexicana,Antigonus erosus
Abaeis mexicana,Antigonus nearchus
Abaeis mexicana,Aphrissa statira
Abaeis mexicana,Apis mellifera
Abaeis mexicana,Ascia monuste
Abaeis mexicana,Astraptes anaphus
Abaeis mexicana,Atta mexicana
Abaeis mexicana,Battus polydamas
Abaeis mexicana,Burnsius albezens
Abaeis mexicana,Burnsius communis
Abaeis mexicana,Callicista columella
Abaeis mexicana,Callimormus saturnus
Abaeis mexicana,Chlosyne janais
Abaeis mexicana,Chlosyne lacinia
Abaeis mexicana,Colobura dirce
Abaeis mexicana,Curvie emesia
Abaeis mexicana,Cycloglypha thrasibulus
Abaeis mexicana,Danaus gilippus
Abaeis mexicana,Danaus plexippus
Abaeis mexicana,Dione juno
Abaeis mexicana,Doxocopa laure
Abaeis mexicana,Dryas iulia
Abaeis mexicana,Dynamine mylitta
Abaeis mexicana,Echinargus isola
Abaeis mexicana,Enyo ocypete
Abaeis mexicana,Eurema daira
Abaeis mexicana,Eurema lisa
Abaeis mexicana,Eurema mexicana
Abaeis mexicana,Ganyra josephina
Abaeis mexicana,Gorgythion begga
Abaeis mexicana,Heliconius charithonia
Abaeis mexicana,Heliconius erato
Abaeis mexicana,Heliopetes laviana
Abaeis mexicana,Hemeroplanes triptolemus
Abaeis mexicana,Hemiargus ceraunus
Abaeis mexicana,Hoodus pelopidas
Abaeis mexicana,Hylephila phyleus
Abaeis mexicana,Leptotes cassius
Abaeis mexicana,Marpesia chiron
Abaeis mexicana,Marpesia petreus
Abaeis mexicana,Mecistogaster ornata
Abaeis mexicana,Megalopyge ravida
Abaeis mexicana,Melanis pixe
Abaeis mexicana,Melete lycimnia
Abaeis mexicana,Mellana eulogius
Abaeis mexicana,Mylon pelopidas
Abaeis mexicana,Ocaria ocrisia
Abaeis mexicana,Olla v-nigrum
Abaeis mexicana,Paches polla
Abaeis mexicana,Pachycondyla villosa
Abaeis mexicana,Parides photinus
Abaeis mexicana,Periplaneta americana
Abaeis mexicana,Phoebis agarithe
Abaeis mexicana,Phoebis marcellina
Abaeis mexicana,Phoebis sennae
Abaeis mexicana,Pseudolycaena damo
Abaeis mexicana,Pyrgus communis
Abaeis mexicana,Pyrisitia lisa
Abaeis mexicana,Pyrisitia proterpia
Abaeis mexicana,Rekoa palegon
Abaeis mexicana,Siproeta stelenes
Abaeis mexicana,Spathilepia clonius
Abaeis mexicana,Staphylus mazans
Abaeis mexicana,Stilpnochlora azteca
Abaeis mexicana,Strymon albata
Abaeis mexicana,Synale cynaxa
Abaeis mexicana,Thecla bathildis
Abaeis mexicana,Thecla bebrycia
Abaeis mexicana,Thessalia theona
Abaeis mexicana,Urbanus dorantes
Abaeis mexicana,Urbanus procne
Abaeis mexicana,Zopyrion sandace
Anartia fatima,Anteos maerula
Anartia fatima,Anthanassa tulcis
Anartia fatima,Antigonus erosus
Anartia fatima,Antigonus nearchus
Anartia fatima,Aphrissa statira
Anartia fatima,Apis mellifera
Anartia fatima,Ascia monuste
Anartia fatima,Astraptes anaphus
Anartia fatima,Atta mexicana
Anartia fatima,Battus polydamas
Anartia fatima,Burnsius albezens
Anartia fatima,Burnsius communis
Anartia fatima,Callicista columella
Anartia fatima,Callimormus saturnus
Anartia fatima,Chlosyne janais
Anartia fatima,Chlosyne lacinia
Anartia fatima,Colobura dirce
Anartia fatima,Curvie emesia
Anartia fatima,Cycloglypha thrasibulus
Anartia fatima,Danaus gilippus
Anartia fatima,Danaus plexippus
Anartia fatima,Dione juno
Anartia fatima,Doxocopa laure
Anartia fatima,Dryas iulia
Anartia fatima,Dynamine mylitta
Anartia fatima,Echinargus isola
Anartia fatima,Enyo ocypete
Anartia fatima,Eurema daira
Anartia fatima,Eurema lisa
Anartia fatima,Eurema mexicana
Anartia fatima,Ganyra josephina
Anartia fatima,Gorgythion begga
Anartia fatima,Heliconius charithonia
Anartia fatima,Heliconius erato
Anartia fatima,Heliopetes laviana
Anartia fatima,Hemeroplanes triptolemus
Anartia fatima,Hemiargus ceraunus
Anartia fatima,Hoodus pelopidas
Anartia fatima,Hylephila phyleus
Anartia fatima,Leptotes cassius
Anartia fatima,Marpesia chiron
Anartia fatima,Marpesia petreus
Anartia fatima,Mecistogaster ornata
Anartia fatima,Megalopyge ravida
Anartia fatima,Melanis pixe
Anartia fatima,Melete lycimnia
Anartia fatima,Mellana eulogius
Anartia fatima,Mylon pelopidas
Anartia fatima,Ocaria ocrisia
Anartia fatima,Olla v-nigrum
Anartia fatima,Paches polla
Anartia fatima,Pachycondyla villosa
Anartia fatima,Parides photinus
Anartia fatima,Periplaneta americana
Anartia fatima,Phoebis agarithe
Anartia fatima,Phoebis marcellina
Anartia fatima,Phoebis sennae
Anartia fatima,Pseudolycaena damo
Anartia fatima,Pyrgus communis
Anartia fatima,Pyrisitia lisa
Anartia fatima,Pyrisitia proterpia
Anartia fatima,Rekoa palegon
Anartia fatima,Siproeta stelenes
Anartia fatima,Spathilepia clonius
Anartia fatima,Staphylus mazans
Anartia fatima,Stilpnochlora azteca
Anartia fatima,Strymon albata
Anartia fatima,Synale cynaxa
Anartia fatima,Thecla bathildis
Anartia fatima,Thecla bebrycia
Anartia fatima,Thessalia theona
Anartia fatima,Urbanus dorantes
Anartia fatima,Urbanus procne
Anartia fatima,Zopyrion sandace
Anteos maerula,Anthanassa tulcis
Anteos maerula,Antigonus erosus
Anteos maerula,Antigonus nearchus
Anteos maerula,Aphrissa statira
Anteos maerula,Apis mellifera
Anteos maerula,Ascia monuste
Anteos maerula,Astraptes anaphus
Anteos maerula,Atta mexicana
Anteos maerula,Battus polydamas
Anteos maerula,Burnsius albezens
Anteos maerula,Burnsius communis
Anteos maerula,Callicista columella
Anteos maerula,Callimormus saturnus
Anteos maerula,Chlosyne janais
Anteos maerula,Chlosyne lacinia
Anteos maerula,Colobura dirce
Anteos maerula,Curvie emesia
Anteos maerula,Cycloglypha thrasibulus
Anteos maerula,Danaus gilippus
Anteos maerula,Danaus plexippus
Anteos maerula,Dione juno
Anteos maerula,Doxocopa laure
Anteos maerula,Dryas iulia
Anteos maerula,Dynamine mylitta
Anteos maerula,Echinargus isola
Anteos maerula,Enyo ocypete
Anteos maerula,Eurema daira
Anteos maerula,Eurema lisa
Anteos maerula,Eurema mexicana
Anteos maerula,Ganyra josephina
Anteos maerula,Gorgythion begga
Anteos maerula,Heliconius charithonia
Anteos maerula,Heliconius erato
Anteos maerula,Heliopetes laviana
Anteos maerula,Hemeroplanes triptolemus
Anteos maerula,Hemiargus ceraunus
Anteos maerula,Hoodus pelopidas
Anteos maerula,Hylephila phyleus
Anteos maerula,Leptotes cassius
Anteos maerula,Marpesia chiron
Anteos maerula,Marpesia petreus
Anteos maerula,Mecistogaster ornata
Anteos maerula,Megalopyge ravida
Anteos maerula,Melanis pixe
Anteos maerula,Melete lycimnia
Anteos maerula,Mellana eulogius
Anteos maerula,Mylon pelopidas
Anteos maerula,Ocaria ocrisia
Anteos maerula,Olla v-nigrum
Anteos maerula,Paches polla
Anteos maerula,Pachycondyla villosa
Anteos maerula,Parides photinus
Anteos maerula,Periplaneta americana
Anteos maerula,Phoebis agarithe
Anteos maerula,Phoebis marcellina
Anteos maerula,Phoebis sennae
Anteos maerula,Pseudolycaena damo
Anteos maerula,Pyrgus communis
Anteos maerula,Pyrisitia lisa
Anteos maerula,Pyrisitia proterpia
Anteos maerula,Rekoa palegon
Anteos maerula,Siproeta stelenes
Anteos maerula,Spathilepia clonius
Anteos maerula,Staphylus mazans
Anteos maerula,Stilpnochlora azteca
Anteos maerula,Strymon albata
Anteos maerula,Synale cynaxa
Anteos maerula,Thecla bathildis
Anteos maerula,Thecla bebrycia
Anteos maerula,Thessalia theona
Anteos maerula,Urbanus dorantes
Anteos maerula,Urbanus procne
Anteos maerula,Zopyrion sandace
Anthanassa tulcis,Antigonus erosus
Anthanassa tulcis,Antigonus nearchus
Anthanassa tulcis,Aphrissa statira
Anthanassa tulcis,Apis mellifera
Anthanassa tulcis,Ascia monuste
Anthanassa tulcis,Astraptes anaphus
Anthanassa tulcis,Atta mexicana
Anthanassa tulcis,Battus polydamas
Anthanassa tulcis,Burnsius albezens
Anthanassa tulcis,Burnsius communis
Anthanassa tulcis,Callicista columella
Anthanassa tulcis,Callimormus saturnus
Anthanassa tulcis,Chlosyne janais
Anthanassa tulcis,Chlosyne lacinia
Anthanassa tulcis,Colobura dirce
Anthanassa tulcis,Curvie emesia
Anthanassa tulcis,Cycloglypha thrasibulus
Anthanassa tulcis,Danaus gilippus
Anthanassa tulcis,Danaus plexippus
Anthanassa tulcis,Dione juno
Anthanassa tulcis,Doxocopa laure
Anthanassa tulcis,Dryas iulia
Anthanassa tulcis,Dynamine mylitta
Anthanassa tulcis,Echinargus isola
Anthanassa tulcis,Enyo ocypete
Anthanassa tulcis,Eurema daira
Anthanassa tulcis,Eurema lisa
Anthanassa tulcis,Eurema mexicana
Anthanassa tulcis,Ganyra josephina
Anthanassa tulcis,Gorgythion begga
Anthanassa tulcis,Heliconius charithonia
Anthanassa tulcis,Heliconius erato
Anthanassa tulcis,Heliopetes laviana
Anthanassa tulcis,Hemeroplanes triptolemus
Anthanassa tulcis,Hemiargus ceraunus
Anthanassa tulcis,Hoodus pelopidas
Anthanassa tulcis,Hylephila phyleus
Anthanassa tulcis,Leptotes cassius
Anthanassa tulcis,Marpesia chiron
Anthanassa tulcis,Marpesia petreus
Anthanassa tulcis,Mecistogaster ornata
Anthanassa tulcis,Megalopyge ravida
Anthanassa tulcis,Melanis pixe
Anthanassa tulcis,Melete lycimnia
Anthanassa tulcis,Mellana eulogius
Anthanassa tulcis,Mylon pelopidas
Anthanassa tulcis,Ocaria ocrisia
Anthanassa tulcis,Olla v-nigrum
Anthanassa tulcis,Paches polla
Anthanassa tulcis,Pachycondyla villosa
Anthanassa tulcis,Parides photinus
Anthanassa tulcis,Periplaneta americana
Anthanassa tulcis,Phoebis agarithe
Anthanassa tulcis,Phoebis marcellina
Anthanassa tulcis,Phoebis sennae
Anthanassa tulcis,Pseudolycaena damo
Anthanassa tulcis,Pyrgus communis
Anthanassa tulcis,Pyrisitia lisa
Anthanassa tulcis,Pyrisitia proterpia
Anthanassa tulcis,Rekoa palegon
Anthanassa tulcis,Siproeta stelenes
Anthanassa tulcis,Spathilepia clonius
Anthanassa tulcis,Staphylus mazans
Anthanassa tulcis,Stilpnochlora azteca
Anthanassa tulcis,Strymon albata
Anthanassa tulcis,Synale cynaxa
Anthanassa tulcis,Thecla bathildis
Anthanassa tulcis,Thecla bebrycia
Anthanassa tulcis,Thessalia theona
Anthanassa tulcis,Urbanus dorantes
Anthanassa tulcis,Urbanus procne
Anthanassa tulcis,Zopyrion sandace
Antigonus erosus,Antigonus nearchus
Antigonus erosus,Aphrissa statira
Antigonus erosus,Apis mellifera
Antigonus erosus,Ascia monuste
Antigonus erosus,Astraptes anaphus
Antigonus erosus,Atta mexicana
Antigonus erosus,Battus polydamas
Antigonus erosus,Burnsius albezens
Antigonus erosus,Burnsius communis
Antigonus erosus,Callicista columella
Antigonus erosus,Callimormus saturnus
Antigonus erosus,Chlosyne janais
Antigonus erosus,Chlosyne lacinia
Antigonus erosus,Colobura dirce
Antigonus erosus,Curvie emesia
Antigonus erosus,Cycloglypha thrasibulus
Antigonus erosus,Danaus gilippus
Antigonus erosus,Danaus plexippus
Antigonus erosus,Dione juno
Antigonus erosus,Doxocopa laure
Antigonus erosus,Dryas iulia
Antigonus erosus,Dynamine mylitta
Antigonus erosus,Echinargus isola
Antigonus erosus,Enyo ocypete
Antigonus erosus,Eurema daira
Antigonus erosus,Eurema lisa
Antigonus erosus,Eurema mexicana
Antigonus erosus,Ganyra josephina
Antigonus erosus,Gorgythion begga
Antigonus erosus,Heliconius charithonia
Antigonus erosus,Heliconius erato
Antigonus erosus,Heliopetes laviana
Antigonus erosus,Hemeroplanes triptolemus
Antigonus erosus,Hemiargus ceraunus
Antigonus erosus,Hoodus pelopidas
Antigonus erosus,Hylephila phyleus
Antigonus erosus,Leptotes cassius
Antigonus erosus,Marpesia chiron
Antigonus erosus,Marpesia petreus
Antigonus erosus,Mecistogaster ornata
Antigonus erosus,Megalopyge ravida
Antigonus erosus,Melanis pixe
Antigonus erosus,Melete lycimnia
Antigonus erosus,Mellana eulogius
Antigonus erosus,Mylon pelopidas
Antigonus erosus,Ocaria ocrisia
Antigonus erosus,Olla v-nigrum
Antigonus erosus,Paches polla
Antigonus erosus,Pachycondyla villosa
Antigonus erosus,Parides photinus
Antigonus erosus,Periplaneta americana
Antigonus erosus,Phoebis agarithe
Antigonus erosus,Phoebis marcellina
Antigonus erosus,Phoebis sennae
Antigonus erosus,Pseudolycaena damo
Antigonus erosus,Pyrgus communis
Antigonus erosus,Pyrisitia lisa
Antigonus erosus,Pyrisitia proterpia
Antigonus erosus,Rekoa palegon
Antigonus erosus,Siproeta stelenes
Antigonus erosus,Spathilepia clonius
Antigonus erosus,Staphylus mazans
Antigonus erosus,Stilpnochlora azteca
Antigonus erosus,Strymon albata
Antigonus erosus,Synale cynaxa
Antigonus erosus,Thecla bathildis
Antigonus erosus,Thecla bebrycia
Antigonus erosus,Thessalia theona
Antigonus erosus,Urbanus dorantes
Antigonus erosus,Urbanus procne
Antigonus erosus,Zopyrion sandace
Antigonus nearchus,Aphrissa statira
Antigonus nearchus,Apis mellifera
Antigonus nearchus,Ascia monuste
Antigonus nearchus,Astraptes anaphus
Antigonus nearchus,Atta mexicana
Antigonus nearchus,Battus polydamas
Antigonus nearchus,Burnsius albezens
Antigonus nearchus,Burnsius communis
Antigonus nearchus,Callicista columella
Antigonus nearchus,Callimormus saturnus
Antigonus nearchus,Chlosyne janais
Antigonus nearchus,Chlosyne lacinia
Antigonus nearchus,Colobura dirce
Antigonus nearchus,Curvie emesia
Antigonus nearchus,Cycloglypha thrasibulus
Antigonus nearchus,Danaus gilippus
Antigonus nearchus,Danaus plexippus
Antigonus nearchus,Dione juno
Antigonus nearchus,Doxocopa laure
Antigonus nearchus,Dryas iulia
Antigonus nearchus,Dynamine mylitta
Antigonus nearchus,Echinargus isola
Antigonus nearchus,Enyo ocypete
Antigonus nearchus,Eurema daira
Antigonus nearchus,Eurema lisa
Antigonus nearchus,Eurema mexicana
Antigonus nearchus,Ganyra josephina
Antigonus nearchus,Gorgythion begga
Antigonus nearchus,Heliconius charithonia
Antigonus nearchus,Heliconius erato
Antigonus nearchus,Heliopetes laviana
Antigonus nearchus,Hemeroplanes triptolemus
Antigonus nearchus,Hemiargus ceraunus
Antigonus nearchus,Hoodus pelopidas
Antigonus nearchus,Hylephila phyleus
Antigonus nearchus,Leptotes cassius
Antigonus nearchus,Marpesia chiron
Antigonus nearchus,Marpesia petreus
Antigonus nearchus,Mecistogaster ornata
Antigonus nearchus,Megalopyge ravida
Antigonus nearchus,Melanis pixe
Antigonus nearchus,Melete lycimnia
Antigonus nearchus,Mellana eulogius
Antigonus nearchus,Mylon pelopidas
Antigonus nearchus,Ocaria ocrisia
Antigonus nearchus,Olla v-nigrum
Antigonus nearchus,Paches polla
Antigonus nearchus,Pachycondyla villosa
Antigonus nearchus,Parides photinus
Antigonus nearchus,Periplaneta americana
Antigonus nearchus,Phoebis agarithe
Antigonus nearchus,Phoebis marcellina
Antigonus nearchus,Phoebis sennae
Antigonus nearchus,Pseudolycaena damo
Antigonus nearchus,Pyrgus communis
Antigonus nearchus,Pyrisitia lisa
Antigonus nearchus,Pyrisitia proterpia
Antigonus nearchus,Rekoa palegon
Antigonus nearchus,Siproeta stelenes
Antigonus nearchus,Spathilepia clonius
Antigonus nearchus,Staphylus mazans
Antigonus nearchus,Stilpnochlora azteca
Antigonus nearchus,Strymon albata
Antigonus nearchus,Synale cynaxa
Antigonus nearchus,Thecla bathildis
Antigonus nearchus,Thecla bebrycia
Antigonus nearchus,Thessalia theona
Antigonus nearchus,Urbanus dorantes
Antigonus nearchus,Urbanus procne
Antigonus nearchus,Zopyrion sandace
Aphrissa statira,Apis mellifera
Aphrissa statira,Ascia monuste
Aphrissa statira,Astraptes anaphus
Aphrissa statira,Atta mexicana
Aphrissa statira,Battus polydamas
Aphrissa statira,Burnsius albezens
Aphrissa statira,Burnsius communis
Aphrissa statira,Callicista columella
Aphrissa statira,Callimormus saturnus
Aphrissa statira,Chlosyne janais
Aphrissa statira,Chlosyne lacinia
Aphrissa statira,Colobura dirce
Aphrissa statira,Curvie emesia
Aphrissa statira,Cycloglypha thrasibulus
Aphrissa statira,Danaus gilippus
Aphrissa statira,Danaus plexippus
Aphrissa statira,Dione juno
Aphrissa statira,Doxocopa laure
Aphrissa statira,Dryas iulia
Aphrissa statira,Dynamine mylitta
Aphrissa statira,Echinargus isola
Aphrissa statira,Enyo ocypete
Aphrissa statira,Eurema daira
Aphrissa statira,Eurema lisa
Aphrissa statira,Eurema mexicana
Aphrissa statira,Ganyra josephina
Aphrissa statira,Gorgythion begga
Aphrissa statira,Heliconius charithonia
Aphrissa statira,Heliconius erato
Aphrissa statira,Heliopetes laviana
Aphrissa statira,Hemeroplanes triptolemus
Aphrissa statira,Hemiargus ceraunus
Aphrissa statira,Hoodus pelopidas
Aphrissa statira,Hylephila phyleus
Aphrissa statira,Leptotes cassius
Aphrissa statira,Marpesia chiron
Aphrissa statira,Marpesia petreus
Aphrissa statira,Mecistogaster ornata
Aphrissa statira,Megalopyge ravida
Aphrissa statira,Melanis pixe
Aphrissa statira,Melete lycimnia
Aphrissa statira,Mellana eulogius
Aphrissa statira,Mylon pelopidas
Aphrissa statira,Ocaria ocrisia
Aphrissa statira,Olla v-nigrum
Aphrissa statira,Paches polla
Aphrissa statira,Pachycondyla villosa
Aphrissa statira,Parides photinus
Aphrissa statira,Periplaneta americana
Aphrissa statira,Phoebis agarithe
Aphrissa statira,Phoebis marcellina
Aphrissa statira,Phoebis sennae
Aphrissa statira,Pseudolycaena damo
Aphrissa statira,Pyrgus communis
Aphrissa statira,Pyrisitia lisa
Aphrissa statira,Pyrisitia proterpia
Aphrissa statira,Rekoa palegon
Aphrissa statira,Siproeta stelenes
Aphrissa statira,Spathilepia clonius
Aphrissa statira,Staphylus mazans
Aphrissa statira,Stilpnochlora azteca
Aphrissa statira,Strymon albata
Aphrissa statira,Synale cynaxa
Aphrissa statira,Thecla bathildis
Aphrissa statira,Thecla bebrycia
Aphrissa statira,Thessalia theona
Aphrissa statira,Urbanus dorantes
Aphrissa statira,Urbanus procne
Aphrissa statira,Zopyrion sandace
Apis mellifera,Ascia monuste
Apis mellifera,Astraptes anaphus
Apis mellifera,Atta mexicana
Apis mellifera,Battus polydamas
Apis mellifera,Burnsius albezens
Apis mellifera,Burnsius communis
Apis mellifera,Callicista columella
Apis mellifera,Callimormus saturnus
Apis mellifera,Chlosyne janais
Apis mellifera,Chlosyne lacinia
Apis mellifera,Colobura dirce
Apis mellifera,Curvie emesia
Apis mellifera,Cycloglypha thrasibulus
Apis mellifera,Danaus gilippus
Apis mellifera,Danaus plexippus
Apis mellifera,Dione juno
Apis mellifera,Doxocopa laure
Apis mellifera,Dryas iulia
Apis mellifera,Dynamine mylitta
Apis mellifera,Echinargus isola
Apis mellifera,Enyo ocypete
Apis mellifera,Eurema daira
Apis mellifera,Eurema lisa
Apis mellifera,Eurema mexicana
Apis mellifera,Ganyra josephina
Apis mellifera,Gorgythion begga
Apis mellifera,Heliconius charithonia
Apis mellifera,Heliconius erato
Apis mellifera,Heliopetes laviana
Apis mellifera,Hemeroplanes triptolemus
Apis mellifera,Hemiargus ceraunus
Apis mellifera,Hoodus pelopidas
Apis mellifera,Hylephila phyleus
Apis mellifera,Leptotes cassius
Apis mellifera,Marpesia chiron
Apis mellifera,Marpesia petreus
Apis mellifera,Mecistogaster ornata
Apis mellifera,Megalopyge ravida
Apis mellifera,Melanis pixe
Apis mellifera,Melete lycimnia
Apis mellifera,Mellana eulogius
Apis mellifera,Mylon pelopidas
Apis mellifera,Ocaria ocrisia
Apis mellifera,Olla v-nigrum
Apis mellifera,Paches polla
Apis mellifera,Pachycondyla villosa
Apis mellifera,Parides photinus
Apis mellifera,Periplaneta americana
Apis mellifera,Phoebis agarithe
Apis mellifera,Phoebis marcellina
Apis mellifera,Phoebis sennae
Apis mellifera,Pseudolycaena damo
Apis mellifera,Pyrgus communis
Apis mellifera,Pyrisitia lisa
Apis mellifera,Pyrisitia proterpia
Apis mellifera,Rekoa palegon
Apis mellifera,Siproeta stelenes
Apis mellifera,Spathilepia clonius
Apis mellifera,Staphylus mazans
Apis mellifera,Stilpnochlora azteca
Apis mellifera,Strymon albata
Apis mellifera,Synale cynaxa
Apis mellifera,Thecla bathildis
Apis mellifera,Thecla bebrycia
Apis mellifera,Thessalia theona
Apis mellifera,Urbanus dorantes
Apis mellifera,Urbanus procne
Apis mellifera,Zopyrion sandace
Ascia monuste,Astraptes anaphus
Ascia monuste,Atta mexicana
Ascia monuste,Battus polydamas
Ascia monuste,Burnsius albezens
Ascia monuste,Burnsius communis
Ascia monuste,Callicista columella
Ascia monuste,Callimormus saturnus
Ascia monuste,Chlosyne janais
Ascia monuste,Chlosyne lacinia
Ascia monuste,Colobura dirce
Ascia monuste,Curvie emesia
Ascia monuste,Cycloglypha thrasibulus
Ascia monuste,Danaus gilippus
Ascia monuste,Danaus plexippus
Ascia monuste,Dione juno
Ascia monuste,Doxocopa laure
Ascia monuste,Dryas iulia
Ascia monuste,Dynamine mylitta
Ascia monuste,Echinargus isola
Ascia monuste,Enyo ocypete
Ascia monuste,Eurema daira
Ascia monuste,Eurema lisa
Ascia monuste,Eurema mexicana
Ascia monuste,Ganyra josephina
Ascia monuste,Gorgythion begga
Ascia monuste,Heliconius charithonia
Ascia monuste,Heliconius erato
Ascia monuste,Heliopetes laviana
Ascia monuste,Hemeroplanes triptolemus
Ascia monuste,Hemiargus ceraunus
Ascia monuste,Hoodus pelopidas
Ascia monuste,Hylephila phyleus
Ascia monuste,Leptotes cassius
Ascia monuste,Marpesia chiron
Ascia monuste,Marpesia petreus
Ascia monuste,Mecistogaster ornata
Ascia monuste,Megalopyge ravida
Ascia monuste,Melanis pixe
Ascia monuste,Melete lycimnia
Ascia monuste,Mellana eulogius
Ascia monuste,Mylon pelopidas
Ascia monuste,Ocaria ocrisia
Ascia monuste,Olla v-nigrum
Ascia monuste,Paches polla
Ascia monuste,Pachycondyla villosa
Ascia monuste,Parides photinus
Ascia monuste,Periplaneta americana
Ascia monuste,Phoebis agarithe
Ascia monuste,Phoebis marcellina
Ascia monuste,Phoebis sennae
Ascia monuste,Pseudolycaena damo
Ascia monuste,Pyrgus communis
Ascia monuste,Pyrisitia lisa
Ascia monuste,Pyrisitia proterpia
Ascia monuste,Rekoa palegon
Ascia monuste,Siproeta stelenes
Ascia monuste,Spathilepia clonius
Ascia monuste,Staphylus mazans
Ascia monuste,Stilpnochlora azteca
Ascia monuste,Strymon albata
Ascia monuste,Synale cynaxa
Ascia monuste,Thecla bathildis
Ascia monuste,Thecla bebrycia
Ascia monuste,Thessalia theona
Ascia monuste,Urbanus dorantes
Ascia monuste,Urbanus procne
Ascia monuste,Zopyrion sandace
Astraptes anaphus,Atta mexicana
Astraptes anaphus,Battus polydamas
Astraptes anaphus,Burnsius albezens
Astraptes anaphus,Burnsius communis
Astraptes anaphus,Callicista columella
Astraptes anaphus,Callimormus saturnus
Astraptes anaphus,Chlosyne janais
Astraptes anaphus,Chlosyne lacinia
Astraptes anaphus,Colobura dirce
Astraptes anaphus,Curvie emesia
Astraptes anaphus,Cycloglypha thrasibulus
Astraptes anaphus,Danaus gilippus
Astraptes anaphus,Danaus plexippus
Astraptes anaphus,Dione juno
Astraptes anaphus,Doxocopa laure
Astraptes anaphus,Dryas iulia
Astraptes anaphus,Dynamine mylitta
Astraptes anaphus,Echinargus isola
Astraptes anaphus,Enyo ocypete
Astraptes anaphus,Eurema daira
Astraptes anaphus,Eurema lisa
Astraptes anaphus,Eurema mexicana
Astraptes anaphus,Ganyra josephina
Astraptes anaphus,Gorgythion begga
Astraptes anaphus,Heliconius charithonia
Astraptes anaphus,Heliconius erato
Astraptes anaphus,Heliopetes laviana
Astraptes anaphus,Hemeroplanes triptolemus
Astraptes anaphus,Hemiargus ceraunus
Astraptes anaphus,Hoodus pelopidas
Astraptes anaphus,Hylephila phyleus
Astraptes anaphus,Leptotes cassius
Astraptes anaphus,Marpesia chiron
Astraptes anaphus,Marpesia petreus
Astraptes anaphus,Mecistogaster ornata
Astraptes anaphus,Megalopyge ravida
Astraptes anaphus,Melanis pixe
Astraptes anaphus,Melete lycimnia
Astraptes anaphus,Mellana eulogius
Astraptes anaphus,Mylon pelopidas
Astraptes anaphus,Ocaria ocrisia
Astraptes anaphus,Olla v-nigrum
Astraptes anaphus,Paches polla
Astraptes anaphus,Pachycondyla villosa
Astraptes anaphus,Parides photinus
Astraptes anaphus,Periplaneta americana
Astraptes anaphus,Phoebis agarithe
Astraptes anaphus,Phoebis marcellina
Astraptes anaphus,Phoebis sennae
Astraptes anaphus,Pseudolycaena damo
Astraptes anaphus,Pyrgus communis
Astraptes anaphus,Pyrisitia lisa
Astraptes anaphus,Pyrisitia proterpia
Astraptes anaphus,Rekoa palegon
Astraptes anaphus,Siproeta stelenes
Astraptes anaphus,Spathilepia clonius
Astraptes anaphus,Staphylus mazans
Astraptes anaphus,Stilpnochlora azteca
Astraptes anaphus,Strymon albata
Astraptes anaphus,Synale cynaxa
Astraptes anaphus,Thecla bathildis
Astraptes anaphus,Thecla bebrycia
Astraptes anaphus,Thessalia theona
Astraptes anaphus,Urbanus dorantes
Astraptes anaphus,Urbanus procne
Astraptes anaphus,Zopyrion sandace
Atta mexicana,Battus polydamas
Atta mexicana,Burnsius albezens
Atta mexicana,Burnsius communis
Atta mexicana,Callicista columella
Atta mexicana,Callimormus saturnus
Atta mexicana,Chlosyne janais
Atta mexicana,Chlosyne lacinia
Atta mexicana,Colobura dirce
Atta mexicana,Curvie emesia
Atta mexicana,Cycloglypha thrasibulus
Atta mexicana,Danaus gilippus
Atta mexicana,Danaus plexippus
Atta mexicana,Dione juno
Atta mexicana,Doxocopa laure
Atta mexicana,Dryas iulia
Atta mexicana,Dynamine mylitta
Atta mexicana,Echinargus isola
Atta mexicana,Enyo ocypete
Atta mexicana,Eurema daira
Atta mexicana,Eurema lisa
Atta mexicana,Eurema mexicana
Atta mexicana,Ganyra josephina
Atta mexicana,Gorgythion begga
Atta mexicana,Heliconius charithonia
Atta mexicana,Heliconius erato
Atta mexicana,Heliopetes laviana
Atta mexicana,Hemeroplanes triptolemus
Atta mexicana,Hemiargus ceraunus
Atta mexicana,Hoodus pelopidas
Atta mexicana,Hylephila phyleus
Atta mexicana,Leptotes cassius
Atta mexicana,Marpesia chiron
Atta mexicana,Marpesia petreus
Atta mexicana,Mecistogaster ornata
Atta mexicana,Megalopyge ravida
Atta mexicana,Melanis pixe
Atta mexicana,Melete lycimnia
Atta mexicana,Mellana eulogius
Atta mexicana,Mylon pelopidas
Atta mexicana,Ocaria ocrisia
Atta mexicana,Olla v-nigrum
Atta mexicana,Paches polla
Atta mexicana,Pachycondyla villosa
Atta mexicana,Parides photinus
Atta mexicana,Periplaneta americana
Atta mexicana,Phoebis agarithe
Atta mexicana,Phoebis marcellina
Atta mexicana,Phoebis sennae
Atta mexicana,Pseudolycaena damo
Atta mexicana,Pyrgus communis
Atta mexicana,Pyrisitia lisa
Atta mexicana,Pyrisitia proterpia
Atta mexicana,Rekoa palegon
Atta mexicana,Siproeta stelenes
Atta mexicana,Spathilepia clonius
Atta mexicana,Staphylus mazans
Atta mexicana,Stilpnochlora azteca
Atta mexicana,Strymon albata
Atta mexicana,Synale cynaxa
Atta mexicana,Thecla bathildis
Atta mexicana,Thecla bebrycia
Atta mexicana,Thessalia theona
Atta mexicana,Urbanus dorantes
Atta mexicana,Urbanus procne
Atta mexicana,Zopyrion sandace
Battus polydamas,Burnsius albezens
Battus polydamas,Burnsius communis
Battus polydamas,Callicista columella
Battus polydamas,Callimormus saturnus
Battus polydamas,Chlosyne janais
Battus polydamas,Chlosyne lacinia
Battus polydamas,Colobura dirce
Battus polydamas,Curvie emesia
Battus polydamas,Cycloglypha thrasibulus
Battus polydamas,Danaus gilippus
Battus polydamas,Danaus plexippus
Battus polydamas,Dione juno
Battus polydamas,Doxocopa laure
Battus polydamas,Dryas iulia
Battus polydamas,Dynamine mylitta
Battus polydamas,Echinargus isola
Battus polydamas,Enyo ocypete
Battus polydamas,Eurema daira
Battus polydamas,Eurema lisa
Battus polydamas,Eurema mexicana
Battus polydamas,Ganyra josephina
Battus polydamas,Gorgythion begga
Battus polydamas,Heliconius charithonia
Battus polydamas,Heliconius erato
Battus polydamas,Heliopetes laviana
Battus polydamas,Hemeroplanes triptolemus
Battus polydamas,Hemiargus ceraunus
Battus polydamas,Hoodus pelopidas
Battus polydamas,Hylephila phyleus
Battus polydamas,Leptotes cassius
Battus polydamas,Marpesia chiron
Battus polydamas,Marpesia petreus
Battus polydamas,Mecistogaster ornata
Battus polydamas,Megalopyge ravida
Battus polydamas,Melanis pixe
Battus polydamas,Melete lycimnia
Battus polydamas,Mellana eulogius
Battus polydamas,Mylon pelopidas
Battus polydamas,Ocaria ocrisia
Battus polydamas,Olla v-nigrum
Battus polydamas,Paches polla
Battus polydamas,Pachycondyla villosa
Battus polydamas,Parides photinus
Battus polydamas,Periplaneta americana
Battus polydamas,Phoebis agarithe
Battus polydamas,Phoebis marcellina
Battus polydamas,Phoebis sennae
Battus polydamas,Pseudolycaena damo
Battus polydamas,Pyrgus communis
Battus polydamas,Pyrisitia lisa
Battus polydamas,Pyrisitia proterpia
Battus polydamas,Rekoa palegon
Battus polydamas,Siproeta stelenes
Battus polydamas,Spathilepia clonius
Battus polydamas,Staphylus mazans
Battus polydamas,Stilpnochlora azteca
Battus polydamas,Strymon albata
Battus polydamas,Synale cynaxa
Battus polydamas,Thecla bathildis
Battus polydamas,Thecla bebrycia
Battus polydamas,Thessalia theona
Battus polydamas,Urbanus dorantes
Battus polydamas,Urbanus procne
Battus polydamas,Zopyrion sandace
Burnsius albezens,Burnsius communis
Burnsius albezens,Callicista columella
Burnsius albezens,Callimormus saturnus
Burnsius albezens,Chlosyne janais
Burnsius albezens,Chlosyne lacinia
Burnsius albezens,Colobura dirce
Burnsius albezens,Curvie emesia
Burnsius albezens,Cycloglypha thrasibulus
Burnsius albezens,Danaus gilippus
Burnsius albezens,Danaus plexippus
Burnsius albezens,Dione juno
Burnsius albezens,Doxocopa laure
Burnsius albezens,Dryas iulia
Burnsius albezens,Dynamine mylitta
Burnsius albezens,Echinargus isola
Burnsius albezens,Enyo ocypete
Burnsius albezens,Eurema daira
Burnsius albezens,Eurema lisa
Burnsius albezens,Eurema mexicana
Burnsius albezens,Ganyra josephina
Burnsius albezens,Gorgythion begga
Burnsius albezens,Heliconius charithonia
Burnsius albezens,Heliconius erato
Burnsius albezens,Heliopetes laviana
Burnsius albezens,Hemeroplanes triptolemus
Burnsius albezens,Hemiargus ceraunus
Burnsius albezens,Hoodus pelopidas
Burnsius albezens,Hylephila phyleus
Burnsius albezens,Leptotes cassius
Burnsius albezens,Marpesia chiron
Burnsius albezens,Marpesia petreus
Burnsius albezens,Mecistogaster ornata
Burnsius albezens,Megalopyge ravida
Burnsius albezens,Melanis pixe
Burnsius albezens,Melete lycimnia
Burnsius albezens,Mellana eulogius
Burnsius albezens,Mylon pelopidas
Burnsius albezens,Ocaria ocrisia
Burnsius albezens,Olla v-nigrum
Burnsius albezens,Paches polla
Burnsius albezens,Pachycondyla villosa
Burnsius albezens,Parides photinus
Burnsius albezens,Periplaneta americana
Burnsius albezens,Phoebis agarithe
Burnsius albezens,Phoebis marcellina
Burnsius albezens,Phoebis sennae
Burnsius albezens,Pseudolycaena damo
Burnsius albezens,Pyrgus communis
Burnsius albezens,Pyrisitia lisa
Burnsius albezens,Pyrisitia proterpia
Burnsius albezens,Rekoa palegon
Burnsius albezens,Siproeta stelenes
Burnsius albezens,Spathilepia clonius
Burnsius albezens,Staphylus mazans
Burnsius albezens,Stilpnochlora azteca
Burnsius albezens,Strymon albata
Burnsius albezens,Synale cynaxa
Burnsius albezens,Thecla bathildis
Burnsius albezens,Thecla bebrycia
Burnsius albezens,Thessalia theona
Burnsius albezens,Urbanus dorantes
Burnsius albezens,Urbanus procne
Burnsius albezens,Zopyrion sandace
Burnsius communis,Callicista columella
Burnsius communis,Callimormus saturnus
Burnsius communis,Chlosyne janais
Burnsius communis,Chlosyne lacinia
Burnsius communis,Colobura dirce
Burnsius communis,Curvie emesia
Burnsius communis,Cycloglypha thrasibulus
Burnsius communis,Danaus gilippus
Burnsius communis,Danaus plexippus
Burnsius communis,Dione juno
Burnsius communis,Doxocopa laure
Burnsius communis,Dryas iulia
Burnsius communis,Dynamine mylitta
Burnsius communis,Echinargus isola
Burnsius communis,Enyo ocypete
Burnsius communis,Eurema daira
Burnsius communis,Eurema lisa
Burnsius communis,Eurema mexicana
Burnsius communis,Ganyra josephina
Burnsius communis,Gorgythion begga
Burnsius communis,Heliconius charithonia
Burnsius communis,Heliconius erato
Burnsius communis,Heliopetes laviana
Burnsius communis,Hemeroplanes triptolemus
Burnsius communis,Hemiargus ceraunus
Burnsius communis,Hoodus pelopidas
Burnsius communis,Hylephila phyleus
Burnsius communis,Leptotes cassius
Burnsius communis,Marpesia chiron
Burnsius communis,Marpesia petreus
Burnsius communis,Mecistogaster ornata
Burnsius communis,Megalopyge ravida
Burnsius communis,Melanis pixe
Burnsius communis,Melete lycimnia
Burnsius communis,Mellana eulogius
Burnsius communis,Mylon pelopidas
Burnsius communis,Ocaria ocrisia
Burnsius communis,Olla v-nigrum
Burnsius communis,Paches polla
Burnsius communis,Pachycondyla villosa
Burnsius communis,Parides photinus
Burnsius communis,Periplaneta americana
Burnsius communis,Phoebis agarithe
Burnsius communis,Phoebis marcellina
Burnsius communis,Phoebis sennae
Burnsius communis,Pseudolycaena damo
Burnsius communis,Pyrgus communis
Burnsius communis,Pyrisitia lisa
Burnsius communis,Pyrisitia proterpia
Burnsius communis,Rekoa palegon
Burnsius communis,Siproeta stelenes
Burnsius communis,Spathilepia clonius
Burnsius communis,Staphylus mazans
Burnsius communis,Stilpnochlora azteca
Burnsius communis,Strymon albata
Burnsius communis,Synale cynaxa
Burnsius communis,Thecla bathildis
Burnsius communis,Thecla bebrycia
Burnsius communis,Thessalia theona
Burnsius communis,Urbanus dorantes
Burnsius communis,Urbanus procne
Burnsius communis,Zopyrion sandace
Callicista columella,Callimormus saturnus
Callicista columella,Chlosyne janais
Callicista columella,Chlosyne lacinia
Callicista columella,Colobura dirce
Callicista columella,Curvie emesia
Callicista columella,Cycloglypha thrasibulus
Callicista columella,Danaus gilippus
Callicista columella,Danaus plexippus
Callicista columella,Dione juno
Callicista columella,Doxocopa laure
Callicista columella,Dryas iulia
Callicista columella,Dynamine mylitta
Callicista columella,Echinargus isola
Callicista columella,Enyo ocypete
Callicista columella,Eurema daira
Callicista columella,Eurema lisa
Callicista columella,Eurema mexicana
Callicista columella,Ganyra josephina
Callicista columella,Gorgythion begga
Callicista columella,Heliconius charithonia
Callicista columella,Heliconius erato
Callicista columella,Heliopetes laviana
Callicista columella,Hemeroplanes triptolemus
Callicista columella,Hemiargus ceraunus
Callicista columella,Hoodus pelopidas
Callicista columella,Hylephila phyleus
Callicista columella,Leptotes cassius
Callicista columella,Marpesia chiron
Callicista columella,Marpesia petreus
Callicista columella,Mecistogaster ornata
Callicista columella,Megalopyge ravida
Callicista columella,Melanis pixe
Callicista columella,Melete lycimnia
Callicista columella,Mellana eulogius
Callicista columella,Mylon pelopidas
Callicista columella,Ocaria ocrisia
Callicista columella,Olla v-nigrum
Callicista columella,Paches polla
Callicista columella,Pachycondyla villosa
Callicista columella,Parides photinus
Callicista columella,Periplaneta americana
Callicista columella,Phoebis agarithe
Callicista columella,Phoebis marcellina
Callicista columella,Phoebis sennae
Callicista columella,Pseudolycaena damo
Callicista columella,Pyrgus communis
Callicista columella,Pyrisitia lisa
Callicista columella,Pyrisitia proterpia
Callicista columella,Rekoa palegon
Callicista columella,Siproeta stelenes
Callicista columella,Spathilepia clonius
Callicista columella,Staphylus mazans
Callicista columella,Stilpnochlora azteca
Callicista columella,Strymon albata
Callicista columella,Synale cynaxa
Callicista columella,Thecla bathildis
Callicista columella,Thecla bebrycia
Callicista columella,Thessalia theona
Callicista columella,Urbanus dorantes
Callicista columella,Urbanus procne
Callicista columella,Zopyrion sandace
Callimormus saturnus,Chlosyne janais
Callimormus saturnus,Chlosyne lacinia
Callimormus saturnus,Colobura dirce
Callimormus saturnus,Curvie emesia
Callimormus saturnus,Cycloglypha thrasibulus
Callimormus saturnus,Danaus gilippus
Callimormus saturnus,Danaus plexippus
Callimormus saturnus,Dione juno
Callimormus saturnus,Doxocopa laure
Callimormus saturnus,Dryas iulia
Callimormus saturnus,Dynamine mylitta
Callimormus saturnus,Echinargus isola
Callimormus saturnus,Enyo ocypete
Callimormus saturnus,Eurema daira
Callimormus saturnus,Eurema lisa
Callimormus saturnus,Eurema mexicana
Callimormus saturnus,Ganyra josephina
Callimormus saturnus,Gorgythion begga
Callimormus saturnus,Heliconius charithonia
Callimormus saturnus,Heliconius erato
Callimormus saturnus,Heliopetes laviana
Callimormus saturnus,Hemeroplanes triptolemus
Callimormus saturnus,Hemiargus ceraunus
Callimormus saturnus,Hoodus pelopidas
Callimormus saturnus,Hylephila phyleus
Callimormus saturnus,Leptotes cassius
Callimormus saturnus,Marpesia chiron
Callimormus saturnus,Marpesia petreus
Callimormus saturnus,Mecistogaster ornata
Callimormus saturnus,Megalopyge ravida
Callimormus saturnus,Melanis pixe
Callimormus saturnus,Melete lycimnia
Callimormus saturnus,Mellana eulogius
Callimormus saturnus,Mylon pelopidas
Callimormus saturnus,Ocaria ocrisia
Callimormus saturnus,Olla v-nigrum
Callimormus saturnus,Paches polla
Callimormus saturnus,Pachycondyla villosa
Callimormus saturnus,Parides photinus
Callimormus saturnus,Periplaneta americana
Callimormus saturnus,Phoebis agarithe
Callimormus saturnus,Phoebis marcellina
Callimormus saturnus,Phoebis sennae
Callimormus saturnus,Pseudolycaena damo
Callimormus saturnus,Pyrgus communis
Callimormus saturnus,Pyrisitia lisa
Callimormus saturnus,Pyrisitia proterpia
Callimormus saturnus,Rekoa palegon
Callimormus saturnus,Siproeta stelenes
Callimormus saturnus,Spathilepia clonius
Callimormus saturnus,Staphylus mazans
Callimormus saturnus,Stilpnochlora azteca
Callimormus saturnus,Strymon albata
Callimormus saturnus,Synale cynaxa
Callimormus saturnus,Thecla bathildis
Callimormus saturnus,Thecla bebrycia
Callimormus saturnus,Thessalia theona
Callimormus saturnus,Urbanus dorantes
Callimormus saturnus,Urbanus procne
Callimormus saturnus,Zopyrion sandace
Chlosyne janais,Chlosyne lacinia
Chlosyne janais,Colobura dirce
Chlosyne janais,Curvie emesia
Chlosyne janais,Cycloglypha thrasibulus
Chlosyne janais,Danaus gilippus
Chlosyne janais,Danaus plexippus
Chlosyne janais,Dione juno
Chlosyne janais,Doxocopa laure
Chlosyne janais,Dryas iulia
Chlosyne janais,Dynamine mylitta
Chlosyne janais,Echinargus isola
Chlosyne janais,Enyo ocypete
Chlosyne janais,Eurema daira
Chlosyne janais,Eurema lisa
Chlosyne janais,Eurema mexicana
Chlosyne janais,Ganyra josephina
Chlosyne janais,Gorgythion begga
Chlosyne janais,Heliconius charithonia
Chlosyne janais,Heliconius erato
Chlosyne janais,Heliopetes laviana
Chlosyne janais,Hemeroplanes triptolemus
Chlosyne janais,Hemiargus ceraunus
Chlosyne janais,Hoodus pelopidas
Chlosyne janais,Hylephila phyleus
Chlosyne janais,Leptotes cassius
Chlosyne janais,Marpesia chiron
Chlosyne janais,Marpesia petreus
Chlosyne janais,Mecistogaster ornata
Chlosyne janais,Megalopyge ravida
Chlosyne janais,Melanis pixe
Chlosyne janais,Melete lycimnia
Chlosyne janais,Mellana eulogius
Chlosyne janais,Mylon pelopidas
Chlosyne janais,Ocaria ocrisia
Chlosyne janais,Olla v-nigrum
Chlosyne janais,Paches polla
Chlosyne janais,Pachycondyla villosa
Chlosyne janais,Parides photinus
Chlosyne janais,Periplaneta americana
Chlosyne janais,Phoebis agarithe
Chlosyne janais,Phoebis marcellina
Chlosyne janais,Phoebis sennae
Chlosyne janais,Pseudolycaena damo
Chlosyne janais,Pyrgus communis
Chlosyne janais,Pyrisitia lisa
Chlosyne janais,Pyrisitia proterpia
Chlosyne janais,Rekoa palegon
Chlosyne janais,Siproeta stelenes
Chlosyne janais,Spathilepia clonius
Chlosyne janais,Staphylus mazans
Chlosyne janais,Stilpnochlora azteca
Chlosyne janais,Strymon albata
Chlosyne janais,Synale cynaxa
Chlosyne janais,Thecla bathildis
Chlosyne janais,Thecla bebrycia
Chlosyne janais,Thessalia theona
Chlosyne janais,Urbanus dorantes
Chlosyne janais,Urbanus procne
Chlosyne janais,Zopyrion sandace
Chlosyne lacinia,Colobura dirce
Chlosyne lacinia,Curvie emesia
Chlosyne lacinia,Cycloglypha thrasibulus
Chlosyne lacinia,Danaus gilippus
Chlosyne lacinia,Danaus plexippus
Chlosyne lacinia,Dione juno
Chlosyne lacinia,Doxocopa laure
Chlosyne lacinia,Dryas iulia
Chlosyne lacinia,Dynamine mylitta
Chlosyne lacinia,Echinargus isola
Chlosyne lacinia,Enyo ocypete
Chlosyne lacinia,Eurema daira
Chlosyne lacinia,Eurema lisa
Chlosyne lacinia,Eurema mexicana
Chlosyne lacinia,Ganyra josephina
Chlosyne lacinia,Gorgythion begga
Chlosyne lacinia,Heliconius charithonia
Chlosyne lacinia,Heliconius erato
Chlosyne lacinia,Heliopetes laviana
Chlosyne lacinia,Hemeroplanes triptolemus
Chlosyne lacinia,Hemiargus ceraunus
Chlosyne lacinia,Hoodus pelopidas
Chlosyne lacinia,Hylephila phyleus
Chlosyne lacinia,Leptotes cassius
Chlosyne lacinia,Marpesia chiron
Chlosyne lacinia,Marpesia petreus
Chlosyne lacinia,Mecistogaster ornata
Chlosyne lacinia,Megalopyge ravida
Chlosyne lacinia,Melanis pixe
Chlosyne lacinia,Melete lycimnia
Chlosyne lacinia,Mellana eulogius
Chlosyne lacinia,Mylon pelopidas
Chlosyne lacinia,Ocaria ocrisia
Chlosyne lacinia,Olla v-nigrum
Chlosyne lacinia,Paches polla
Chlosyne lacinia,Pachycondyla villosa
Chlosyne lacinia,Parides photinus
Chlosyne lacinia,Periplaneta americana
Chlosyne lacinia,Phoebis agarithe
Chlosyne lacinia,Phoebis marcellina
Chlosyne lacinia,Phoebis sennae
Chlosyne lacinia,Pseudolycaena damo
Chlosyne lacinia,Pyrgus communis
Chlosyne lacinia,Pyrisitia lisa
Chlosyne lacinia,Pyrisitia proterpia
Chlosyne lacinia,Rekoa palegon
Chlosyne lacinia,Siproeta stelenes
Chlosyne lacinia,Spathilepia clonius
Chlosyne lacinia,Staphylus mazans
Chlosyne lacinia,Stilpnochlora azteca
Chlosyne lacinia,Strymon albata
Chlosyne lacinia,Synale cynaxa
Chlosyne lacinia,Thecla bathildis
Chlosyne lacinia,Thecla bebrycia
Chlosyne lacinia,Thessalia theona
Chlosyne lacinia,Urbanus dorantes
Chlosyne lacinia,Urbanus procne
Chlosyne lacinia,Zopyrion sandace
Colobura dirce,Curvie emesia
Colobura dirce,Cycloglypha thrasibulus
Colobura dirce,Danaus gilippus
Colobura dirce,Danaus plexippus
Colobura dirce,Dione juno
Colobura dirce,Doxocopa laure
Colobura dirce,Dryas iulia
Colobura dirce,Dynamine mylitta
Colobura dirce,Echinargus isola
Colobura dirce,Enyo ocypete
Colobura dirce,Eurema daira
Colobura dirce,Eurema lisa
Colobura dirce,Eurema mexicana
Colobura dirce,Ganyra josephina
Colobura dirce,Gorgythion begga
Colobura dirce,Heliconius charithonia
Colobura dirce,Heliconius erato
Colobura dirce,Heliopetes laviana
Colobura dirce,Hemeroplanes triptolemus
Colobura dirce,Hemiargus ceraunus
Colobura dirce,Hoodus pelopidas
Colobura dirce,Hylephila phyleus
Colobura dirce,Leptotes cassius
Colobura dirce,Marpesia chiron
Colobura dirce,Marpesia petreus
Colobura dirce,Mecistogaster ornata
Colobura dirce,Megalopyge ravida
Colobura dirce,Melanis pixe
Colobura dirce,Melete lycimnia
Colobura dirce,Mellana eulogius
Colobura dirce,Mylon pelopidas
Colobura dirce,Ocaria ocrisia
Colobura dirce,Olla v-nigrum
Colobura dirce,Paches polla
Colobura dirce,Pachycondyla villosa
Colobura dirce,Parides photinus
Colobura dirce,Periplaneta americana
Colobura dirce,Phoebis agarithe
Colobura dirce,Phoebis marcellina
Colobura dirce,Phoebis sennae
Colobura dirce,Pseudolycaena damo
Colobura dirce,Pyrgus communis
Colobura dirce,Pyrisitia lisa
Colobura dirce,Pyrisitia proterpia
Colobura dirce,Rekoa palegon
Colobura dirce,Siproeta stelenes
Colobura dirce,Spathilepia clonius
Colobura dirce,Staphylus mazans
Colobura dirce,Stilpnochlora azteca
Colobura dirce,Strymon albata
Colobura dirce,Synale cynaxa
Colobura dirce,Thecla bathildis
Colobura dirce,Thecla bebrycia
Colobura dirce,Thessalia theona
Colobura dirce,Urbanus dorantes
Colobura dirce,Urbanus procne
Colobura dirce,Zopyrion sandace
Curvie emesia,Cycloglypha thrasibulus
Curvie emesia,Danaus gilippus
Curvie emesia,Danaus plexippus
Curvie emesia,Dione juno
Curvie emesia,Doxocopa laure
Curvie emesia,Dryas iulia
Curvie emesia,Dynamine mylitta
Curvie emesia,Echinargus isola
Curvie emesia,Enyo ocypete
Curvie emesia,Eurema daira
Curvie emesia,Eurema lisa
Curvie emesia,Eurema mexicana
Curvie emesia,Ganyra josephina
Curvie emesia,Gorgythion begga
Curvie emesia,Heliconius charithonia
Curvie emesia,Heliconius erato
Curvie emesia,Heliopetes laviana
Curvie emesia,Hemeroplanes triptolemus
Curvie emesia,Hemiargus ceraunus
Curvie emesia,Hoodus pelopidas
Curvie emesia,Hylephila phyleus
Curvie emesia,Leptotes cassius
Curvie emesia,Marpesia chiron
Curvie emesia,Marpesia petreus
Curvie emesia,Mecistogaster ornata
Curvie emesia,Megalopyge ravida
Curvie emesia,Melanis pixe
Curvie emesia,Melete lycimnia
Curvie emesia,Mellana eulogius
Curvie emesia,Mylon pelopidas
Curvie emesia,Ocaria ocrisia
Curvie emesia,Olla v-nigrum
Curvie emesia,Paches polla
Curvie emesia,Pachycondyla villosa
Curvie emesia,Parides photinus
Curvie emesia,Periplaneta americana
Curvie emesia,Phoebis agarithe
Curvie emesia,Phoebis marcellina
Curvie emesia,Phoebis sennae
Curvie emesia,Pseudolycaena damo
Curvie emesia,Pyrgus communis
Curvie emesia,Pyrisitia lisa
Curvie emesia,Pyrisitia proterpia
Curvie emesia,Rekoa palegon
Curvie emesia,Siproeta stelenes
Curvie emesia,Spathilepia clonius
Curvie emesia,Staphylus mazans
Curvie emesia,Stilpnochlora azteca
Curvie emesia,Strymon albata
Curvie emesia,Synale cynaxa
Curvie emesia,Thecla bathildis
Curvie emesia,Thecla bebrycia
Curvie emesia,Thessalia theona
Curvie emesia,Urbanus dorantes
Curvie emesia,Urbanus procne
Curvie emesia,Zopyrion sandace
Cycloglypha thrasibulus,Danaus gilippus
Cycloglypha thrasibulus,Danaus plexippus
Cycloglypha thrasibulus,Dione juno
Cycloglypha thrasibulus,Doxocopa laure
Cycloglypha thrasibulus,Dryas iulia
Cycloglypha thrasibulus,Dynamine mylitta
Cycloglypha thrasibulus,Echinargus isola
Cycloglypha thrasibulus,Enyo ocypete
Cycloglypha thrasibulus,Eurema daira
Cycloglypha thrasibulus,Eurema lisa
Cycloglypha thrasibulus,Eurema mexicana
Cycloglypha thrasibulus,Ganyra josephina
Cycloglypha thrasibulus,Gorgythion begga
Cycloglypha thrasibulus,Heliconius charithonia
Cycloglypha thrasibulus,Heliconius erato
Cycloglypha thrasibulus,Heliopetes laviana
Cycloglypha thrasibulus,Hemeroplanes triptolemus
Cycloglypha thrasibulus,Hemiargus ceraunus
Cycloglypha thrasibulus,Hoodus pelopidas
Cycloglypha thrasibulus,Hylephila phyleus
Cycloglypha thrasibulus,Leptotes cassius
Cycloglypha thrasibulus,Marpesia chiron
Cycloglypha thrasibulus,Marpesia petreus
Cycloglypha thrasibulus,Mecistogaster ornata
Cycloglypha thrasibulus,Megalopyge ravida
Cycloglypha thrasibulus,Melanis pixe
Cycloglypha thrasibulus,Melete lycimnia
Cycloglypha thrasibulus,Mellana eulogius
Cycloglypha thrasibulus,Mylon pelopidas
Cycloglypha thrasibulus,Ocaria ocrisia
Cycloglypha thrasibulus,Olla v-nigrum
Cycloglypha thrasibulus,Paches polla
Cycloglypha thrasibulus,Pachycondyla villosa
Cycloglypha thrasibulus,Parides photinus
Cycloglypha thrasibulus,Periplaneta americana
Cycloglypha thrasibulus,Phoebis agarithe
Cycloglypha thrasibulus,Phoebis marcellina
Cycloglypha thrasibulus,Phoebis sennae
Cycloglypha thrasibulus,Pseudolycaena damo
Cycloglypha thrasibulus,Pyrgus communis
Cycloglypha thrasibulus,Pyrisitia lisa
Cycloglypha thrasibulus,Pyrisitia proterpia
Cycloglypha thrasibulus,Rekoa palegon
Cycloglypha thrasibulus,Siproeta stelenes
Cycloglypha thrasibulus,Spathilepia clonius
Cycloglypha thrasibulus,Staphylus mazans
Cycloglypha thrasibulus,Stilpnochlora azteca
Cycloglypha thrasibulus,Strymon albata
Cycloglypha thrasibulus,Synale cynaxa
Cycloglypha thrasibulus,Thecla bathildis
Cycloglypha thrasibulus,Thecla bebrycia
Cycloglypha thrasibulus,Thessalia theona
Cycloglypha thrasibulus,Urbanus dorantes
Cycloglypha thrasibulus,Urbanus procne
Cycloglypha thrasibulus,Zopyrion sandace
Danaus gilippus,Danaus plexippus
Danaus gilippus,Dione juno
Danaus gilippus,Doxocopa laure
Danaus gilippus,Dryas iulia
Danaus gilippus,Dynamine mylitta
Danaus gilippus,Echinargus isola
Danaus gilippus,Enyo ocypete
Danaus gilippus,Eurema daira
Danaus gilippus,Eurema lisa
Danaus gilippus,Eurema mexicana
Danaus gilippus,Ganyra josephina
Danaus gilippus,Gorgythion begga
Danaus gilippus,Heliconius charithonia
Danaus gilippus,Heliconius erato
Danaus gilippus,Heliopetes laviana
Danaus gilippus,Hemeroplanes triptolemus
Danaus gilippus,Hemiargus ceraunus
Danaus gilippus,Hoodus pelopidas
Danaus gilippus,Hylephila phyleus
Danaus gilippus,Leptotes cassius
Danaus gilippus,Marpesia chiron
Danaus gilippus,Marpesia petreus
Danaus gilippus,Mecistogaster ornata
Danaus gilippus,Megalopyge ravida
Danaus gilippus,Melanis pixe
Danaus gilippus,Melete lycimnia
Danaus gilippus,Mellana eulogius
Danaus gilippus,Mylon pelopidas
Danaus gilippus,Ocaria ocrisia
Danaus gilippus,Olla v-nigrum
Danaus gilippus,Paches polla
Danaus gilippus,Pachycondyla villosa
Danaus gilippus,Parides photinus
Danaus gilippus,Periplaneta americana
Danaus gilippus,Phoebis agarithe
Danaus gilippus,Phoebis marcellina
Danaus gilippus,Phoebis sennae
Danaus gilippus,Pseudolycaena damo
Danaus gilippus,Pyrgus communis
Danaus gilippus,Pyrisitia lisa
Danaus gilippus,Pyrisitia proterpia
Danaus gilippus,Rekoa palegon
Danaus gilippus,Siproeta stelenes
Danaus gilippus,Spathilepia clonius
Danaus gilippus,Staphylus mazans
Danaus gilippus,Stilpnochlora azteca
Danaus gilippus,Strymon albata
Danaus gilippus,Synale cynaxa
Danaus gilippus,Thecla bathildis
Danaus gilippus,Thecla bebrycia
Danaus gilippus,Thessalia theona
Danaus gilippus,Urbanus dorantes
Danaus gilippus,Urbanus procne
Danaus gilippus,Zopyrion sandace
Danaus plexippus,Dione juno
Danaus plexippus,Doxocopa laure
Danaus plexippus,Dryas iulia
Danaus plexippus,Dynamine mylitta
Danaus plexippus,Echinargus isola
Danaus plexippus,Enyo ocypete
Danaus plexippus,Eurema daira
Danaus plexippus,Eurema lisa
Danaus plexippus,Eurema mexicana
Danaus plexippus,Ganyra josephina
Danaus plexippus,Gorgythion begga
Danaus plexippus,Heliconius charithonia
Danaus plexippus,Heliconius erato
Danaus plexippus,Heliopetes laviana
Danaus plexippus,Hemeroplanes triptolemus
Danaus plexippus,Hemiargus ceraunus
Danaus plexippus,Hoodus pelopidas
Danaus plexippus,Hylephila phyleus
Danaus plexippus,Leptotes cassius
Danaus plexippus,Marpesia chiron
Danaus plexippus,Marpesia petreus
Danaus plexippus,Mecistogaster ornata
Danaus plexippus,Megalopyge ravida
Danaus plexippus,Melanis pixe
Danaus plexippus,Melete lycimnia
Danaus plexippus,Mellana eulogius
Danaus plexippus,Mylon pelopidas
Danaus plexippus,Ocaria ocrisia
Danaus plexippus,Olla v-nigrum
Danaus plexippus,Paches polla
Danaus plexippus,Pachycondyla villosa
Danaus plexippus,Parides photinus
Danaus plexippus,Periplaneta americana
Danaus plexippus,Phoebis agarithe
Danaus plexippus,Phoebis marcellina
Danaus plexippus,Phoebis sennae
Danaus plexippus,Pseudolycaena damo
Danaus plexippus,Pyrgus communis
Danaus plexippus,Pyrisitia lisa
Danaus plexippus,Pyrisitia proterpia
Danaus plexippus,Rekoa palegon
Danaus plexippus,Siproeta stelenes
Danaus plexippus,Spathilepia clonius
Danaus plexippus,Staphylus mazans
Danaus plexippus,Stilpnochlora azteca
Danaus plexippus,Strymon albata
Danaus plexippus,Synale cynaxa
Danaus plexippus,Thecla bathildis
Danaus plexippus,Thecla bebrycia
Danaus plexippus,Thessalia theona
Danaus plexippus,Urbanus dorantes
Danaus plexippus,Urbanus procne
Danaus plexippus,Zopyrion sandace
Dione juno,Doxocopa laure
Dione juno,Dryas iulia
Dione juno,Dynamine mylitta
Dione juno,Echinargus isola
Dione juno,Enyo ocypete
Dione juno,Eurema daira
Dione juno,Eurema lisa
Dione juno,Eurema mexicana
Dione juno,Ganyra josephina
Dione juno,Gorgythion begga
Dione juno,Heliconius charithonia
Dione juno,Heliconius erato
Dione juno,Heliopetes laviana
Dione juno,Hemeroplanes triptolemus
Dione juno,Hemiargus ceraunus
Dione juno,Hoodus pelopidas
Dione juno,Hylephila phyleus
Dione juno,Leptotes cassius
Dione juno,Marpesia chiron
Dione juno,Marpesia petreus
Dione juno,Mecistogaster ornata
Dione juno,Megalopyge ravida
Dione juno,Melanis pixe
Dione juno,Melete lycimnia
Dione juno,Mellana eulogius
Dione juno,Mylon pelopidas
Dione juno,Ocaria ocrisia
Dione juno,Olla v-nigrum
Dione juno,Paches polla
Dione juno,Pachycondyla villosa
Dione juno,Parides photinus
Dione juno,Periplaneta americana
Dione juno,Phoebis agarithe
Dione juno,Phoebis marcellina
Dione juno,Phoebis sennae
Dione juno,Pseudolycaena damo
Dione juno,Pyrgus communis
Dione juno,Pyrisitia lisa
Dione juno,Pyrisitia proterpia
Dione juno,Rekoa palegon
Dione juno,Siproeta stelenes
Dione juno,Spathilepia clonius
Dione juno,Staphylus mazans
Dione juno,Stilpnochlora azteca
Dione juno,Strymon albata
Dione juno,Synale cynaxa
Dione juno,Thecla bathildis
Dione juno,Thecla bebrycia
Dione juno,Thessalia theona
Dione juno,Urbanus dorantes
Dione juno,Urbanus procne
Dione juno,Zopyrion sandace
Doxocopa laure,Dryas iulia
Doxocopa laure,Dynamine mylitta
Doxocopa laure,Echinargus isola
Doxocopa laure,Enyo ocypete
Doxocopa laure,Eurema daira
Doxocopa laure,Eurema lisa
Doxocopa laure,Eurema mexicana
Doxocopa laure,Ganyra josephina
Doxocopa laure,Gorgythion begga
Doxocopa laure,Heliconius charithonia
Doxocopa laure,Heliconius erato
Doxocopa laure,Heliopetes laviana
Doxocopa laure,Hemeroplanes triptolemus
Doxocopa laure,Hemiargus ceraunus
Doxocopa laure,Hoodus pelopidas
Doxocopa laure,Hylephila phyleus
Doxocopa laure,Leptotes cassius
Doxocopa laure,Marpesia chiron
Doxocopa laure,Marpesia petreus
Doxocopa laure,Mecistogaster ornata
Doxocopa laure,Megalopyge ravida
Doxocopa laure,Melanis pixe
Doxocopa laure,Melete lycimnia
Doxocopa laure,Mellana eulogius
Doxocopa laure,Mylon pelopidas
Doxocopa laure,Ocaria ocrisia
Doxocopa laure,Olla v-nigrum
Doxocopa laure,Paches polla
Doxocopa laure,Pachycondyla villosa
Doxocopa laure,Parides photinus
Doxocopa laure,Periplaneta americana
Doxocopa laure,Phoebis agarithe
Doxocopa laure,Phoebis marcellina
Doxocopa laure,Phoebis sennae
Doxocopa laure,Pseudolycaena damo
Doxocopa laure,Pyrgus communis
Doxocopa laure,Pyrisitia lisa
Doxocopa laure,Pyrisitia proterpia
Doxocopa laure,Rekoa palegon
Doxocopa laure,Siproeta stelenes
Doxocopa laure,Spathilepia clonius
Doxocopa laure,Staphylus mazans
Doxocopa laure,Stilpnochlora azteca
Doxocopa laure,Strymon albata
Doxocopa laure,Synale cynaxa
Doxocopa laure,Thecla bathildis
Doxocopa laure,Thecla bebrycia
Doxocopa laure,Thessalia theona
Doxocopa laure,Urbanus dorantes
Doxocopa laure,Urbanus procne
Doxocopa laure,Zopyrion sandace
Dryas iulia,Dynamine mylitta
Dryas iulia,Echinargus isola
Dryas iulia,Enyo ocypete
Dryas iulia,Eurema daira
Dryas iulia,Eurema lisa
Dryas iulia,Eurema mexicana
Dryas iulia,Ganyra josephina
Dryas iulia,Gorgythion begga
Dryas iulia,Heliconius charithonia
Dryas iulia,Heliconius erato
Dryas iulia,Heliopetes laviana
Dryas iulia,Hemeroplanes triptolemus
Dryas iulia,Hemiargus ceraunus
Dryas iulia,Hoodus pelopidas
Dryas iulia,Hylephila phyleus
Dryas iulia,Leptotes cassius
Dryas iulia,Marpesia chiron
Dryas iulia,Marpesia petreus
Dryas iulia,Mecistogaster ornata
Dryas iulia,Megalopyge ravida
Dryas iulia,Melanis pixe
Dryas iulia,Melete lycimnia
Dryas iulia,Mellana eulogius
Dryas iulia,Mylon pelopidas
Dryas iulia,Ocaria ocrisia
Dryas iulia,Olla v-nigrum
Dryas iulia,Paches polla
Dryas iulia,Pachycondyla villosa
Dryas iulia,Parides photinus
Dryas iulia,Periplaneta americana
Dryas iulia,Phoebis agarithe
Dryas iulia,Phoebis marcellina
Dryas iulia,Phoebis sennae
Dryas iulia,Pseudolycaena damo
Dryas iulia,Pyrgus communis
Dryas iulia,Pyrisitia lisa
Dryas iulia,Pyrisitia proterpia
Dryas iulia,Rekoa palegon
Dryas iulia,Siproeta stelenes
Dryas iulia,Spathilepia clonius
Dryas iulia,Staphylus mazans
Dryas iulia,Stilpnochlora azteca
Dryas iulia,Strymon albata
Dryas iulia,Synale cynaxa
Dryas iulia,Thecla bathildis
Dryas iulia,Thecla bebrycia
Dryas iulia,Thessalia theona
Dryas iulia,Urbanus dorantes
Dryas iulia,Urbanus procne
Dryas iulia,Zopyrion sandace
Dynamine mylitta,Echinargus isola
Dynamine mylitta,Enyo ocypete
Dynamine mylitta,Eurema daira
Dynamine mylitta,Eurema lisa
Dynamine mylitta,Eurema mexicana
Dynamine mylitta,Ganyra josephina
Dynamine mylitta,Gorgythion begga
Dynamine mylitta,Heliconius charithonia
Dynamine mylitta,Heliconius erato
Dynamine mylitta,Heliopetes laviana
Dynamine mylitta,Hemeroplanes triptolemus
Dynamine mylitta,Hemiargus ceraunus
Dynamine mylitta,Hoodus pelopidas
Dynamine mylitta,Hylephila phyleus
Dynamine mylitta,Leptotes cassius
Dynamine mylitta,Marpesia chiron
Dynamine mylitta,Marpesia petreus
Dynamine mylitta,Mecistogaster ornata
Dynamine mylitta,Megalopyge ravida
Dynamine mylitta,Melanis pixe
Dynamine mylitta,Melete lycimnia
Dynamine mylitta,Mellana eulogius
Dynamine mylitta,Mylon pelopidas
Dynamine mylitta,Ocaria ocrisia
Dynamine mylitta,Olla v-nigrum
Dynamine mylitta,Paches polla
Dynamine mylitta,Pachycondyla villosa
Dynamine mylitta,Parides photinus
Dynamine mylitta,Periplaneta americana
Dynamine mylitta,Phoebis agarithe
Dynamine mylitta,Phoebis marcellina
Dynamine mylitta,Phoebis sennae
Dynamine mylitta,Pseudolycaena damo
Dynamine mylitta,Pyrgus communis
Dynamine mylitta,Pyrisitia lisa
Dynamine mylitta,Pyrisitia proterpia
Dynamine mylitta,Rekoa palegon
Dynamine mylitta,Siproeta stelenes
Dynamine mylitta,Spathilepia clonius
Dynamine mylitta,Staphylus mazans
Dynamine mylitta,Stilpnochlora azteca
Dynamine mylitta,Strymon albata
Dynamine mylitta,Synale cynaxa
Dynamine mylitta,Thecla bathildis
Dynamine mylitta,Thecla bebrycia
Dynamine mylitta,Thessalia theona
Dynamine mylitta,Urbanus dorantes
Dynamine mylitta,Urbanus procne
Dynamine mylitta,Zopyrion sandace
Echinargus isola,Enyo ocypete
Echinargus isola,Eurema daira
Echinargus isola,Eurema lisa
Echinargus isola,Eurema mexicana
Echinargus isola,Ganyra josephina
Echinargus isola,Gorgythion begga
Echinargus isola,Heliconius charithonia
Echinargus isola,Heliconius erato
Echinargus isola,Heliopetes laviana
Echinargus isola,Hemeroplanes triptolemus
Echinargus isola,Hemiargus ceraunus
Echinargus isola,Hoodus pelopidas
Echinargus isola,Hylephila phyleus
Echinargus isola,Leptotes cassius
Echinargus isola,Marpesia chiron
Echinargus isola,Marpesia petreus
Echinargus isola,Mecistogaster ornata
Echinargus isola,Megalopyge ravida
Echinargus isola,Melanis pixe
Echinargus isola,Melete lycimnia
Echinargus isola,Mellana eulogius
Echinargus isola,Mylon pelopidas
Echinargus isola,Ocaria ocrisia
Echinargus isola,Olla v-nigrum
Echinargus isola,Paches polla
Echinargus isola,Pachycondyla villosa
Echinargus isola,Parides photinus
Echinargus isola,Periplaneta americana
Echinargus isola,Phoebis agarithe
Echinargus isola,Phoebis marcellina
Echinargus isola,Phoebis sennae
Echinargus isola,Pseudolycaena damo
Echinargus isola,Pyrgus communis
Echinargus isola,Pyrisitia lisa
Echinargus isola,Pyrisitia proterpia
Echinargus isola,Rekoa palegon
Echinargus isola,Siproeta stelenes
Echinargus isola,Spathilepia clonius
Echinargus isola,Staphylus mazans
Echinargus isola,Stilpnochlora azteca
Echinargus isola,Strymon albata
Echinargus isola,Synale cynaxa
Echinargus isola,Thecla bathildis
Echinargus isola,Thecla bebrycia
Echinargus isola,Thessalia theona
Echinargus isola,Urbanus dorantes
Echinargus isola,Urbanus procne
Echinargus isola,Zopyrion sandace
Enyo ocypete,Eurema daira
Enyo ocypete,Eurema lisa
Enyo ocypete,Eurema mexicana
Enyo ocypete,Ganyra josephina
Enyo ocypete,Gorgythion begga
Enyo ocypete,Heliconius charithonia
Enyo ocypete,Heliconius erato
Enyo ocypete,Heliopetes laviana
Enyo ocypete,Hemeroplanes triptolemus
Enyo ocypete,Hemiargus ceraunus
Enyo ocypete,Hoodus pelopidas
Enyo ocypete,Hylephila phyleus
Enyo ocypete,Leptotes cassius
Enyo ocypete,Marpesia chiron
Enyo ocypete,Marpesia petreus
Enyo ocypete,Mecistogaster ornata
Enyo ocypete,Megalopyge ravida
Enyo ocypete,Melanis pixe
Enyo ocypete,Melete lycimnia
Enyo ocypete,Mellana eulogius
Enyo ocypete,Mylon pelopidas
Enyo ocypete,Ocaria ocrisia
Enyo ocypete,Olla v-nigrum
Enyo ocypete,Paches polla
Enyo ocypete,Pachycondyla villosa
Enyo ocypete,Parides photinus
Enyo ocypete,Periplaneta americana
Enyo ocypete,Phoebis agarithe
Enyo ocypete,Phoebis marcellina
Enyo ocypete,Phoebis sennae
Enyo ocypete,Pseudolycaena damo
Enyo ocypete,Pyrgus communis
Enyo ocypete,Pyrisitia lisa
Enyo ocypete,Pyrisitia proterpia
Enyo ocypete,Rekoa palegon
Enyo ocypete,Siproeta stelenes
Enyo ocypete,Spathilepia clonius
Enyo ocypete,Staphylus mazans
Enyo ocypete,Stilpnochlora azteca
Enyo ocypete,Strymon albata
Enyo ocypete,Synale cynaxa
Enyo ocypete,Thecla bathildis
Enyo ocypete,Thecla bebrycia
Enyo ocypete,Thessalia theona
Enyo ocypete,Urbanus dorantes
Enyo ocypete,Urbanus procne
Enyo ocypete,Zopyrion sandace
Eurema daira,Eurema lisa
Eurema daira,Eurema mexicana
Eurema daira,Ganyra josephina
Eurema daira,Gorgythion begga
Eurema daira,Heliconius charithonia
Eurema daira,Heliconius erato
Eurema daira,Heliopetes laviana
Eurema daira,Hemeroplanes triptolemus
Eurema daira,Hemiargus ceraunus
Eurema daira,Hoodus pelopidas
Eurema daira,Hylephila phyleus
Eurema daira,Leptotes cassius
Eurema daira,Marpesia chiron
Eurema daira,Marpesia petreus
Eurema daira,Mecistogaster ornata
Eurema daira,Megalopyge ravida
Eurema daira,Melanis pixe
Eurema daira,Melete lycimnia
Eurema daira,Mellana eulogius
Eurema daira,Mylon pelopidas
Eurema daira,Ocaria ocrisia
Eurema daira,Olla v-nigrum
Eurema daira,Paches polla
Eurema daira,Pachycondyla villosa
Eurema daira,Parides photinus
Eurema daira,Periplaneta americana
Eurema daira,Phoebis agarithe
Eurema daira,Phoebis marcellina
Eurema daira,Phoebis sennae
Eurema daira,Pseudolycaena damo
Eurema daira,Pyrgus communis
Eurema daira,Pyrisitia lisa
Eurema daira,Pyrisitia proterpia
Eurema daira,Rekoa palegon
Eurema daira,Siproeta stelenes
Eurema daira,Spathilepia clonius
Eurema daira,Staphylus mazans
Eurema daira,Stilpnochlora azteca
Eurema daira,Strymon albata
Eurema daira,Synale cynaxa
Eurema daira,Thecla bathildis
Eurema daira,Thecla bebrycia
Eurema daira,Thessalia theona
Eurema daira,Urbanus dorantes
Eurema daira,Urbanus procne
Eurema daira,Zopyrion sandace
Eurema lisa,Eurema mexicana
Eurema lisa,Ganyra josephina
Eurema lisa,Gorgythion begga
Eurema lisa,Heliconius charithonia
Eurema lisa,Heliconius erato
Eurema lisa,Heliopetes laviana
Eurema lisa,Hemeroplanes triptolemus
Eurema lisa,Hemiargus ceraunus
Eurema lisa,Hoodus pelopidas
Eurema lisa,Hylephila phyleus
Eurema lisa,Leptotes cassius
Eurema lisa,Marpesia chiron
Eurema lisa,Marpesia petreus
Eurema lisa,Mecistogaster ornata
Eurema lisa,Megalopyge ravida
Eurema lisa,Melanis pixe
Eurema lisa,Melete lycimnia
Eurema lisa,Mellana eulogius
Eurema lisa,Mylon pelopidas
Eurema lisa,Ocaria ocrisia
Eurema lisa,Olla v-nigrum
Eurema lisa,Paches polla
Eurema lisa,Pachycondyla villosa
Eurema lisa,Parides photinus
Eurema lisa,Periplaneta americana
Eurema lisa,Phoebis agarithe
Eurema lisa,Phoebis marcellina
Eurema lisa,Phoebis sennae
Eurema lisa,Pseudolycaena damo
Eurema lisa,Pyrgus communis
Eurema lisa,Pyrisitia lisa
Eurema lisa,Pyrisitia proterpia
Eurema lisa,Rekoa palegon
Eurema lisa,Siproeta stelenes
Eurema lisa,Spathilepia clonius
Eurema lisa,Staphylus mazans
Eurema lisa,Stilpnochlora azteca
Eurema lisa,Strymon albata
Eurema lisa,Synale cynaxa
Eurema lisa,Thecla bathildis
Eurema lisa,Thecla bebrycia
Eurema lisa,Thessalia theona
Eurema lisa,Urbanus dorantes
Eurema lisa,Urbanus procne
Eurema lisa,Zopyrion sandace
Eurema mexicana,Ganyra josephina
Eurema mexicana,Gorgythion begga
Eurema mexicana,Heliconius charithonia
Eurema mexicana,Heliconius erato
Eurema mexicana,Heliopetes laviana
Eurema mexicana,Hemeroplanes triptolemus
Eurema mexicana,Hemiargus ceraunus
Eurema mexicana,Hoodus pelopidas
Eurema mexicana,Hylephila phyleus
Eurema mexicana,Leptotes cassius
Eurema mexicana,Marpesia chiron
Eurema mexicana,Marpesia petreus
Eurema mexicana,Mecistogaster ornata
Eurema mexicana,Megalopyge ravida
Eurema mexicana,Melanis pixe
Eurema mexicana,Melete lycimnia
Eurema mexicana,Mellana eulogius
Eurema mexicana,Mylon pelopidas
Eurema mexicana,Ocaria ocrisia
Eurema mexicana,Olla v-nigrum
Eurema mexicana,Paches polla
Eurema mexicana,Pachycondyla villosa
Eurema mexicana,Parides photinus
Eurema mexicana,Periplaneta americana
Eurema mexicana,Phoebis agarithe
Eurema mexicana,Phoebis marcellina
Eurema mexicana,Phoebis sennae
Eurema mexicana,Pseudolycaena damo
Eurema mexicana,Pyrgus communis
Eurema mexicana,Pyrisitia lisa
Eurema mexicana,Pyrisitia proterpia
Eurema mexicana,Rekoa palegon
Eurema mexicana,Siproeta stelenes
Eurema mexicana,Spathilepia clonius
Eurema mexicana,Staphylus mazans
Eurema mexicana,Stilpnochlora azteca
Eurema mexicana,Strymon albata
Eurema mexicana,Synale cynaxa
Eurema mexicana,Thecla bathildis
Eurema mexicana,Thecla bebrycia
Eurema mexicana,Thessalia theona
Eurema mexicana,Urbanus dorantes
Eurema mexicana,Urbanus procne
Eurema mexicana,Zopyrion sandace
Ganyra josephina,Gorgythion begga
Ganyra josephina,Heliconius charithonia
Ganyra josephina,Heliconius erato
Ganyra josephina,Heliopetes laviana
Ganyra josephina,Hemeroplanes triptolemus
Ganyra josephina,Hemiargus ceraunus
Ganyra josephina,Hoodus pelopidas
Ganyra josephina,Hylephila phyleus
Ganyra josephina,Leptotes cassius
Ganyra josephina,Marpesia chiron
Ganyra josephina,Marpesia petreus
Ganyra josephina,Mecistogaster ornata
Ganyra josephina,Megalopyge ravida
Ganyra josephina,Melanis pixe
Ganyra josephina,Melete lycimnia
Ganyra josephina,Mellana eulogius
Ganyra josephina,Mylon pelopidas
Ganyra josephina,Ocaria ocrisia
Ganyra josephina,Olla v-nigrum
Ganyra josephina,Paches polla
Ganyra josephina,Pachycondyla villosa
Ganyra josephina,Parides photinus
Ganyra josephina,Periplaneta americana
Ganyra josephina,Phoebis agarithe
Ganyra josephina,Phoebis marcellina
Ganyra josephina,Phoebis sennae
Ganyra josephina,Pseudolycaena damo
Ganyra josephina,Pyrgus communis
Ganyra josephina,Pyrisitia lisa
Ganyra josephina,Pyrisitia proterpia
Ganyra josephina,Rekoa palegon
Ganyra josephina,Siproeta stelenes
Ganyra josephina,Spathilepia clonius
Ganyra josephina,Staphylus mazans
Ganyra josephina,Stilpnochlora azteca
Ganyra josephina,Strymon albata
Ganyra josephina,Synale cynaxa
Ganyra josephina,Thecla bathildis
Ganyra josephina,Thecla bebrycia
Ganyra josephina,Thessalia theona
Ganyra josephina,Urbanus dorantes
Ganyra josephina,Urbanus procne
Ganyra josephina,Zopyrion sandace
Gorgythion begga,Heliconius charithonia
Gorgythion begga,Heliconius erato
Gorgythion begga,Heliopetes laviana
Gorgythion begga,Hemeroplanes triptolemus
Gorgythion begga,Hemiargus ceraunus
Gorgythion begga,Hoodus pelopidas
Gorgythion begga,Hylephila phyleus
Gorgythion begga,Leptotes cassius
Gorgythion begga,Marpesia chiron
Gorgythion begga,Marpesia petreus
Gorgythion begga,Mecistogaster ornata
Gorgythion begga,Megalopyge ravida
Gorgythion begga,Melanis pixe
Gorgythion begga,Melete lycimnia
Gorgythion begga,Mellana eulogius
Gorgythion begga,Mylon pelopidas
Gorgythion begga,Ocaria ocrisia
Gorgythion begga,Olla v-nigrum
Gorgythion begga,Paches polla
Gorgythion begga,Pachycondyla villosa
Gorgythion begga,Parides photinus
Gorgythion begga,Periplaneta americana
Gorgythion begga,Phoebis agarithe
Gorgythion begga,Phoebis marcellina
Gorgythion begga,Phoebis sennae
Gorgythion begga,Pseudolycaena damo
Gorgythion begga,Pyrgus communis
Gorgythion begga,Pyrisitia lisa
Gorgythion begga,Pyrisitia proterpia
Gorgythion begga,Rekoa palegon
Gorgythion begga,Siproeta stelenes
Gorgythion begga,Spathilepia clonius
Gorgythion begga,Staphylus mazans
Gorgythion begga,Stilpnochlora azteca
Gorgythion begga,Strymon albata
Gorgythion begga,Synale cynaxa
Gorgythion begga,Thecla bathildis
Gorgythion begga,Thecla bebrycia
Gorgythion begga,Thessalia theona
Gorgythion begga,Urbanus dorantes
Gorgythion begga,Urbanus procne
Gorgythion begga,Zopyrion sandace
Heliconius charithonia,Heliconius erato
Heliconius charithonia,Heliopetes laviana
Heliconius charithonia,Hemeroplanes triptolemus
Heliconius charithonia,Hemiargus ceraunus
Heliconius charithonia,Hoodus pelopidas
Heliconius charithonia,Hylephila phyleus
Heliconius charithonia,Leptotes cassius
Heliconius charithonia,Marpesia chiron
Heliconius charithonia,Marpesia petreus
Heliconius charithonia,Mecistogaster ornata
Heliconius charithonia,Megalopyge ravida
Heliconius charithonia,Melanis pixe
Heliconius charithonia,Melete lycimnia
Heliconius charithonia,Mellana eulogius
Heliconius charithonia,Mylon pelopidas
Heliconius charithonia,Ocaria ocrisia
Heliconius charithonia,Olla v-nigrum
Heliconius charithonia,Paches polla
Heliconius charithonia,Pachycondyla villosa
Heliconius charithonia,Parides photinus
Heliconius charithonia,Periplaneta americana
Heliconius charithonia,Phoebis agarithe
Heliconius charithonia,Phoebis marcellina
Heliconius charithonia,Phoebis sennae
Heliconius charithonia,Pseudolycaena damo
Heliconius charithonia,Pyrgus communis
Heliconius charithonia,Pyrisitia lisa
Heliconius charithonia,Pyrisitia proterpia
Heliconius charithonia,Rekoa palegon
Heliconius charithonia,Siproeta stelenes
Heliconius charithonia,Spathilepia clonius
Heliconius charithonia,Staphylus mazans
Heliconius charithonia,Stilpnochlora azteca
Heliconius charithonia,Strymon albata
Heliconius charithonia,Synale cynaxa
Heliconius charithonia,Thecla bathildis
Heliconius charithonia,Thecla bebrycia
Heliconius charithonia,Thessalia theona
Heliconius charithonia,Urbanus dorantes
Heliconius charithonia,Urbanus procne
Heliconius charithonia,Zopyrion sandace
Heliconius erato,Heliopetes laviana
Heliconius erato,Hemeroplanes triptolemus
Heliconius erato,Hemiargus ceraunus
Heliconius erato,Hoodus pelopidas
Heliconius erato,Hylephila phyleus
Heliconius erato,Leptotes cassius
Heliconius erato,Marpesia chiron
Heliconius erato,Marpesia petreus
Heliconius erato,Mecistogaster ornata
Heliconius erato,Megalopyge ravida
Heliconius erato,Melanis pixe
Heliconius erato,Melete lycimnia
Heliconius erato,Mellana eulogius
Heliconius erato,Mylon pelopidas
Heliconius erato,Ocaria ocrisia
Heliconius erato,Olla v-nigrum
Heliconius erato,Paches polla
Heliconius erato,Pachycondyla villosa
Heliconius erato,Parides photinus
Heliconius erato,Periplaneta americana
Heliconius erato,Phoebis agarithe
Heliconius erato,Phoebis marcellina
Heliconius erato,Phoebis sennae
Heliconius erato,Pseudolycaena damo
Heliconius erato,Pyrgus communis
Heliconius erato,Pyrisitia lisa
Heliconius erato,Pyrisitia proterpia
Heliconius erato,Rekoa palegon
Heliconius erato,Siproeta stelenes
Heliconius erato,Spathilepia clonius
Heliconius erato,Staphylus mazans
Heliconius erato,Stilpnochlora azteca
Heliconius erato,Strymon albata
Heliconius erato,Synale cynaxa
Heliconius erato,Thecla bathildis
Heliconius erato,Thecla bebrycia
Heliconius erato,Thessalia theona
Heliconius erato,Urbanus dorantes
Heliconius erato,Urbanus procne
Heliconius erato,Zopyrion sandace
Heliopetes laviana,Hemeroplanes triptolemus
Heliopetes laviana,Hemiargus ceraunus
Heliopetes laviana,Hoodus pelopidas
Heliopetes laviana,Hylephila phyleus
Heliopetes laviana,Leptotes cassius
Heliopetes laviana,Marpesia chiron
Heliopetes laviana,Marpesia petreus
Heliopetes laviana,Mecistogaster ornata
Heliopetes laviana,Megalopyge ravida
Heliopetes laviana,Melanis pixe
Heliopetes laviana,Melete lycimnia
Heliopetes laviana,Mellana eulogius
Heliopetes laviana,Mylon pelopidas
Heliopetes laviana,Ocaria ocrisia
Heliopetes laviana,Olla v-nigrum
Heliopetes laviana,Paches polla
Heliopetes laviana,Pachycondyla villosa
Heliopetes laviana,Parides photinus
Heliopetes laviana,Periplaneta americana
Heliopetes laviana,Phoebis agarithe
Heliopetes laviana,Phoebis marcellina
Heliopetes laviana,Phoebis sennae
Heliopetes laviana,Pseudolycaena damo
Heliopetes laviana,Pyrgus communis
Heliopetes laviana,Pyrisitia lisa
Heliopetes laviana,Pyrisitia proterpia
Heliopetes laviana,Rekoa palegon
Heliopetes laviana,Siproeta stelenes
Heliopetes laviana,Spathilepia clonius
Heliopetes laviana,Staphylus mazans
Heliopetes laviana,Stilpnochlora azteca
Heliopetes laviana,Strymon albata
Heliopetes laviana,Synale cynaxa
Heliopetes laviana,Thecla bathildis
Heliopetes laviana,Thecla bebrycia
Heliopetes laviana,Thessalia theona
Heliopetes laviana,Urbanus dorantes
Heliopetes laviana,Urbanus procne
Heliopetes laviana,Zopyrion sandace
Hemeroplanes triptolemus,Hemiargus ceraunus
Hemeroplanes triptolemus,Hoodus pelopidas
Hemeroplanes triptolemus,Hylephila phyleus
Hemeroplanes triptolemus,Leptotes cassius
Hemeroplanes triptolemus,Marpesia chiron
Hemeroplanes triptolemus,Marpesia petreus
Hemeroplanes triptolemus,Mecistogaster ornata
Hemeroplanes triptolemus,Megalopyge ravida
Hemeroplanes triptolemus,Melanis pixe
Hemeroplanes triptolemus,Melete lycimnia
Hemeroplanes triptolemus,Mellana eulogius
Hemeroplanes triptolemus,Mylon pelopidas
Hemeroplanes triptolemus,Ocaria ocrisia
Hemeroplanes triptolemus,Olla v-nigrum
Hemeroplanes triptolemus,Paches polla
Hemeroplanes triptolemus,Pachycondyla villosa
Hemeroplanes triptolemus,Parides photinus
Hemeroplanes triptolemus,Periplaneta americana
Hemeroplanes triptolemus,Phoebis agarithe
Hemeroplanes triptolemus,Phoebis marcellina
Hemeroplanes triptolemus,Phoebis sennae
Hemeroplanes triptolemus,Pseudolycaena damo
Hemeroplanes triptolemus,Pyrgus communis
Hemeroplanes triptolemus,Pyrisitia lisa
Hemeroplanes triptolemus,Pyrisitia proterpia
Hemeroplanes triptolemus,Rekoa palegon
Hemeroplanes triptolemus,Siproeta stelenes
Hemeroplanes triptolemus,Spathilepia clonius
Hemeroplanes triptolemus,Staphylus mazans
Hemeroplanes triptolemus,Stilpnochlora azteca
Hemeroplanes triptolemus,Strymon albata
Hemeroplanes triptolemus,Synale cynaxa
Hemeroplanes triptolemus,Thecla bathildis
Hemeroplanes triptolemus,Thecla bebrycia
Hemeroplanes triptolemus,Thessalia theona
Hemeroplanes triptolemus,Urbanus dorantes
Hemeroplanes triptolemus,Urbanus procne
Hemeroplanes triptolemus,Zopyrion sandace
Hemiargus ceraunus,Hoodus pelopidas
Hemiargus ceraunus,Hylephila phyleus
Hemiargus ceraunus,Leptotes cassius
Hemiargus ceraunus,Marpesia chiron
Hemiargus ceraunus,Marpesia petreus
Hemiargus ceraunus,Mecistogaster ornata
Hemiargus ceraunus,Megalopyge ravida
Hemiargus ceraunus,Melanis pixe
Hemiargus ceraunus,Melete lycimnia
Hemiargus ceraunus,Mellana eulogius
Hemiargus ceraunus,Mylon pelopidas
Hemiargus ceraunus,Ocaria ocrisia
Hemiargus ceraunus,Olla v-nigrum
Hemiargus ceraunus,Paches polla
Hemiargus ceraunus,Pachycondyla villosa
Hemiargus ceraunus,Parides photinus
Hemiargus ceraunus,Periplaneta americana
Hemiargus ceraunus,Phoebis agarithe
Hemiargus ceraunus,Phoebis marcellina
Hemiargus ceraunus,Phoebis sennae
Hemiargus ceraunus,Pseudolycaena damo
Hemiargus ceraunus,Pyrgus communis
Hemiargus ceraunus,Pyrisitia lisa
Hemiargus ceraunus,Pyrisitia proterpia
Hemiargus ceraunus,Rekoa palegon
Hemiargus ceraunus,Siproeta stelenes
Hemiargus ceraunus,Spathilepia clonius
Hemiargus ceraunus,Staphylus mazans
Hemiargus ceraunus,Stilpnochlora azteca
Hemiargus ceraunus,Strymon albata
Hemiargus ceraunus,Synale cynaxa
Hemiargus ceraunus,Thecla bathildis
Hemiargus ceraunus,Thecla bebrycia
Hemiargus ceraunus,Thessalia theona
Hemiargus ceraunus,Urbanus dorantes
Hemiargus ceraunus,Urbanus procne
Hemiargus ceraunus,Zopyrion sandace
Hoodus pelopidas,Hylephila phyleus
Hoodus pelopidas,Leptotes cassius
Hoodus pelopidas,Marpesia chiron
Hoodus pelopidas,Marpesia petreus
Hoodus pelopidas,Mecistogaster ornata
Hoodus pelopidas,Megalopyge ravida
Hoodus pelopidas,Melanis pixe
Hoodus pelopidas,Melete lycimnia
Hoodus pelopidas,Mellana eulogius
Hoodus pelopidas,Mylon pelopidas
Hoodus pelopidas,Ocaria ocrisia
Hoodus pelopidas,Olla v-nigrum
Hoodus pelopidas,Paches polla
Hoodus pelopidas,Pachycondyla villosa
Hoodus pelopidas,Parides photinus
Hoodus pelopidas,Periplaneta americana
Hoodus pelopidas,Phoebis agarithe
Hoodus pelopidas,Phoebis marcellina
Hoodus pelopidas,Phoebis sennae
Hoodus pelopidas,Pseudolycaena damo
Hoodus pelopidas,Pyrgus communis
Hoodus pelopidas,Pyrisitia lisa
Hoodus pelopidas,Pyrisitia proterpia
Hoodus pelopidas,Rekoa palegon
Hoodus pelopidas,Siproeta stelenes
Hoodus pelopidas,Spathilepia clonius
Hoodus pelopidas,Staphylus mazans
Hoodus pelopidas,Stilpnochlora azteca
Hoodus pelopidas,Strymon albata
Hoodus pelopidas,Synale cynaxa
Hoodus pelopidas,Thecla bathildis
Hoodus pelopidas,Thecla bebrycia
Hoodus pelopidas,Thessalia theona
Hoodus pelopidas,Urbanus dorantes
Hoodus pelopidas,Urbanus procne
Hoodus pelopidas,Zopyrion sandace
Hylephila phyleus,Leptotes cassius
Hylephila phyleus,Marpesia chiron
Hylephila phyleus,Marpesia petreus
Hylephila phyleus,Mecistogaster ornata
Hylephila phyleus,Megalopyge ravida
Hylephila phyleus,Melanis pixe
Hylephila phyleus,Melete lycimnia
Hylephila phyleus,Mellana eulogius
Hylephila phyleus,Mylon pelopidas
Hylephila phyleus,Ocaria ocrisia
Hylephila phyleus,Olla v-nigrum
Hylephila phyleus,Paches polla
Hylephila phyleus,Pachycondyla villosa
Hylephila phyleus,Parides photinus
Hylephila phyleus,Periplaneta americana
Hylephila phyleus,Phoebis agarithe
Hylephila phyleus,Phoebis marcellina
Hylephila phyleus,Phoebis sennae
Hylephila phyleus,Pseudolycaena damo
Hylephila phyleus,Pyrgus communis
Hylephila phyleus,Pyrisitia lisa
Hylephila phyleus,Pyrisitia proterpia
Hylephila phyleus,Rekoa palegon
Hylephila phyleus,Siproeta stelenes
Hylephila phyleus,Spathilepia clonius
Hylephila phyleus,Staphylus mazans
Hylephila phyleus,Stilpnochlora azteca
Hylephila phyleus,Strymon albata
Hylephila phyleus,Synale cynaxa
Hylephila phyleus,Thecla bathildis
Hylephila phyleus,Thecla bebrycia
Hylephila phyleus,Thessalia theona
Hylephila phyleus,Urbanus dorantes
Hylephila phyleus,Urbanus procne
Hylephila phyleus,Zopyrion sandace
Leptotes cassius,Marpesia chiron
Leptotes cassius,Marpesia petreus
Leptotes cassius,Mecistogaster ornata
Leptotes cassius,Megalopyge ravida
Leptotes cassius,Melanis pixe
Leptotes cassius,Melete lycimnia
Leptotes cassius,Mellana eulogius
Leptotes cassius,Mylon pelopidas
Leptotes cassius,Ocaria ocrisia
Leptotes cassius,Olla v-nigrum
Leptotes cassius,Paches polla
Leptotes cassius,Pachycondyla villosa
Leptotes cassius,Parides photinus
Leptotes cassius,Periplaneta americana
Leptotes cassius,Phoebis agarithe
Leptotes cassius,Phoebis marcellina
Leptotes cassius,Phoebis sennae
Leptotes cassius,Pseudolycaena damo
Leptotes cassius,Pyrgus communis
Leptotes cassius,Pyrisitia lisa
Leptotes cassius,Pyrisitia proterpia
Leptotes cassius,Rekoa palegon
Leptotes cassius,Siproeta stelenes
Leptotes cassius,Spathilepia clonius
Leptotes cassius,Staphylus mazans
Leptotes cassius,Stilpnochlora azteca
Leptotes cassius,Strymon albata
Leptotes cassius,Synale cynaxa
Leptotes cassius,Thecla bathildis
Leptotes cassius,Thecla bebrycia
Leptotes cassius,Thessalia theona
Leptotes cassius,Urbanus dorantes
Leptotes cassius,Urbanus procne
Leptotes cassius,Zopyrion sandace
Marpesia chiron,Marpesia petreus
Marpesia chiron,Mecistogaster ornata
Marpesia chiron,Megalopyge ravida
Marpesia chiron,Melanis pixe
Marpesia chiron,Melete lycimnia
Marpesia chiron,Mellana eulogius
Marpesia chiron,Mylon pelopidas
Marpesia chiron,Ocaria ocrisia
Marpesia chiron,Olla v-nigrum
Marpesia chiron,Paches polla
Marpesia chiron,Pachycondyla villosa
Marpesia chiron,Parides photinus
Marpesia chiron,Periplaneta americana
Marpesia chiron,Phoebis agarithe
Marpesia chiron,Phoebis marcellina
Marpesia chiron,Phoebis sennae
Marpesia chiron,Pseudolycaena damo
Marpesia chiron,Pyrgus communis
Marpesia chiron,Pyrisitia lisa
Marpesia chiron,Pyrisitia proterpia
Marpesia chiron,Rekoa palegon
Marpesia chiron,Siproeta stelenes
Marpesia chiron,Spathilepia clonius
Marpesia chiron,Staphylus mazans
Marpesia chiron,Stilpnochlora azteca
Marpesia chiron,Strymon albata
Marpesia chiron,Synale cynaxa
Marpesia chiron,Thecla bathildis
Marpesia chiron,Thecla bebrycia
Marpesia chiron,Thessalia theona
Marpesia chiron,Urbanus dorantes
Marpesia chiron,Urbanus procne
Marpesia chiron,Zopyrion sandace
Marpesia petreus,Mecistogaster ornata
Marpesia petreus,Megalopyge ravida
Marpesia petreus,Melanis pixe
Marpesia petreus,Melete lycimnia
Marpesia petreus,Mellana eulogius
Marpesia petreus,Mylon pelopidas
Marpesia petreus,Ocaria ocrisia
Marpesia petreus,Olla v-nigrum
Marpesia petreus,Paches polla
Marpesia petreus,Pachycondyla villosa
Marpesia petreus,Parides photinus
Marpesia petreus,Periplaneta americana
Marpesia petreus,Phoebis agarithe
Marpesia petreus,Phoebis marcellina
Marpesia petreus,Phoebis sennae
Marpesia petreus,Pseudolycaena damo
Marpesia petreus,Pyrgus communis
Marpesia petreus,Pyrisitia lisa
Marpesia petreus,Pyrisitia proterpia
Marpesia petreus,Rekoa palegon
Marpesia petreus,Siproeta stelenes
Marpesia petreus,Spathilepia clonius
Marpesia petreus,Staphylus mazans
Marpesia petreus,Stilpnochlora azteca
Marpesia petreus,Strymon albata
Marpesia petreus,Synale cynaxa
Marpesia petreus,Thecla bathildis
Marpesia petreus,Thecla bebrycia
Marpesia petreus,Thessalia theona
Marpesia petreus,Urbanus dorantes
Marpesia petreus,Urbanus procne
Marpesia petreus,Zopyrion sandace
Mecistogaster ornata,Megalopyge ravida
Mecistogaster ornata,Melanis pixe
Mecistogaster ornata,Melete lycimnia
Mecistogaster ornata,Mellana eulogius
Mecistogaster ornata,Mylon pelopidas
Mecistogaster ornata,Ocaria ocrisia
Mecistogaster ornata,Olla v-nigrum
Mecistogaster ornata,Paches polla
Mecistogaster ornata,Pachycondyla villosa
Mecistogaster ornata,Parides photinus
Mecistogaster ornata,Periplaneta americana
Mecistogaster ornata,Phoebis agarithe
Mecistogaster ornata,Phoebis marcellina
Mecistogaster ornata,Phoebis sennae
Mecistogaster ornata,Pseudolycaena damo
Mecistogaster ornata,Pyrgus communis
Mecistogaster ornata,Pyrisitia lisa
Mecistogaster ornata,Pyrisitia proterpia
Mecistogaster ornata,Rekoa palegon
Mecistogaster ornata,Siproeta stelenes
Mecistogaster ornata,Spathilepia clonius
Mecistogaster ornata,Staphylus mazans
Mecistogaster ornata,Stilpnochlora azteca
Mecistogaster ornata,Strymon albata
Mecistogaster ornata,Synale cynaxa
Mecistogaster ornata,Thecla bathildis
Mecistogaster ornata,Thecla bebrycia
Mecistogaster ornata,Thessalia theona
Mecistogaster ornata,Urbanus dorantes
Mecistogaster ornata,Urbanus procne
Mecistogaster ornata,Zopyrion sandace
Megalopyge ravida,Melanis pixe
Megalopyge ravida,Melete lycimnia
Megalopyge ravida,Mellana eulogius
Megalopyge ravida,Mylon pelopidas
Megalopyge ravida,Ocaria ocrisia
Megalopyge ravida,Olla v-nigrum
Megalopyge ravida,Paches polla
Megalopyge ravida,Pachycondyla villosa
Megalopyge ravida,Parides photinus
Megalopyge ravida,Periplaneta americana
Megalopyge ravida,Phoebis agarithe
Megalopyge ravida,Phoebis marcellina
Megalopyge ravida,Phoebis sennae
Megalopyge ravida,Pseudolycaena damo
Megalopyge ravida,Pyrgus communis
Megalopyge ravida,Pyrisitia lisa
Megalopyge ravida,Pyrisitia proterpia
Megalopyge ravida,Rekoa palegon
Megalopyge ravida,Siproeta stelenes
Megalopyge ravida,Spathilepia clonius
Megalopyge ravida,Staphylus mazans
Megalopyge ravida,Stilpnochlora azteca
Megalopyge ravida,Strymon albata
Megalopyge ravida,Synale cynaxa
Megalopyge ravida,Thecla bathildis
Megalopyge ravida,Thecla bebrycia
Megalopyge ravida,Thessalia theona
Megalopyge ravida,Urbanus dorantes
Megalopyge ravida,Urbanus procne
Megalopyge ravida,Zopyrion sandace
Melanis pixe,Melete lycimnia
Melanis pixe,Mellana eulogius
Melanis pixe,Mylon pelopidas
Melanis pixe,Ocaria ocrisia
Melanis pixe,Olla v-nigrum
Melanis pixe,Paches polla
Melanis pixe,Pachycondyla villosa
Melanis pixe,Parides photinus
Melanis pixe,Periplaneta americana
Melanis pixe,Phoebis agarithe
Melanis pixe,Phoebis marcellina
Melanis pixe,Phoebis sennae
Melanis pixe,Pseudolycaena damo
Melanis pixe,Pyrgus communis
Melanis pixe,Pyrisitia lisa
Melanis pixe,Pyrisitia proterpia
Melanis pixe,Rekoa palegon
Melanis pixe,Siproeta stelenes
Melanis pixe,Spathilepia clonius
Melanis pixe,Staphylus mazans
Melanis pixe,Stilpnochlora azteca
Melanis pixe,Strymon albata
Melanis pixe,Synale cynaxa
Melanis pixe,Thecla bathildis
Melanis pixe,Thecla bebrycia
Melanis pixe,Thessalia theona
Melanis pixe,Urbanus dorantes
Melanis pixe,Urbanus procne
Melanis pixe,Zopyrion sandace
Melete lycimnia,Mellana eulogius
Melete lycimnia,Mylon pelopidas
Melete lycimnia,Ocaria ocrisia
Melete lycimnia,Olla v-nigrum
Melete lycimnia,Paches polla
Melete lycimnia,Pachycondyla villosa
Melete lycimnia,Parides photinus
Melete lycimnia,Periplaneta americana
Melete lycimnia,Phoebis agarithe
Melete lycimnia,Phoebis marcellina
Melete lycimnia,Phoebis sennae
Melete lycimnia,Pseudolycaena damo
Melete lycimnia,Pyrgus communis
Melete lycimnia,Pyrisitia lisa
Melete lycimnia,Pyrisitia proterpia
Melete lycimnia,Rekoa palegon
Melete lycimnia,Siproeta stelenes
Melete lycimnia,Spathilepia clonius
Melete lycimnia,Staphylus mazans
Melete lycimnia,Stilpnochlora azteca
Melete lycimnia,Strymon albata
Melete lycimnia,Synale cynaxa
Melete lycimnia,Thecla bathildis
Melete lycimnia,Thecla bebrycia
Melete lycimnia,Thessalia theona
Melete lycimnia,Urbanus dorantes
Melete lycimnia,Urbanus procne
Melete lycimnia,Zopyrion sandace
Mellana eulogius,Mylon pelopidas
Mellana eulogius,Ocaria ocrisia
Mellana eulogius,Olla v-nigrum
Mellana eulogius,Paches polla
Mellana eulogius,Pachycondyla villosa
Mellana eulogius,Parides photinus
Mellana eulogius,Periplaneta americana
Mellana eulogius,Phoebis agarithe
Mellana eulogius,Phoebis marcellina
Mellana eulogius,Phoebis sennae
Mellana eulogius,Pseudolycaena damo
Mellana eulogius,Pyrgus communis
Mellana eulogius,Pyrisitia lisa
Mellana eulogius,Pyrisitia proterpia
Mellana eulogius,Rekoa palegon
Mellana eulogius,Siproeta stelenes
Mellana eulogius,Spathilepia clonius
Mellana eulogius,Staphylus mazans
Mellana eulogius,Stilpnochlora azteca
Mellana eulogius,Strymon albata
Mellana eulogius,Synale cynaxa
Mellana eulogius,Thecla bathildis
Mellana eulogius,Thecla bebrycia
Mellana eulogius,Thessalia theona
Mellana eulogius,Urbanus dorantes
Mellana eulogius,Urbanus procne
Mellana eulogius,Zopyrion sandace
Mylon pelopidas,Ocaria ocrisia
Mylon pelopidas,Olla v-nigrum
Mylon pelopidas,Paches polla
Mylon pelopidas,Pachycondyla villosa
Mylon pelopidas,Parides photinus
Mylon pelopidas,Periplaneta americana
Mylon pelopidas,Phoebis agarithe
Mylon pelopidas,Phoebis marcellina
Mylon pelopidas,Phoebis sennae
Mylon pelopidas,Pseudolycaena damo
Mylon pelopidas,Pyrgus communis
Mylon pelopidas,Pyrisitia lisa
Mylon pelopidas,Pyrisitia proterpia
Mylon pelopidas,Rekoa palegon
Mylon pelopidas,Siproeta stelenes
Mylon pelopidas,Spathilepia clonius
Mylon pelopidas,Staphylus mazans
Mylon pelopidas,Stilpnochlora azteca
Mylon pelopidas,Strymon albata
Mylon pelopidas,Synale cynaxa
Mylon pelopidas,Thecla bathildis
Mylon pelopidas,Thecla bebrycia
Mylon pelopidas,Thessalia theona
Mylon pelopidas,Urbanus dorantes
Mylon pelopidas,Urbanus procne
Mylon pelopidas,Zopyrion sandace
Ocaria ocrisia,Olla v-nigrum
Ocaria ocrisia,Paches polla
Ocaria ocrisia,Pachycondyla villosa
Ocaria ocrisia,Parides photinus
Ocaria ocrisia,Periplaneta americana
Ocaria ocrisia,Phoebis agarithe
Ocaria ocrisia,Phoebis marcellina
Ocaria ocrisia,Phoebis sennae
Ocaria ocrisia,Pseudolycaena damo
Ocaria ocrisia,Pyrgus communis
Ocaria ocrisia,Pyrisitia lisa
Ocaria ocrisia,Pyrisitia proterpia
Ocaria ocrisia,Rekoa palegon
Ocaria ocrisia,Siproeta stelenes
Ocaria ocrisia,Spathilepia clonius
Ocaria ocrisia,Staphylus mazans
Ocaria ocrisia,Stilpnochlora azteca
Ocaria ocrisia,Strymon albata
Ocaria ocrisia,Synale cynaxa
Ocaria ocrisia,Thecla bathildis
Ocaria ocrisia,Thecla bebrycia
Ocaria ocrisia,Thessalia theona
Ocaria ocrisia,Urbanus dorantes
Ocaria ocrisia,Urbanus procne
Ocaria ocrisia,Zopyrion sandace
Olla v-nigrum,Paches polla
Olla v-nigrum,Pachycondyla villosa
Olla v-nigrum,Parides photinus
Olla v-nigrum,Periplaneta americana
Olla v-nigrum,Phoebis agarithe
Olla v-nigrum,Phoebis marcellina
Olla v-nigrum,Phoebis sennae
Olla v-nigrum,Pseudolycaena damo
Olla v-nigrum,Pyrgus communis
Olla v-nigrum,Pyrisitia lisa
Olla v-nigrum,Pyrisitia proterpia
Olla v-nigrum,Rekoa palegon
Olla v-nigrum,Siproeta stelenes
Olla v-nigrum,Spathilepia clonius
Olla v-nigrum,Staphylus mazans
Olla v-nigrum,Stilpnochlora azteca
Olla v-nigrum,Strymon albata
Olla v-nigrum,Synale cynaxa
Olla v-nigrum,Thecla bathildis
Olla v-nigrum,Thecla bebrycia
Olla v-nigrum,Thessalia theona
Olla v-nigrum,Urbanus dorantes
Olla v-nigrum,Urbanus procne
Olla v-nigrum,Zopyrion sandace
Paches polla,Pachycondyla villosa
Paches polla,Parides photinus
Paches polla,Periplaneta americana
Paches polla,Phoebis agarithe
Paches polla,Phoebis marcellina
Paches polla,Phoebis sennae
Paches polla,Pseudolycaena damo
Paches polla,Pyrgus communis
Paches polla,Pyrisitia lisa
Paches polla,Pyrisitia proterpia
Paches polla,Rekoa palegon
Paches polla,Siproeta stelenes
Paches polla,Spathilepia clonius
Paches polla,Staphylus mazans
Paches polla,Stilpnochlora azteca
Paches polla,Strymon albata
Paches polla,Synale cynaxa
Paches polla,Thecla bathildis
Paches polla,Thecla bebrycia
Paches polla,Thessalia theona
Paches polla,Urbanus dorantes
Paches polla,Urbanus procne
Paches polla,Zopyrion sandace
Pachycondyla villosa,Parides photinus
Pachycondyla villosa,Periplaneta americana
Pachycondyla villosa,Phoebis agarithe
Pachycondyla villosa,Phoebis marcellina
Pachycondyla villosa,Phoebis sennae
Pachycondyla villosa,Pseudolycaena damo
Pachycondyla villosa,Pyrgus communis
Pachycondyla villosa,Pyrisitia lisa
Pachycondyla villosa,Pyrisitia proterpia
Pachycondyla villosa,Rekoa palegon
Pachycondyla villosa,Siproeta stelenes
Pachycondyla villosa,Spathilepia clonius
Pachycondyla villosa,Staphylus mazans
Pachycondyla villosa,Stilpnochlora azteca
Pachycondyla villosa,Strymon albata
Pachycondyla villosa,Synale cynaxa
Pachycondyla villosa,Thecla bathildis
Pachycondyla villosa,Thecla bebrycia
Pachycondyla villosa,Thessalia theona
Pachycondyla villosa,Urbanus dorantes
Pachycondyla villosa,Urbanus procne
Pachycondyla villosa,Zopyrion sandace
Parides photinus,Periplaneta americana
Parides photinus,Phoebis agarithe
Parides photinus,Phoebis marcellina
Parides photinus,Phoebis sennae
Parides photinus,Pseudolycaena damo
Parides photinus,Pyrgus communis
Parides photinus,Pyrisitia lisa
Parides photinus,Pyrisitia proterpia
Parides photinus,Rekoa palegon
Parides photinus,Siproeta stelenes
Parides photinus,Spathilepia clonius
Parides photinus,Staphylus mazans
Parides photinus,Stilpnochlora azteca
Parides photinus,Strymon albata
Parides photinus,Synale cynaxa
Parides photinus,Thecla bathildis
Parides photinus,Thecla bebrycia
Parides photinus,Thessalia theona
Parides photinus,Urbanus dorantes
Parides photinus,Urbanus procne
Parides photinus,Zopyrion sandace
Periplaneta americana,Phoebis agarithe
Periplaneta americana,Phoebis marcellina
Periplaneta americana,Phoebis sennae
Periplaneta americana,Pseudolycaena damo
Periplaneta americana,Pyrgus communis
Periplaneta americana,Pyrisitia lisa
Periplaneta americana,Pyrisitia proterpia
Periplaneta americana,Rekoa palegon
Periplaneta americana,Siproeta stelenes
Periplaneta americana,Spathilepia clonius
Periplaneta americana,Staphylus mazans
Periplaneta americana,Stilpnochlora azteca
Periplaneta americana,Strymon albata
Periplaneta americana,Synale cynaxa
Periplaneta americana,Thecla bathildis
Periplaneta americana,Thecla bebrycia
Periplaneta americana,Thessalia theona
Periplaneta americana,Urbanus dorantes
Periplaneta americana,Urbanus procne
Periplaneta americana,Zopyrion sandace
Phoebis agarithe,Phoebis marcellina
Phoebis agarithe,Phoebis sennae
Phoebis agarithe,Pseudolycaena damo
Phoebis agarithe,Pyrgus communis
Phoebis agarithe,Pyrisitia lisa
Phoebis agarithe,Pyrisitia proterpia
Phoebis agarithe,Rekoa palegon
Phoebis agarithe,Siproeta stelenes
Phoebis agarithe,Spathilepia clonius
Phoebis agarithe,Staphylus mazans
Phoebis agarithe,Stilpnochlora azteca
Phoebis agarithe,Strymon albata
Phoebis agarithe,Synale cynaxa
Phoebis agarithe,Thecla bathildis
Phoebis agarithe,Thecla bebrycia
Phoebis agarithe,Thessalia theona
Phoebis agarithe,Urbanus dorantes
Phoebis agarithe,Urbanus procne
Phoebis agarithe,Zopyrion sandace
Phoebis marcellina,Phoebis sennae
Phoebis marcellina,Pseudolycaena damo
Phoebis marcellina,Pyrgus communis
Phoebis marcellina,Pyrisitia lisa
Phoebis marcellina,Pyrisitia proterpia
Phoebis marcellina,Rekoa palegon
Phoebis marcellina,Siproeta stelenes
Phoebis marcellina,Spathilepia clonius
Phoebis marcellina,Staphylus mazans
Phoebis marcellina,Stilpnochlora azteca
Phoebis marcellina,Strymon albata
Phoebis marcellina,Synale cynaxa
Phoebis marcellina,Thecla bathildis
Phoebis marcellina,Thecla bebrycia
Phoebis marcellina,Thessalia theona
Phoebis marcellina,Urbanus dorantes
Phoebis marcellina,Urbanus procne
Phoebis marcellina,Zopyrion sandace
Phoebis sennae,Pseudolycaena damo
Phoebis sennae,Pyrgus communis
Phoebis sennae,Pyrisitia lisa
Phoebis sennae,Pyrisitia proterpia
Phoebis sennae,Rekoa palegon
Phoebis sennae,Siproeta stelenes
Phoebis sennae,Spathilepia clonius
Phoebis sennae,Staphylus mazans
Phoebis sennae,Stilpnochlora azteca
Phoebis sennae,Strymon albata
Phoebis sennae,Synale cynaxa
Phoebis sennae,Thecla bathildis
Phoebis sennae,Thecla bebrycia
Phoebis sennae,Thessalia theona
Phoebis sennae,Urbanus dorantes
Phoebis sennae,Urbanus procne
Phoebis sennae,Zopyrion sandace
Pseudolycaena damo,Pyrgus communis
Pseudolycaena damo,Pyrisitia lisa
Pseudolycaena damo,Pyrisitia proterpia
Pseudolycaena damo,Rekoa palegon
Pseudolycaena damo,Siproeta stelenes
Pseudolycaena damo,Spathilepia clonius
Pseudolycaena damo,Staphylus mazans
Pseudolycaena damo,Stilpnochlora azteca
Pseudolycaena damo,Strymon albata
Pseudolycaena damo,Synale cynaxa
Pseudolycaena damo,Thecla bathildis
Pseudolycaena damo,Thecla bebrycia
Pseudolycaena damo,Thessalia theona
Pseudolycaena damo,Urbanus dorantes
Pseudolycaena damo,Urbanus procne
Pseudolycaena damo,Zopyrion sandace
Pyrgus communis,Pyrisitia lisa
Pyrgus communis,Pyrisitia proterpia
Pyrgus communis,Rekoa palegon
Pyrgus communis,Siproeta stelenes
Pyrgus communis,Spathilepia clonius
Pyrgus communis,Staphylus mazans
Pyrgus communis,Stilpnochlora azteca
Pyrgus communis,Strymon albata
Pyrgus communis,Synale cynaxa
Pyrgus communis,Thecla bathildis
Pyrgus communis,Thecla bebrycia
Pyrgus communis,Thessalia theona
Pyrgus communis,Urbanus dorantes
Pyrgus communis,Urbanus procne
Pyrgus communis,Zopyrion sandace
Pyrisitia lisa,Pyrisitia proterpia
Pyrisitia lisa,Rekoa palegon
Pyrisitia lisa,Siproeta stelenes
Pyrisitia lisa,Spathilepia clonius
Pyrisitia lisa,Staphylus mazans
Pyrisitia lisa,Stilpnochlora azteca
Pyrisitia lisa,Strymon albata
Pyrisitia lisa,Synale cynaxa
Pyrisitia lisa,Thecla bathildis
Pyrisitia lisa,Thecla bebrycia
Pyrisitia lisa,Thessalia theona
Pyrisitia lisa,Urbanus dorantes
Pyrisitia lisa,Urbanus procne
Pyrisitia lisa,Zopyrion sandace
Pyrisitia proterpia,Rekoa palegon
Pyrisitia proterpia,Siproeta stelenes
Pyrisitia proterpia,Spathilepia clonius
Pyrisitia proterpia,Staphylus mazans
Pyrisitia proterpia,Stilpnochlora azteca
Pyrisitia proterpia,Strymon albata
Pyrisitia proterpia,Synale cynaxa
Pyrisitia proterpia,Thecla bathildis
Pyrisitia proterpia,Thecla bebrycia
Pyrisitia proterpia,Thessalia theona
Pyrisitia proterpia,Urbanus dorantes
Pyrisitia proterpia,Urbanus procne
Pyrisitia proterpia,Zopyrion sandace
Rekoa palegon,Siproeta stelenes
Rekoa palegon,Spathilepia clonius
Rekoa palegon,Staphylus mazans
Rekoa palegon,Stilpnochlora azteca
Rekoa palegon,Strymon albata
Rekoa palegon,Synale cynaxa
Rekoa palegon,Thecla bathildis
Rekoa palegon,Thecla bebrycia
Rekoa palegon,Thessalia theona
Rekoa palegon,Urbanus dorantes
Rekoa palegon,Urbanus procne
Rekoa palegon,Zopyrion sandace
Siproeta stelenes,Spathilepia clonius
Siproeta stelenes,Staphylus mazans
Siproeta stelenes,Stilpnochlora azteca
Siproeta stelenes,Strymon albata
Siproeta stelenes,Synale cynaxa
Siproeta stelenes,Thecla bathildis
Siproeta stelenes,Thecla bebrycia
Siproeta stelenes,Thessalia theona
Siproeta stelenes,Urbanus dorantes
Siproeta stelenes,Urbanus procne
Siproeta stelenes,Zopyrion sandace
Spathilepia clonius,Staphylus mazans
Spathilepia clonius,Stilpnochlora azteca
Spathilepia clonius,Strymon albata
Spathilepia clonius,Synale cynaxa
Spathilepia clonius,Thecla bathildis
Spathilepia clonius,Thecla bebrycia
Spathilepia clonius,Thessalia theona
Spathilepia clonius,Urbanus dorantes
Spathilepia clonius,Urbanus procne
Spathilepia clonius,Zopyrion sandace
Staphylus mazans,Stilpnochlora azteca
Staphylus mazans,Strymon albata
Staphylus mazans,Synale cynaxa
Staphylus mazans,Thecla bathildis
Staphylus mazans,Thecla bebrycia
Staphylus mazans,Thessalia theona
Staphylus mazans,Urbanus dorantes
Staphylus mazans,Urbanus procne
Staphylus mazans,Zopyrion sandace
Stilpnochlora azteca,Strymon albata
Stilpnochlora azteca,Synale cynaxa
Stilpnochlora azteca,Thecla bathildis
Stilpnochlora azteca,Thecla bebrycia
Stilpnochlora azteca,Thessalia theona
Stilpnochlora azteca,Urbanus dorantes
Stilpnochlora azteca,Urbanus procne
Stilpnochlora azteca,Zopyrion sandace
Strymon albata,Synale cynaxa
Strymon albata,Thecla bathildis
Strymon albata,Thecla bebrycia
Strymon albata,Thessalia theona
Strymon albata,Urbanus dorantes
Strymon albata,Urbanus procne
Strymon albata,Zopyrion sandace
Synale cynaxa,Thecla bathildis
Synale cynaxa,Thecla bebrycia
Synale cynaxa,Thessalia theona
Synale cynaxa,Urbanus dorantes
Synale cynaxa,Urbanus procne
Synale cynaxa,Zopyrion sandace
Thecla bathildis,Thecla bebrycia
Thecla bathildis,Thessalia theona
Thecla bathildis,Urbanus dorantes
Thecla bathildis,Urbanus procne
Thecla bathildis,Zopyrion sandace
Thecla bebrycia,Thessalia theona
Thecla bebrycia,Urbanus dorantes
Thecla bebrycia,Urbanus procne
Thecla bebrycia,Zopyrion sandace
Thessalia theona,Urbanus dorantes
Thessalia theona,Urbanus procne
Thessalia theona,Zopyrion sandace
Urbanus dorantes,Urbanus procne
Urbanus dorantes,Zopyrion sandace
Urbanus procne,Zopyrion sandace
Acanthocephala alata,Achlyodes pallida
Acanthocephala alata,Aedes aegypti
Acanthocephala alata,Anartia fatima
Acanthocephala alata,Atta mexicana
Acanthocephala alata,Biblis aganisa
Acanthocephala alata,Chimarra texana
Acanthocephala alata,Cissites auriculata
Acanthocephala alata,Dione moneta
Acanthocephala alata,Epiphile adrasta
Acanthocephala alata,Heliconius charithonia
Acanthocephala alata,Helicopsyche borealis
Acanthocephala alata,Hippodamia convergens
Acanthocephala alata,Leptophobia aripa
Acanthocephala alata,Libytheana carinenta
Acanthocephala alata,Nathalis iole
Acanthocephala alata,Paratrechina longicornis
Acanthocephala alata,Phylloicus aeneus
Acanthocephala alata,Phylloicus mexicanus
Acanthocephala alata,Pyrgus oileus
Acanthocephala alata,Pyrisitia proterpia
Acanthocephala alata,Siproeta stelenes
Acanthocephala alata,Smicridea fasciatella
Acanthocephala alata,Spoladea recurvalis
Acanthocephala alata,Trimerotropis pallidipennis
Acanthocephala alata,Zerene cesonia
Achlyodes pallida,Aedes aegypti
Achlyodes pallida,Anartia fatima
Achlyodes pallida,Atta mexicana
Achlyodes pallida,Biblis aganisa
Achlyodes pallida,Chimarra texana
Achlyodes pallida,Cissites auriculata
Achlyodes pallida,Dione moneta
Achlyodes pallida,Epiphile adrasta
Achlyodes pallida,Heliconius charithonia
Achlyodes pallida,Helicopsyche borealis
Achlyodes pallida,Hippodamia convergens
Achlyodes pallida,Leptophobia aripa
Achlyodes pallida,Libytheana carinenta
Achlyodes pallida,Nathalis iole
Achlyodes pallida,Paratrechina longicornis
Achlyodes pallida,Phylloicus aeneus
Achlyodes pallida,Phylloicus mexicanus
Achlyodes pallida,Pyrgus oileus
Achlyodes pallida,Pyrisitia proterpia
Achlyodes pallida,Siproeta stelenes
Achlyodes pallida,Smicridea fasciatella
Achlyodes pallida,Spoladea recurvalis
Achlyodes pallida,Trimerotropis pallidipennis
Achlyodes pallida,Zerene cesonia
Aedes aegypti,Anartia fatima
Aedes aegypti,Atta mexicana
Aedes aegypti,Biblis aganisa
Aedes aegypti,Chimarra texana
Aedes aegypti,Cissites auriculata
Aedes aegypti,Dione moneta
Aedes aegypti,Epiphile adrasta
Aedes aegypti,Heliconius charithonia
Aedes aegypti,Helicopsyche borealis
Aedes aegypti,Hippodamia convergens
Aedes aegypti,Leptophobia aripa
Aedes aegypti,Libytheana carinenta
Aedes aegypti,Nathalis iole
Aedes aegypti,Paratrechina longicornis
Aedes aegypti,Phylloicus aeneus
Aedes aegypti,Phylloicus mexicanus
Aedes aegypti,Pyrgus oileus
Aedes aegypti,Pyrisitia proterpia
Aedes aegypti,Siproeta stelenes
Aedes aegypti,Smicridea fasciatella
Aedes aegypti,Spoladea recurvalis
Aedes aegypti,Trimerotropis pallidipennis
Aedes aegypti,Zerene cesonia
Anartia fatima,Atta mexicana
Anartia fatima,Biblis aganisa
Anartia fatima,Chimarra texana
Anartia fatima,Cissites auriculata
Anartia fatima,Dione moneta
Anartia fatima,Epiphile adrasta
Anartia fatima,Heliconius charithonia
Anartia fatima,Helicopsyche borealis
Anartia fatima,Hippodamia convergens
Anartia fatima,Leptophobia aripa
Anartia fatima,Libytheana carinenta
Anartia fatima,Nathalis iole
Anartia fatima,Paratrechina longicornis
Anartia fatima,Phylloicus aeneus
Anartia fatima,Phylloicus mexicanus
Anartia fatima,Pyrgus oileus
Anartia fatima,Pyrisitia proterpia
Anartia fatima,Siproeta stelenes
Anartia fatima,Smicridea fasciatella
Anartia fatima,Spoladea recurvalis
Anartia fatima,Trimerotropis pallidipennis
Anartia fatima,Zerene cesonia
Atta mexicana,Biblis aganisa
Atta mexicana,Chimarra texana
Atta mexicana,Cissites auriculata
Atta mexicana,Dione moneta
Atta mexicana,Epiphile adrasta
Atta mexicana,Heliconius charithonia
Atta mexicana,Helicopsyche borealis
Atta mexicana,Hippodamia convergens
Atta mexicana,Leptophobia aripa
Atta mexicana,Libytheana carinenta
Atta mexicana,Nathalis iole
Atta mexicana,Paratrechina longicornis
Atta mexicana,Phylloicus aeneus
Atta mexicana,Phylloicus mexicanus
Atta mexicana,Pyrgus oileus
Atta mexicana,Pyrisitia proterpia
Atta mexicana,Siproeta stelenes
Atta mexicana,Smicridea fasciatella
Atta mexicana,Spoladea recurvalis
Atta mexicana,Trimerotropis pallidipennis
Atta mexicana,Zerene cesonia
Biblis aganisa,Chimarra texana
Biblis aganisa,Cissites auriculata
Biblis aganisa,Dione moneta
Biblis aganisa,Epiphile adrasta
Biblis aganisa,Heliconius charithonia
Biblis aganisa,Helicopsyche borealis
Biblis aganisa,Hippodamia convergens
Biblis aganisa,Leptophobia aripa
Biblis aganisa,Libytheana carinenta
Biblis aganisa,Nathalis iole
Biblis aganisa,Paratrechina longicornis
Biblis aganisa,Phylloicus aeneus
Biblis aganisa,Phylloicus mexicanus
Biblis aganisa,Pyrgus oileus
Biblis aganisa,Pyrisitia proterpia
Biblis aganisa,Siproeta stelenes
Biblis aganisa,Smicridea fasciatella
Biblis aganisa,Spoladea recurvalis
Biblis aganisa,Trimerotropis pallidipennis
Biblis aganisa,Zerene cesonia
Chimarra texana,Cissites auriculata
Chimarra texana,Dione moneta
Chimarra texana,Epiphile adrasta
Chimarra texana,Heliconius charithonia
Chimarra texana,Helicopsyche borealis
Chimarra texana,Hippodamia convergens
Chimarra texana,Leptophobia aripa
Chimarra texana,Libytheana carinenta
Chimarra texana,Nathalis iole
Chimarra texana,Paratrechina longicornis
Chimarra texana,Phylloicus aeneus
Chimarra texana,Phylloicus mexicanus
Chimarra texana,Pyrgus oileus
Chimarra texana,Pyrisitia proterpia
Chimarra texana,Siproeta stelenes
Chimarra texana,Smicridea fasciatella
Chimarra texana,Spoladea recurvalis
Chimarra texana,Trimerotropis pallidipennis
Chimarra texana,Zerene cesonia
Cissites auriculata,Dione moneta
Cissites auriculata,Epiphile adrasta
Cissites auriculata,Heliconius charithonia
Cissites auriculata,Helicopsyche borealis
Cissites auriculata,Hippodamia convergens
Cissites auriculata,Leptophobia aripa
Cissites auriculata,Libytheana carinenta
Cissites auriculata,Nathalis iole
Cissites auriculata,Paratrechina longicornis
Cissites auriculata,Phylloicus aeneus
Cissites auriculata,Phylloicus mexicanus
Cissites auriculata,Pyrgus oileus
Cissites auriculata,Pyrisitia proterpia
Cissites auriculata,Siproeta stelenes
Cissites auriculata,Smicridea fasciatella
Cissites auriculata,Spoladea recurvalis
Cissites auriculata,Trimerotropis pallidipennis
Cissites auriculata,Zerene cesonia
Dione moneta,Epiphile adrasta
Dione moneta,Heliconius charithonia
Dione moneta,Helicopsyche borealis
Dione moneta,Hippodamia convergens
Dione moneta,Leptophobia aripa
Dione moneta,Libytheana carinenta
Dione moneta,Nathalis iole
Dione moneta,Paratrechina longicornis
Dione moneta,Phylloicus aeneus
Dione moneta,Phylloicus mexicanus
Dione moneta,Pyrgus oileus
Dione moneta,Pyrisitia proterpia
Dione moneta,Siproeta stelenes
Dione moneta,Smicridea fasciatella
Dione moneta,Spoladea recurvalis
Dione moneta,Trimerotropis pallidipennis
Dione moneta,Zerene cesonia
Epiphile adrasta,Heliconius charithonia
Epiphile adrasta,Helicopsyche borealis
Epiphile adrasta,Hippodamia convergens
Epiphile adrasta,Leptophobia aripa
Epiphile adrasta,Libytheana carinenta
Epiphile adrasta,Nathalis iole
Epiphile adrasta,Paratrechina longicornis
Epiphile adrasta,Phylloicus aeneus
Epiphile adrasta,Phylloicus mexicanus
Epiphile adrasta,Pyrgus oileus
Epiphile adrasta,Pyrisitia proterpia
Epiphile adrasta,Siproeta stelenes
Epiphile adrasta,Smicridea fasciatella
Epiphile adrasta,Spoladea recurvalis
Epiphile adrasta,Trimerotropis pallidipennis
Epiphile adrasta,Zerene cesonia
Heliconius charithonia,Helicopsyche borealis
Heliconius charithonia,Hippodamia convergens
Heliconius charithonia,Leptophobia aripa
Heliconius charithonia,Libytheana carinenta
Heliconius charithonia,Nathalis iole
Heliconius charithonia,Paratrechina longicornis
Heliconius charithonia,Phylloicus aeneus
Heliconius charithonia,Phylloicus mexicanus
Heliconius charithonia,Pyrgus oileus
Heliconius charithonia,Pyrisitia proterpia
Heliconius charithonia,Siproeta stelenes
Heliconius charithonia,Smicridea fasciatella
Heliconius charithonia,Spoladea recurvalis
Heliconius charithonia,Trimerotropis pallidipennis
Heliconius charithonia,Zerene cesonia
Helicopsyche borealis,Hippodamia convergens
Helicopsyche borealis,Leptophobia aripa
Helicopsyche borealis,Libytheana carinenta
Helicopsyche borealis,Nathalis iole
Helicopsyche borealis,Paratrechina longicornis
Helicopsyche borealis,Phylloicus aeneus
Helicopsyche borealis,Phylloicus mexicanus
Helicopsyche borealis,Pyrgus oileus
Helicopsyche borealis,Pyrisitia proterpia
Helicopsyche borealis,Siproeta stelenes
Helicopsyche borealis,Smicridea fasciatella
Helicopsyche borealis,Spoladea recurvalis
Helicopsyche borealis,Trimerotropis pallidipennis
Helicopsyche borealis,Zerene cesonia
Hippodamia convergens,Leptophobia aripa
Hippodamia convergens,Libytheana carinenta
Hippodamia convergens,Nathalis iole
Hippodamia convergens,Paratrechina longicornis
Hippodamia convergens,Phylloicus aeneus
Hippodamia convergens,Phylloicus mexicanus
Hippodamia convergens,Pyrgus oileus
Hippodamia convergens,Pyrisitia proterpia
Hippodamia convergens,Siproeta stelenes
Hippodamia convergens,Smicridea fasciatella
Hippodamia convergens,Spoladea recurvalis
Hippodamia convergens,Trimerotropis pallidipennis
Hippodamia convergens,Zerene cesonia
Leptophobia aripa,Libytheana carinenta
Leptophobia aripa,Nathalis iole
Leptophobia aripa,Paratrechina longicornis
Leptophobia aripa,Phylloicus aeneus
Leptophobia aripa,Phylloicus mexicanus
Leptophobia aripa,Pyrgus oileus
Leptophobia aripa,Pyrisitia proterpia
Leptophobia aripa,Siproeta stelenes
Leptophobia aripa,Smicridea fasciatella
Leptophobia aripa,Spoladea recurvalis
Leptophobia aripa,Trimerotropis pallidipennis
Leptophobia aripa,Zerene cesonia
Libytheana carinenta,Nathalis iole
Libytheana carinenta,Paratrechina longicornis
Libytheana carinenta,Phylloicus aeneus
Libytheana carinenta,Phylloicus mexicanus
Libytheana carinenta,Pyrgus oileus
Libytheana carinenta,Pyrisitia proterpia
Libytheana carinenta,Siproeta stelenes
Libytheana carinenta,Smicridea fasciatella
Libytheana carinenta,Spoladea recurvalis
Libytheana carinenta,Trimerotropis pallidipennis
Libytheana carinenta,Zerene cesonia
Nathalis iole,Paratrechina longicornis
Nathalis iole,Phylloicus aeneus
Nathalis iole,Phylloicus mexicanus
Nathalis iole,Pyrgus oileus
Nathalis iole,Pyrisitia proterpia
Nathalis iole,Siproeta stelenes
Nathalis iole,Smicridea fasciatella
Nathalis iole,Spoladea recurvalis
Nathalis iole,Trimerotropis pallidipennis
Nathalis iole,Zerene cesonia
Paratrechina longicornis,Phylloicus aeneus
Paratrechina longicornis,Phylloicus mexicanus
Paratrechina longicornis,Pyrgus oileus
Paratrechina longicornis,Pyrisitia proterpia
Paratrechina longicornis,Siproeta stelenes
Paratrechina longicornis,Smicridea fasciatella
Paratrechina longicornis,Spoladea recurvalis
Paratrechina longicornis,Trimerotropis pallidipennis
Paratrechina longicornis,Zerene cesonia
Phylloicus aeneus,Phylloicus mexicanus
Phylloicus aeneus,Pyrgus oileus
Phylloicus aeneus,Pyrisitia proterpia
Phylloicus aeneus,Siproeta stelenes
Phylloicus aeneus,Smicridea fasciatella
Phylloicus aeneus,Spoladea recurvalis
Phylloicus aeneus,Trimerotropis pallidipennis
Phylloicus aeneus,Zerene cesonia
Phylloicus mexicanus,Pyrgus oileus
Phylloicus mexicanus,Pyrisitia proterpia
Phylloicus mexicanus,Siproeta stelenes
Phylloicus mexicanus,Smicridea fasciatella
Phylloicus mexicanus,Spoladea recurvalis
Phylloicus mexicanus,Trimerotropis pallidipennis
Phylloicus mexicanus,Zerene cesonia
Pyrgus oileus,Pyrisitia proterpia
Pyrgus oileus,Siproeta stelenes
Pyrgus oileus,Smicridea fasciatella
Pyrgus oileus,Spoladea recurvalis
Pyrgus oileus,Trimerotropis pallidipennis
Pyrgus oileus,Zerene cesonia
Pyrisitia proterpia,Siproeta stelenes
Pyrisitia proterpia,Smicridea fasciatella
Pyrisitia proterpia,Spoladea recurvalis
Pyrisitia proterpia,Trimerotropis pallidipennis
Pyrisitia proterpia,Zerene cesonia
Siproeta stelenes,Smicridea fasciatella
Siproeta stelenes,Spoladea recurvalis
Siproeta stelenes,Trimerotropis pallidipennis
Siproeta stelenes,Zerene cesonia
Smicridea fasciatella,Spoladea recurvalis
Smicridea fasciatella,Trimerotropis pallidipennis
Smicridea fasciatella,Zerene cesonia
Spoladea recurvalis,Trimerotropis pallidipennis
Spoladea recurvalis,Zerene cesonia
Trimerotropis pallidipennis,Zerene cesonia
Anthanassa atronia,Antigonus nearchus
Anthanassa atronia,Apis mellifera
Anthanassa atronia,Arteurotia tractipennis
Anthanassa atronia,Atta mexicana
Anthanassa atronia,Bombus ephippiatus
Anthanassa atronia,Camponotus rectangularis
Anthanassa atronia,Castilia myia
Anthanassa atronia,Chlosyne janais
Anthanassa atronia,Danaus eresimus
Anthanassa atronia,Diaethria anna
Anthanassa atronia,Diaethria astala
Anthanassa atronia,Dione moneta
Anthanassa atronia,Dione vanillae
Anthanassa atronia,Diplectrona chiapensis
Anthanassa atronia,Dryas iulia
Anthanassa atronia,Echinargus isola
Anthanassa atronia,Epiphile adrasta
Anthanassa atronia,Erythemis vesiculosa
Anthanassa atronia,Eulaema polychroma
Anthanassa atronia,Eunica tatila
Anthanassa atronia,Eurema salome
Anthanassa atronia,Frieseomelitta nigra
Anthanassa atronia,Heliconius charithonia
Anthanassa atronia,Heliconius erato
Anthanassa atronia,Hemiargus ceraunus
Anthanassa atronia,Heterusia atalantata
Anthanassa atronia,Lepidostoma zapoteca
Anthanassa atronia,Limenitis pithys
Anthanassa atronia,Marilia flexuosa
Anthanassa atronia,Mechanitis menapis
Anthanassa atronia,Neostylopyga rhombifolia
Anthanassa atronia,Oleria paula
Anthanassa atronia,Opsiphanes fabricii
Anthanassa atronia,Phoebis sennae
Anthanassa atronia,Pieriballia viardi
Anthanassa atronia,Pycnoscelus surinamensis
Anthanassa atronia,Siproeta epaphus
Anthanassa atronia,Siproeta stelenes
Anthanassa atronia,Triaenodes oaxacensis
Anthanassa atronia,Trigona fulviventris
Anthanassa atronia,Urbanus dorantes
Anthanassa atronia,Wormaldia tarasca
Anthanassa atronia,Xamia xami
Antigonus nearchus,Apis mellifera
Antigonus nearchus,Arteurotia tractipennis
Antigonus nearchus,Atta mexicana
Antigonus nearchus,Bombus ephippiatus
Antigonus nearchus,Camponotus rectangularis
Antigonus nearchus,Castilia myia
Antigonus nearchus,Chlosyne janais
Antigonus nearchus,Danaus eresimus
Antigonus nearchus,Diaethria anna
Antigonus nearchus,Diaethria astala
Antigonus nearchus,Dione moneta
Antigonus nearchus,Dione vanillae
Antigonus nearchus,Diplectrona chiapensis
Antigonus nearchus,Dryas iulia
Antigonus nearchus,Echinargus isola
Antigonus nearchus,Epiphile adrasta
Antigonus nearchus,Erythemis vesiculosa
Antigonus nearchus,Eulaema polychroma
Antigonus nearchus,Eunica tatila
Antigonus nearchus,Eurema salome
Antigonus nearchus,Frieseomelitta nigra
Antigonus nearchus,Heliconius charithonia
Antigonus nearchus,Heliconius erato
Antigonus nearchus,Hemiargus ceraunus
Antigonus nearchus,Heterusia atalantata
Antigonus nearchus,Lepidostoma zapoteca
Antigonus nearchus,Limenitis pithys
Antigonus nearchus,Marilia flexuosa
Antigonus nearchus,Mechanitis menapis
Antigonus nearchus,Neostylopyga rhombifolia
Antigonus nearchus,Oleria paula
Antigonus nearchus,Opsiphanes fabricii
Antigonus nearchus,Phoebis sennae
Antigonus nearchus,Pieriballia viardi
Antigonus nearchus,Pycnoscelus surinamensis
Antigonus nearchus,Siproeta epaphus
Antigonus nearchus,Siproeta stelenes
Antigonus nearchus,Triaenodes oaxacensis
Antigonus nearchus,Trigona fulviventris
Antigonus nearchus,Urbanus dorantes
Antigonus nearchus,Wormaldia tarasca
Antigonus nearchus,Xamia xami
Apis mellifera,Arteurotia tractipennis
Apis mellifera,Atta mexicana
Apis mellifera,Bombus ephippiatus
Apis mellifera,Camponotus rectangularis
Apis mellifera,Castilia myia
Apis mellifera,Chlosyne janais
Apis mellifera,Danaus eresimus
Apis mellifera,Diaethria anna
Apis mellifera,Diaethria astala
Apis mellifera,Dione moneta
Apis mellifera,Dione vanillae
Apis mellifera,Diplectrona chiapensis
Apis mellifera,Dryas iulia
Apis mellifera,Echinargus isola
Apis mellifera,Epiphile adrasta
Apis mellifera,Erythemis vesiculosa
Apis mellifera,Eulaema polychroma
Apis mellifera,Eunica tatila
Apis mellifera,Eurema salome
Apis mellifera,Frieseomelitta nigra
Apis mellifera,Heliconius charithonia
Apis mellifera,Heliconius erato
Apis mellifera,Hemiargus ceraunus
Apis mellifera,Heterusia atalantata
Apis mellifera,Lepidostoma zapoteca
Apis mellifera,Limenitis pithys
Apis mellifera,Marilia flexuosa
Apis mellifera,Mechanitis menapis
Apis mellifera,Neostylopyga rhombifolia
Apis mellifera,Oleria paula
Apis mellifera,Opsiphanes fabricii
Apis mellifera,Phoebis sennae
Apis mellifera,Pieriballia viardi
Apis mellifera,Pycnoscelus surinamensis
Apis mellifera,Siproeta epaphus
Apis mellifera,Siproeta stelenes
Apis mellifera,Triaenodes oaxacensis
Apis mellifera,Trigona fulviventris
Apis mellifera,Urbanus dorantes
Apis mellifera,Wormaldia tarasca
Apis mellifera,Xamia xami
Arteurotia tractipennis,Atta mexicana
Arteurotia tractipennis,Bombus ephippiatus
Arteurotia tractipennis,Camponotus rectangularis
Arteurotia tractipennis,Castilia myia
Arteurotia tractipennis,Chlosyne janais
Arteurotia tractipennis,Danaus eresimus
Arteurotia tractipennis,Diaethria anna
Arteurotia tractipennis,Diaethria astala
Arteurotia tractipennis,Dione moneta
Arteurotia tractipennis,Dione vanillae
Arteurotia tractipennis,Diplectrona chiapensis
Arteurotia tractipennis,Dryas iulia
Arteurotia tractipennis,Echinargus isola
Arteurotia tractipennis,Epiphile adrasta
Arteurotia tractipennis,Erythemis vesiculosa
Arteurotia tractipennis,Eulaema polychroma
Arteurotia tractipennis,Eunica tatila
Arteurotia tractipennis,Eurema salome
Arteurotia tractipennis,Frieseomelitta nigra
Arteurotia tractipennis,Heliconius charithonia
Arteurotia tractipennis,Heliconius erato
Arteurotia tractipennis,Hemiargus ceraunus
Arteurotia tractipennis,Heterusia atalantata
Arteurotia tractipennis,Lepidostoma zapoteca
Arteurotia tractipennis,Limenitis pithys
Arteurotia tractipennis,Marilia flexuosa
Arteurotia tractipennis,Mechanitis menapis
Arteurotia tractipennis,Neostylopyga rhombifolia
Arteurotia tractipennis,Oleria paula
Arteurotia tractipennis,Opsiphanes fabricii
Arteurotia tractipennis,Phoebis sennae
Arteurotia tractipennis,Pieriballia viardi
Arteurotia tractipennis,Pycnoscelus surinamensis
Arteurotia tractipennis,Siproeta epaphus
Arteurotia tractipennis,Siproeta stelenes
Arteurotia tractipennis,Triaenodes oaxacensis
Arteurotia tractipennis,Trigona fulviventris
Arteurotia tractipennis,Urbanus dorantes
Arteurotia tractipennis,Wormaldia tarasca
Arteurotia tractipennis,Xamia xami
Atta mexicana,Bombus ephippiatus
Atta mexicana,Camponotus rectangularis
Atta mexicana,Castilia myia
Atta mexicana,Chlosyne janais
Atta mexicana,Danaus eresimus
Atta mexicana,Diaethria anna
Atta mexicana,Diaethria astala
Atta mexicana,Dione moneta
Atta mexicana,Dione vanillae
Atta mexicana,Diplectrona chiapensis
Atta mexicana,Dryas iulia
Atta mexicana,Echinargus isola
Atta mexicana,Epiphile adrasta
Atta mexicana,Erythemis vesiculosa
Atta mexicana,Eulaema polychroma
Atta mexicana,Eunica tatila
Atta mexicana,Eurema salome
Atta mexicana,Frieseomelitta nigra
Atta mexicana,Heliconius charithonia
Atta mexicana,Heliconius erato
Atta mexicana,Hemiargus ceraunus
Atta mexicana,Heterusia atalantata
Atta mexicana,Lepidostoma zapoteca
Atta mexicana,Limenitis pithys
Atta mexicana,Marilia flexuosa
Atta mexicana,Mechanitis menapis
Atta mexicana,Neostylopyga rhombifolia
Atta mexicana,Oleria paula
Atta mexicana,Opsiphanes fabricii
Atta mexicana,Phoebis sennae
Atta mexicana,Pieriballia viardi
Atta mexicana,Pycnoscelus surinamensis
Atta mexicana,Siproeta epaphus
Atta mexicana,Siproeta stelenes
Atta mexicana,Triaenodes oaxacensis
Atta mexicana,Trigona fulviventris
Atta mexicana,Urbanus dorantes
Atta mexicana,Wormaldia tarasca
Atta mexicana,Xamia xami
Bombus ephippiatus,Camponotus rectangularis
Bombus ephippiatus,Castilia myia
Bombus ephippiatus,Chlosyne janais
Bombus ephippiatus,Danaus eresimus
Bombus ephippiatus,Diaethria anna
Bombus ephippiatus,Diaethria astala
Bombus ephippiatus,Dione moneta
Bombus ephippiatus,Dione vanillae
Bombus ephippiatus,Diplectrona chiapensis
Bombus ephippiatus,Dryas iulia
Bombus ephippiatus,Echinargus isola
Bombus ephippiatus,Epiphile adrasta
Bombus ephippiatus,Erythemis vesiculosa
Bombus ephippiatus,Eulaema polychroma
Bombus ephippiatus,Eunica tatila
Bombus ephippiatus,Eurema salome
Bombus ephippiatus,Frieseomelitta nigra
Bombus ephippiatus,Heliconius charithonia
Bombus ephippiatus,Heliconius erato
Bombus ephippiatus,Hemiargus ceraunus
Bombus ephippiatus,Heterusia atalantata
Bombus ephippiatus,Lepidostoma zapoteca
Bombus ephippiatus,Limenitis pithys
Bombus ephippiatus,Marilia flexuosa
Bombus ephippiatus,Mechanitis menapis
Bombus ephippiatus,Neostylopyga rhombifolia
Bombus ephippiatus,Oleria paula
Bombus ephippiatus,Opsiphanes fabricii
Bombus ephippiatus,Phoebis sennae
Bombus ephippiatus,Pieriballia viardi
Bombus ephippiatus,Pycnoscelus surinamensis
Bombus ephippiatus,Siproeta epaphus
Bombus ephippiatus,Siproeta stelenes
Bombus ephippiatus,Triaenodes oaxacensis
Bombus ephippiatus,Trigona fulviventris
Bombus ephippiatus,Urbanus dorantes
Bombus ephippiatus,Wormaldia tarasca
Bombus ephippiatus,Xamia xami
Camponotus rectangularis,Castilia myia
Camponotus rectangularis,Chlosyne janais
Camponotus rectangularis,Danaus eresimus
Camponotus rectangularis,Diaethria anna
Camponotus rectangularis,Diaethria astala
Camponotus rectangularis,Dione moneta
Camponotus rectangularis,Dione vanillae
Camponotus rectangularis,Diplectrona chiapensis
Camponotus rectangularis,Dryas iulia
Camponotus rectangularis,Echinargus isola
Camponotus rectangularis,Epiphile adrasta
Camponotus rectangularis,Erythemis vesiculosa
Camponotus rectangularis,Eulaema polychroma
Camponotus rectangularis,Eunica tatila
Camponotus rectangularis,Eurema salome
Camponotus rectangularis,Frieseomelitta nigra
Camponotus rectangularis,Heliconius charithonia
Camponotus rectangularis,Heliconius erato
Camponotus rectangularis,Hemiargus ceraunus
Camponotus rectangularis,Heterusia atalantata
Camponotus rectangularis,Lepidostoma zapoteca
Camponotus rectangularis,Limenitis pithys
Camponotus rectangularis,Marilia flexuosa
Camponotus rectangularis,Mechanitis menapis
Camponotus rectangularis,Neostylopyga rhombifolia
Camponotus rectangularis,Oleria paula
Camponotus rectangularis,Opsiphanes fabricii
Camponotus rectangularis,Phoebis sennae
Camponotus rectangularis,Pieriballia viardi
Camponotus rectangularis,Pycnoscelus surinamensis
Camponotus rectangularis,Siproeta epaphus
Camponotus rectangularis,Siproeta stelenes
Camponotus rectangularis,Triaenodes oaxacensis
Camponotus rectangularis,Trigona fulviventris
Camponotus rectangularis,Urbanus dorantes
Camponotus rectangularis,Wormaldia tarasca
Camponotus rectangularis,Xamia xami
Castilia myia,Chlosyne janais
Castilia myia,Danaus eresimus
Castilia myia,Diaethria anna
Castilia myia,Diaethria astala
Castilia myia,Dione moneta
Castilia myia,Dione vanillae
Castilia myia,Diplectrona chiapensis
Castilia myia,Dryas iulia
Castilia myia,Echinargus isola
Castilia myia,Epiphile adrasta
Castilia myia,Erythemis vesiculosa
Castilia myia,Eulaema polychroma
Castilia myia,Eunica tatila
Castilia myia,Eurema salome
Castilia myia,Frieseomelitta nigra
Castilia myia,Heliconius charithonia
Castilia myia,Heliconius erato
Castilia myia,Hemiargus ceraunus
Castilia myia,Heterusia atalantata
Castilia myia,Lepidostoma zapoteca
Castilia myia,Limenitis pithys
Castilia myia,Marilia flexuosa
Castilia myia,Mechanitis menapis
Castilia myia,Neostylopyga rhombifolia
Castilia myia,Oleria paula
Castilia myia,Opsiphanes fabricii
Castilia myia,Phoebis sennae
Castilia myia,Pieriballia viardi
Castilia myia,Pycnoscelus surinamensis
Castilia myia,Siproeta epaphus
Castilia myia,Siproeta stelenes
Castilia myia,Triaenodes oaxacensis
Castilia myia,Trigona fulviventris
Castilia myia,Urbanus dorantes
Castilia myia,Wormaldia tarasca
Castilia myia,Xamia xami
Chlosyne janais,Danaus eresimus
Chlosyne janais,Diaethria anna
Chlosyne janais,Diaethria astala
Chlosyne janais,Dione moneta
Chlosyne janais,Dione vanillae
Chlosyne janais,Diplectrona chiapensis
Chlosyne janais,Dryas iulia
Chlosyne janais,Echinargus isola
Chlosyne janais,Epiphile adrasta
Chlosyne janais,Erythemis vesiculosa
Chlosyne janais,Eulaema polychroma
Chlosyne janais,Eunica tatila
Chlosyne janais,Eurema salome
Chlosyne janais,Frieseomelitta nigra
Chlosyne janais,Heliconius charithonia
Chlosyne janais,Heliconius erato
Chlosyne janais,Hemiargus ceraunus
Chlosyne janais,Heterusia atalantata
Chlosyne janais,Lepidostoma zapoteca
Chlosyne janais,Limenitis pithys
Chlosyne janais,Marilia flexuosa
Chlosyne janais,Mechanitis menapis
Chlosyne janais,Neostylopyga rhombifolia
Chlosyne janais,Oleria paula
Chlosyne janais,Opsiphanes fabricii
Chlosyne janais,Phoebis sennae
Chlosyne janais,Pieriballia viardi
Chlosyne janais,Pycnoscelus surinamensis
Chlosyne janais,Siproeta epaphus
Chlosyne janais,Siproeta stelenes
Chlosyne janais,Triaenodes oaxacensis
Chlosyne janais,Trigona fulviventris
Chlosyne janais,Urbanus dorantes
Chlosyne janais,Wormaldia tarasca
Chlosyne janais,Xamia xami
Danaus eresimus,Diaethria anna
Danaus eresimus,Diaethria astala
Danaus eresimus,Dione moneta
Danaus eresimus,Dione vanillae
Danaus eresimus,Diplectrona chiapensis
Danaus eresimus,Dryas iulia
Danaus eresimus,Echinargus isola
Danaus eresimus,Epiphile adrasta
Danaus eresimus,Erythemis vesiculosa
Danaus eresimus,Eulaema polychroma
Danaus eresimus,Eunica tatila
Danaus eresimus,Eurema salome
Danaus eresimus,Frieseomelitta nigra
Danaus eresimus,Heliconius charithonia
Danaus eresimus,Heliconius erato
Danaus eresimus,Hemiargus ceraunus
Danaus eresimus,Heterusia atalantata
Danaus eresimus,Lepidostoma zapoteca
Danaus eresimus,Limenitis pithys
Danaus eresimus,Marilia flexuosa
Danaus eresimus,Mechanitis menapis
Danaus eresimus,Neostylopyga rhombifolia
Danaus eresimus,Oleria paula
Danaus eresimus,Opsiphanes fabricii
Danaus eresimus,Phoebis sennae
Danaus eresimus,Pieriballia viardi
Danaus eresimus,Pycnoscelus surinamensis
Danaus eresimus,Siproeta epaphus
Danaus eresimus,Siproeta stelenes
Danaus eresimus,Triaenodes oaxacensis
Danaus eresimus,Trigona fulviventris
Danaus eresimus,Urbanus dorantes
Danaus eresimus,Wormaldia tarasca
Danaus eresimus,Xamia xami
Diaethria anna,Diaethria astala
Diaethria anna,Dione moneta
Diaethria anna,Dione vanillae
Diaethria anna,Diplectrona chiapensis
Diaethria anna,Dryas iulia
Diaethria anna,Echinargus isola
Diaethria anna,Epiphile adrasta
Diaethria anna,Erythemis vesiculosa
Diaethria anna,Eulaema polychroma
Diaethria anna,Eunica tatila
Diaethria anna,Eurema salome
Diaethria anna,Frieseomelitta nigra
Diaethria anna,Heliconius charithonia
Diaethria anna,Heliconius erato
Diaethria anna,Hemiargus ceraunus
Diaethria anna,Heterusia atalantata
Diaethria anna,Lepidostoma zapoteca
Diaethria anna,Limenitis pithys
Diaethria anna,Marilia flexuosa
Diaethria anna,Mechanitis menapis
Diaethria anna,Neostylopyga rhombifolia
Diaethria anna,Oleria paula
Diaethria anna,Opsiphanes fabricii
Diaethria anna,Phoebis sennae
Diaethria anna,Pieriballia viardi
Diaethria anna,Pycnoscelus surinamensis
Diaethria anna,Siproeta epaphus
Diaethria anna,Siproeta stelenes
Diaethria anna,Triaenodes oaxacensis
Diaethria anna,Trigona fulviventris
Diaethria anna,Urbanus dorantes
Diaethria anna,Wormaldia tarasca
Diaethria anna,Xamia xami
Diaethria astala,Dione moneta
Diaethria astala,Dione vanillae
Diaethria astala,Diplectrona chiapensis
Diaethria astala,Dryas iulia
Diaethria astala,Echinargus isola
Diaethria astala,Epiphile adrasta
Diaethria astala,Erythemis vesiculosa
Diaethria astala,Eulaema polychroma
Diaethria astala,Eunica tatila
Diaethria astala,Eurema salome
Diaethria astala,Frieseomelitta nigra
Diaethria astala,Heliconius charithonia
Diaethria astala,Heliconius erato
Diaethria astala,Hemiargus ceraunus
Diaethria astala,Heterusia atalantata
Diaethria astala,Lepidostoma zapoteca
Diaethria astala,Limenitis pithys
Diaethria astala,Marilia flexuosa
Diaethria astala,Mechanitis menapis
Diaethria astala,Neostylopyga rhombifolia
Diaethria astala,Oleria paula
Diaethria astala,Opsiphanes fabricii
Diaethria astala,Phoebis sennae
Diaethria astala,Pieriballia viardi
Diaethria astala,Pycnoscelus surinamensis
Diaethria astala,Siproeta epaphus
Diaethria astala,Siproeta stelenes
Diaethria astala,Triaenodes oaxacensis
Diaethria astala,Trigona fulviventris
Diaethria astala,Urbanus dorantes
Diaethria astala,Wormaldia tarasca
Diaethria astala,Xamia xami
Dione moneta,Dione vanillae
Dione moneta,Diplectrona chiapensis
Dione moneta,Dryas iulia
Dione moneta,Echinargus isola
Dione moneta,Epiphile adrasta
Dione moneta,Erythemis vesiculosa
Dione moneta,Eulaema polychroma
Dione moneta,Eunica tatila
Dione moneta,Eurema salome
Dione moneta,Frieseomelitta nigra
Dione moneta,Heliconius charithonia
Dione moneta,Heliconius erato
Dione moneta,Hemiargus ceraunus
Dione moneta,Heterusia atalantata
Dione moneta,Lepidostoma zapoteca
Dione moneta,Limenitis pithys
Dione moneta,Marilia flexuosa
Dione moneta,Mechanitis menapis
Dione moneta,Neostylopyga rhombifolia
Dione moneta,Oleria paula
Dione moneta,Opsiphanes fabricii
Dione moneta,Phoebis sennae
Dione moneta,Pieriballia viardi
Dione moneta,Pycnoscelus surinamensis
Dione moneta,Siproeta epaphus
Dione moneta,Siproeta stelenes
Dione moneta,Triaenodes oaxacensis
Dione moneta,Trigona fulviventris
Dione moneta,Urbanus dorantes
Dione moneta,Wormaldia tarasca
Dione moneta,Xamia xami
Dione vanillae,Diplectrona chiapensis
Dione vanillae,Dryas iulia
Dione vanillae,Echinargus isola
Dione vanillae,Epiphile adrasta
Dione vanillae,Erythemis vesiculosa
Dione vanillae,Eulaema polychroma
Dione vanillae,Eunica tatila
Dione vanillae,Eurema salome
Dione vanillae,Frieseomelitta nigra
Dione vanillae,Heliconius charithonia
Dione vanillae,Heliconius erato
Dione vanillae,Hemiargus ceraunus
Dione vanillae,Heterusia atalantata
Dione vanillae,Lepidostoma zapoteca
Dione vanillae,Limenitis pithys
Dione vanillae,Marilia flexuosa
Dione vanillae,Mechanitis menapis
Dione vanillae,Neostylopyga rhombifolia
Dione vanillae,Oleria paula
Dione vanillae,Opsiphanes fabricii
Dione vanillae,Phoebis sennae
Dione vanillae,Pieriballia viardi
Dione vanillae,Pycnoscelus surinamensis
Dione vanillae,Siproeta epaphus
Dione vanillae,Siproeta stelenes
Dione vanillae,Triaenodes oaxacensis
Dione vanillae,Trigona fulviventris
Dione vanillae,Urbanus dorantes
Dione vanillae,Wormaldia tarasca
Dione vanillae,Xamia xami
Diplectrona chiapensis,Dryas iulia
Diplectrona chiapensis,Echinargus isola
Diplectrona chiapensis,Epiphile adrasta
Diplectrona chiapensis,Erythemis vesiculosa
Diplectrona chiapensis,Eulaema polychroma
Diplectrona chiapensis,Eunica tatila
Diplectrona chiapensis,Eurema salome
Diplectrona chiapensis,Frieseomelitta nigra
Diplectrona chiapensis,Heliconius charithonia
Diplectrona chiapensis,Heliconius erato
Diplectrona chiapensis,Hemiargus ceraunus
Diplectrona chiapensis,Heterusia atalantata
Diplectrona chiapensis,Lepidostoma zapoteca
Diplectrona chiapensis,Limenitis pithys
Diplectrona chiapensis,Marilia flexuosa
Diplectrona chiapensis,Mechanitis menapis
Diplectrona chiapensis,Neostylopyga rhombifolia
Diplectrona chiapensis,Oleria paula
Diplectrona chiapensis,Opsiphanes fabricii
Diplectrona chiapensis,Phoebis sennae
Diplectrona chiapensis,Pieriballia viardi
Diplectrona chiapensis,Pycnoscelus surinamensis
Diplectrona chiapensis,Siproeta epaphus
Diplectrona chiapensis,Siproeta stelenes
Diplectrona chiapensis,Triaenodes oaxacensis
Diplectrona chiapensis,Trigona fulviventris
Diplectrona chiapensis,Urbanus dorantes
Diplectrona chiapensis,Wormaldia tarasca
Diplectrona chiapensis,Xamia xami
Dryas iulia,Echinargus isola
Dryas iulia,Epiphile adrasta
Dryas iulia,Erythemis vesiculosa
Dryas iulia,Eulaema polychroma
Dryas iulia,Eunica tatila
Dryas iulia,Eurema salome
Dryas iulia,Frieseomelitta nigra
Dryas iulia,Heliconius charithonia
Dryas iulia,Heliconius erato
Dryas iulia,Hemiargus ceraunus
Dryas iulia,Heterusia atalantata
Dryas iulia,Lepidostoma zapoteca
Dryas iulia,Limenitis pithys
Dryas iulia,Marilia flexuosa
Dryas iulia,Mechanitis menapis
Dryas iulia,Neostylopyga rhombifolia
Dryas iulia,Oleria paula
Dryas iulia,Opsiphanes fabricii
Dryas iulia,Phoebis sennae
Dryas iulia,Pieriballia viardi
Dryas iulia,Pycnoscelus surinamensis
Dryas iulia,Siproeta epaphus
Dryas iulia,Siproeta stelenes
Dryas iulia,Triaenodes oaxacensis
Dryas iulia,Trigona fulviventris
Dryas iulia,Urbanus dorantes
Dryas iulia,Wormaldia tarasca
Dryas iulia,Xamia xami
Echinargus isola,Epiphile adrasta
Echinargus isola,Erythemis vesiculosa
Echinargus isola,Eulaema polychroma
Echinargus isola,Eunica tatila
Echinargus isola,Eurema salome
Echinargus isola,Frieseomelitta nigra
Echinargus isola,Heliconius charithonia
Echinargus isola,Heliconius erato
Echinargus isola,Hemiargus ceraunus
Echinargus isola,Heterusia atalantata
Echinargus isola,Lepidostoma zapoteca
Echinargus isola,Limenitis pithys
Echinargus isola,Marilia flexuosa
Echinargus isola,Mechanitis menapis
Echinargus isola,Neostylopyga rhombifolia
Echinargus isola,Oleria paula
Echinargus isola,Opsiphanes fabricii
Echinargus isola,Phoebis sennae
Echinargus isola,Pieriballia viardi
Echinargus isola,Pycnoscelus surinamensis
Echinargus isola,Siproeta epaphus
Echinargus isola,Siproeta stelenes
Echinargus isola,Triaenodes oaxacensis
Echinargus isola,Trigona fulviventris
Echinargus isola,Urbanus dorantes
Echinargus isola,Wormaldia tarasca
Echinargus isola,Xamia xami
Epiphile adrasta,Erythemis vesiculosa
Epiphile adrasta,Eulaema polychroma
Epiphile adrasta,Eunica tatila
Epiphile adrasta,Eurema salome
Epiphile adrasta,Frieseomelitta nigra
Epiphile adrasta,Heliconius charithonia
Epiphile adrasta,Heliconius erato
Epiphile adrasta,Hemiargus ceraunus
Epiphile adrasta,Heterusia atalantata
Epiphile adrasta,Lepidostoma zapoteca
Epiphile adrasta,Limenitis pithys
Epiphile adrasta,Marilia flexuosa
Epiphile adrasta,Mechanitis menapis
Epiphile adrasta,Neostylopyga rhombifolia
Epiphile adrasta,Oleria paula
Epiphile adrasta,Opsiphanes fabricii
Epiphile adrasta,Phoebis sennae
Epiphile adrasta,Pieriballia viardi
Epiphile adrasta,Pycnoscelus surinamensis
Epiphile adrasta,Siproeta epaphus
Epiphile adrasta,Siproeta stelenes
Epiphile adrasta,Triaenodes oaxacensis
Epiphile adrasta,Trigona fulviventris
Epiphile adrasta,Urbanus dorantes
Epiphile adrasta,Wormaldia tarasca
Epiphile adrasta,Xamia xami
Erythemis vesiculosa,Eulaema polychroma
Erythemis vesiculosa,Eunica tatila
Erythemis vesiculosa,Eurema salome
Erythemis vesiculosa,Frieseomelitta nigra
Erythemis vesiculosa,Heliconius charithonia
Erythemis vesiculosa,Heliconius erato
Erythemis vesiculosa,Hemiargus ceraunus
Erythemis vesiculosa,Heterusia atalantata
Erythemis vesiculosa,Lepidostoma zapoteca
Erythemis vesiculosa,Limenitis pithys
Erythemis vesiculosa,Marilia flexuosa
Erythemis vesiculosa,Mechanitis menapis
Erythemis vesiculosa,Neostylopyga rhombifolia
Erythemis vesiculosa,Oleria paula
Erythemis vesiculosa,Opsiphanes fabricii
Erythemis vesiculosa,Phoebis sennae
Erythemis vesiculosa,Pieriballia viardi
Erythemis vesiculosa,Pycnoscelus surinamensis
Erythemis vesiculosa,Siproeta epaphus
Erythemis vesiculosa,Siproeta stelenes
Erythemis vesiculosa,Triaenodes oaxacensis
Erythemis vesiculosa,Trigona fulviventris
Erythemis vesiculosa,Urbanus dorantes
Erythemis vesiculosa,Wormaldia tarasca
Erythemis vesiculosa,Xamia xami
Eulaema polychroma,Eunica tatila
Eulaema polychroma,Eurema salome
Eulaema polychroma,Frieseomelitta nigra
Eulaema polychroma,Heliconius charithonia
Eulaema polychroma,Heliconius erato
Eulaema polychroma,Hemiargus ceraunus
Eulaema polychroma,Heterusia atalantata
Eulaema polychroma,Lepidostoma zapoteca
Eulaema polychroma,Limenitis pithys
Eulaema polychroma,Marilia flexuosa
Eulaema polychroma,Mechanitis menapis
Eulaema polychroma,Neostylopyga rhombifolia
Eulaema polychroma,Oleria paula
Eulaema polychroma,Opsiphanes fabricii
Eulaema polychroma,Phoebis sennae
Eulaema polychroma,Pieriballia viardi
Eulaema polychroma,Pycnoscelus surinamensis
Eulaema polychroma,Siproeta epaphus
Eulaema polychroma,Siproeta stelenes
Eulaema polychroma,Triaenodes oaxacensis
Eulaema polychroma,Trigona fulviventris
Eulaema polychroma,Urbanus dorantes
Eulaema polychroma,Wormaldia tarasca
Eulaema polychroma,Xamia xami
Eunica tatila,Eurema salome
Eunica tatila,Frieseomelitta nigra
Eunica tatila,Heliconius charithonia
Eunica tatila,Heliconius erato
Eunica tatila,Hemiargus ceraunus
Eunica tatila,Heterusia atalantata
Eunica tatila,Lepidostoma zapoteca
Eunica tatila,Limenitis pithys
Eunica tatila,Marilia flexuosa
Eunica tatila,Mechanitis menapis
Eunica tatila,Neostylopyga rhombifolia
Eunica tatila,Oleria paula
Eunica tatila,Opsiphanes fabricii
Eunica tatila,Phoebis sennae
Eunica tatila,Pieriballia viardi
Eunica tatila,Pycnoscelus surinamensis
Eunica tatila,Siproeta epaphus
Eunica tatila,Siproeta stelenes
Eunica tatila,Triaenodes oaxacensis
Eunica tatila,Trigona fulviventris
Eunica tatila,Urbanus dorantes
Eunica tatila,Wormaldia tarasca
Eunica tatila,Xamia xami
Eurema salome,Frieseomelitta nigra
Eurema salome,Heliconius charithonia
Eurema salome,Heliconius erato
Eurema salome,Hemiargus ceraunus
Eurema salome,Heterusia atalantata
Eurema salome,Lepidostoma zapoteca
Eurema salome,Limenitis pithys
Eurema salome,Marilia flexuosa
Eurema salome,Mechanitis menapis
Eurema salome,Neostylopyga rhombifolia
Eurema salome,Oleria paula
Eurema salome,Opsiphanes fabricii
Eurema salome,Phoebis sennae
Eurema salome,Pieriballia viardi
Eurema salome,Pycnoscelus surinamensis
Eurema salome,Siproeta epaphus
Eurema salome,Siproeta stelenes
Eurema salome,Triaenodes oaxacensis
Eurema salome,Trigona fulviventris
Eurema salome,Urbanus dorantes
Eurema salome,Wormaldia tarasca
Eurema salome,Xamia xami
Frieseomelitta nigra,Heliconius charithonia
Frieseomelitta nigra,Heliconius erato
Frieseomelitta nigra,Hemiargus ceraunus
Frieseomelitta nigra,Heterusia atalantata
Frieseomelitta nigra,Lepidostoma zapoteca
Frieseomelitta nigra,Limenitis pithys
Frieseomelitta nigra,Marilia flexuosa
Frieseomelitta nigra,Mechanitis menapis
Frieseomelitta nigra,Neostylopyga rhombifolia
Frieseomelitta nigra,Oleria paula
Frieseomelitta nigra,Opsiphanes fabricii
Frieseomelitta nigra,Phoebis sennae
Frieseomelitta nigra,Pieriballia viardi
Frieseomelitta nigra,Pycnoscelus surinamensis
Frieseomelitta nigra,Siproeta epaphus
Frieseomelitta nigra,Siproeta stelenes
Frieseomelitta nigra,Triaenodes oaxacensis
Frieseomelitta nigra,Trigona fulviventris
Frieseomelitta nigra,Urbanus dorantes
Frieseomelitta nigra,Wormaldia tarasca
Frieseomelitta nigra,Xamia xami
Heliconius charithonia,Heliconius erato
Heliconius charithonia,Hemiargus ceraunus
Heliconius charithonia,Heterusia atalantata
Heliconius charithonia,Lepidostoma zapoteca
Heliconius charithonia,Limenitis pithys
Heliconius charithonia,Marilia flexuosa
Heliconius charithonia,Mechanitis menapis
Heliconius charithonia,Neostylopyga rhombifolia
Heliconius charithonia,Oleria paula
Heliconius charithonia,Opsiphanes fabricii
Heliconius charithonia,Phoebis sennae
Heliconius charithonia,Pieriballia viardi
Heliconius charithonia,Pycnoscelus surinamensis
Heliconius charithonia,Siproeta epaphus
Heliconius charithonia,Siproeta stelenes
Heliconius charithonia,Triaenodes oaxacensis
Heliconius charithonia,Trigona fulviventris
Heliconius charithonia,Urbanus dorantes
Heliconius charithonia,Wormaldia tarasca
Heliconius charithonia,Xamia xami
Heliconius erato,Hemiargus ceraunus
Heliconius erato,Heterusia atalantata
Heliconius erato,Lepidostoma zapoteca
Heliconius erato,Limenitis pithys
Heliconius erato,Marilia flexuosa
Heliconius erato,Mechanitis menapis
Heliconius erato,Neostylopyga rhombifolia
Heliconius erato,Oleria paula
Heliconius erato,Opsiphanes fabricii
Heliconius erato,Phoebis sennae
Heliconius erato,Pieriballia viardi
Heliconius erato,Pycnoscelus surinamensis
Heliconius erato,Siproeta epaphus
Heliconius erato,Siproeta stelenes
Heliconius erato,Triaenodes oaxacensis
Heliconius erato,Trigona fulviventris
Heliconius erato,Urbanus dorantes
Heliconius erato,Wormaldia tarasca
Heliconius erato,Xamia xami
Hemiargus ceraunus,Heterusia atalantata
Hemiargus ceraunus,Lepidostoma zapoteca
Hemiargus ceraunus,Limenitis pithys
Hemiargus ceraunus,Marilia flexuosa
Hemiargus ceraunus,Mechanitis menapis
Hemiargus ceraunus,Neostylopyga rhombifolia
Hemiargus ceraunus,Oleria paula
Hemiargus ceraunus,Opsiphanes fabricii
Hemiargus ceraunus,Phoebis sennae
Hemiargus ceraunus,Pieriballia viardi
Hemiargus ceraunus,Pycnoscelus surinamensis
Hemiargus ceraunus,Siproeta epaphus
Hemiargus ceraunus,Siproeta stelenes
Hemiargus ceraunus,Triaenodes oaxacensis
Hemiargus ceraunus,Trigona fulviventris
Hemiargus ceraunus,Urbanus dorantes
Hemiargus ceraunus,Wormaldia tarasca
Hemiargus ceraunus,Xamia xami
Heterusia atalantata,Lepidostoma zapoteca
Heterusia atalantata,Limenitis pithys
Heterusia atalantata,Marilia flexuosa
Heterusia atalantata,Mechanitis menapis
Heterusia atalantata,Neostylopyga rhombifolia
Heterusia atalantata,Oleria paula
Heterusia atalantata,Opsiphanes fabricii
Heterusia atalantata,Phoebis sennae
Heterusia atalantata,Pieriballia viardi
Heterusia atalantata,Pycnoscelus surinamensis
Heterusia atalantata,Siproeta epaphus
Heterusia atalantata,Siproeta stelenes
Heterusia atalantata,Triaenodes oaxacensis
Heterusia atalantata,Trigona fulviventris
Heterusia atalantata,Urbanus dorantes
Heterusia atalantata,Wormaldia tarasca
Heterusia atalantata,Xamia xami
Lepidostoma zapoteca,Limenitis pithys
Lepidostoma zapoteca,Marilia flexuosa
Lepidostoma zapoteca,Mechanitis menapis
Lepidostoma zapoteca,Neostylopyga rhombifolia
Lepidostoma zapoteca,Oleria paula
Lepidostoma zapoteca,Opsiphanes fabricii
Lepidostoma zapoteca,Phoebis sennae
Lepidostoma zapoteca,Pieriballia viardi
Lepidostoma zapoteca,Pycnoscelus surinamensis
Lepidostoma zapoteca,Siproeta epaphus
Lepidostoma zapoteca,Siproeta stelenes
Lepidostoma zapoteca,Triaenodes oaxacensis
Lepidostoma zapoteca,Trigona fulviventris
Lepidostoma zapoteca,Urbanus dorantes
Lepidostoma zapoteca,Wormaldia tarasca
Lepidostoma zapoteca,Xamia xami
Limenitis pithys,Marilia flexuosa
Limenitis pithys,Mechanitis menapis
Limenitis pithys,Neostylopyga rhombifolia
Limenitis pithys,Oleria paula
Limenitis pithys,Opsiphanes fabricii
Limenitis pithys,Phoebis sennae
Limenitis pithys,Pieriballia viardi
Limenitis pithys,Pycnoscelus surinamensis
Limenitis pithys,Siproeta epaphus
Limenitis pithys,Siproeta stelenes
Limenitis pithys,Triaenodes oaxacensis
Limenitis pithys,Trigona fulviventris
Limenitis pithys,Urbanus dorantes
Limenitis pithys,Wormaldia tarasca
Limenitis pithys,Xamia xami
Marilia flexuosa,Mechanitis menapis
Marilia flexuosa,Neostylopyga rhombifolia
Marilia flexuosa,Oleria paula
Marilia flexuosa,Opsiphanes fabricii
Marilia flexuosa,Phoebis sennae
Marilia flexuosa,Pieriballia viardi
Marilia flexuosa,Pycnoscelus surinamensis
Marilia flexuosa,Siproeta epaphus
Marilia flexuosa,Siproeta stelenes
Marilia flexuosa,Triaenodes oaxacensis
Marilia flexuosa,Trigona fulviventris
Marilia flexuosa,Urbanus dorantes
Marilia flexuosa,Wormaldia tarasca
Marilia flexuosa,Xamia xami
Mechanitis menapis,Neostylopyga rhombifolia
Mechanitis menapis,Oleria paula
Mechanitis menapis,Opsiphanes fabricii
Mechanitis menapis,Phoebis sennae
Mechanitis menapis,Pieriballia viardi
Mechanitis menapis,Pycnoscelus surinamensis
Mechanitis menapis,Siproeta epaphus
Mechanitis menapis,Siproeta stelenes
Mechanitis menapis,Triaenodes oaxacensis
Mechanitis menapis,Trigona fulviventris
Mechanitis menapis,Urbanus dorantes
Mechanitis menapis,Wormaldia tarasca
Mechanitis menapis,Xamia xami
Neostylopyga rhombifolia,Oleria paula
Neostylopyga rhombifolia,Opsiphanes fabricii
Neostylopyga rhombifolia,Phoebis sennae
Neostylopyga rhombifolia,Pieriballia viardi
Neostylopyga rhombifolia,Pycnoscelus surinamensis
Neostylopyga rhombifolia,Siproeta epaphus
Neostylopyga rhombifolia,Siproeta stelenes
Neostylopyga rhombifolia,Triaenodes oaxacensis
Neostylopyga rhombifolia,Trigona fulviventris
Neostylopyga rhombifolia,Urbanus dorantes
Neostylopyga rhombifolia,Wormaldia tarasca
Neostylopyga rhombifolia,Xamia xami
Oleria paula,Opsiphanes fabricii
Oleria paula,Phoebis sennae
Oleria paula,Pieriballia viardi
Oleria paula,Pycnoscelus surinamensis
Oleria paula,Siproeta epaphus
Oleria paula,Siproeta stelenes
Oleria paula,Triaenodes oaxacensis
Oleria paula,Trigona fulviventris
Oleria paula,Urbanus dorantes
Oleria paula,Wormaldia tarasca
Oleria paula,Xamia xami
Opsiphanes fabricii,Phoebis sennae
Opsiphanes fabricii,Pieriballia viardi
Opsiphanes fabricii,Pycnoscelus surinamensis
Opsiphanes fabricii,Siproeta epaphus
Opsiphanes fabricii,Siproeta stelenes
Opsiphanes fabricii,Triaenodes oaxacensis
Opsiphanes fabricii,Trigona fulviventris
Opsiphanes fabricii,Urbanus dorantes
Opsiphanes fabricii,Wormaldia tarasca
Opsiphanes fabricii,Xamia xami
Phoebis sennae,Pieriballia viardi
Phoebis sennae,Pycnoscelus surinamensis
Phoebis sennae,Siproeta epaphus
Phoebis sennae,Siproeta stelenes
Phoebis sennae,Triaenodes oaxacensis
Phoebis sennae,Trigona fulviventris
Phoebis sennae,Urbanus dorantes
Phoebis sennae,Wormaldia tarasca
Phoebis sennae,Xamia xami
Pieriballia viardi,Pycnoscelus surinamensis
Pieriballia viardi,Siproeta epaphus
Pieriballia viardi,Siproeta stelenes
Pieriballia viardi,Triaenodes oaxacensis
Pieriballia viardi,Trigona fulviventris
Pieriballia viardi,Urbanus dorantes
Pieriballia viardi,Wormaldia tarasca
Pieriballia viardi,Xamia xami
Pycnoscelus surinamensis,Siproeta epaphus
Pycnoscelus surinamensis,Siproeta stelenes
Pycnoscelus surinamensis,Triaenodes oaxacensis
Pycnoscelus surinamensis,Trigona fulviventris
Pycnoscelus surinamensis,Urbanus dorantes
Pycnoscelus surinamensis,Wormaldia tarasca
Pycnoscelus surinamensis,Xamia xami
Siproeta epaphus,Siproeta stelenes
Siproeta epaphus,Triaenodes oaxacensis
Siproeta epaphus,Trigona fulviventris
Siproeta epaphus,Urbanus dorantes
Siproeta epaphus,Wormaldia tarasca
Siproeta epaphus,Xamia xami
Siproeta stelenes,Triaenodes oaxacensis
Siproeta stelenes,Trigona fulviventris
Siproeta stelenes,Urbanus dorantes
Siproeta stelenes,Wormaldia tarasca
Siproeta stelenes,Xamia xami
Triaenodes oaxacensis,Trigona fulviventris
Triaenodes oaxacensis,Urbanus dorantes
Triaenodes oaxacensis,Wormaldia tarasca
Triaenodes oaxacensis,Xamia xami
Trigona fulviventris,Urbanus dorantes
Trigona fulviventris,Wormaldia tarasca
Trigona fulviventris,Xamia xami
Urbanus dorantes,Wormaldia tarasca
Urbanus dorantes,Xamia xami
Wormaldia tarasca,Xamia xami
Apis mellifera,Atta mexicana
Apis mellifera,Bombus sonorus
Apis mellifera,Chimarra texana
Apis mellifera,Gryllodes sigillatus
Apis mellifera,Hemiargus ceraunus
Apis mellifera,Oiketicus kirbyi
Apis mellifera,Stilpnochlora azteca
Atta mexicana,Bombus sonorus
Atta mexicana,Chimarra texana
Atta mexicana,Gryllodes sigillatus
Atta mexicana,Hemiargus ceraunus
Atta mexicana,Oiketicus kirbyi
Atta mexicana,Stilpnochlora azteca
Bombus sonorus,Chimarra texana
Bombus sonorus,Gryllodes sigillatus
Bombus sonorus,Hemiargus ceraunus
Bombus sonorus,Oiketicus kirbyi
Bombus sonorus,Stilpnochlora azteca
Chimarra texana,Gryllodes sigillatus
Chimarra texana,Hemiargus ceraunus
Chimarra texana,Oiketicus kirbyi
Chimarra texana,Stilpnochlora azteca
Gryllodes sigillatus,Hemiargus ceraunus
Gryllodes sigillatus,Oiketicus kirbyi
Gryllodes sigillatus,Stilpnochlora azteca
Hemiargus ceraunus,Oiketicus kirbyi
Hemiargus ceraunus,Stilpnochlora azteca
Oiketicus kirbyi,Stilpnochlora azteca
Ancyloxypha arene,Apogonalia fraterna
Ancyloxypha arene,Bombus sonorus
Ancyloxypha arene,Danaus plexippus
Ancyloxypha arene,Sympetrum illotum
Apogonalia fraterna,Bombus sonorus
Apogonalia fraterna,Danaus plexippus
Apogonalia fraterna,Sympetrum illotum
Bombus sonorus,Danaus plexippus
Bombus sonorus,Sympetrum illotum
Danaus plexippus,Sympetrum illotum
Anthanassa tulcis,Apis mellifera
Anthanassa tulcis,Atta cephalotes
Anthanassa tulcis,Brachygastra mellifica
Anthanassa tulcis,Colobura dirce
Anthanassa tulcis,Danaus plexippus
Anthanassa tulcis,Dione vanillae
Anthanassa tulcis,Doxocopa laure
Anthanassa tulcis,Dryas iulia
Anthanassa tulcis,Ectatomma ruidum
Anthanassa tulcis,Ectatomma tuberculatum
Anthanassa tulcis,Eudesmia menea
Anthanassa tulcis,Hamadryas februa
Anthanassa tulcis,Hamadryas guatemalena
Anthanassa tulcis,Heliconius charithonia
Anthanassa tulcis,Heraclides rogeri
Anthanassa tulcis,Horama oedippus
Anthanassa tulcis,Junonia neildi
Anthanassa tulcis,Leptotes cassius
Anthanassa tulcis,Megalopyge lanata
Anthanassa tulcis,Oxyethira pallida
Anthanassa tulcis,Paiwarria umbratus
Anthanassa tulcis,Pyrrhogyra otolais
Anthanassa tulcis,Scaptotrigona pectoralis
Anthanassa tulcis,Siproeta stelenes
Anthanassa tulcis,Tirumala petiverana
Anthanassa tulcis,Urbanus dorantes
Apis mellifera,Atta cephalotes
Apis mellifera,Brachygastra mellifica
Apis mellifera,Colobura dirce
Apis mellifera,Danaus plexippus
Apis mellifera,Dione vanillae
Apis mellifera,Doxocopa laure
Apis mellifera,Dryas iulia
Apis mellifera,Ectatomma ruidum
Apis mellifera,Ectatomma tuberculatum
Apis mellifera,Eudesmia menea
Apis mellifera,Hamadryas februa
Apis mellifera,Hamadryas guatemalena
Apis mellifera,Heliconius charithonia
Apis mellifera,Heraclides rogeri
Apis mellifera,Horama oedippus
Apis mellifera,Junonia neildi
Apis mellifera,Leptotes cassius
Apis mellifera,Megalopyge lanata
Apis mellifera,Oxyethira pallida
Apis mellifera,Paiwarria umbratus
Apis mellifera,Pyrrhogyra otolais
Apis mellifera,Scaptotrigona pectoralis
Apis mellifera,Siproeta stelenes
Apis mellifera,Tirumala petiverana
Apis mellifera,Urbanus dorantes
Atta cephalotes,Brachygastra mellifica
Atta cephalotes,Colobura dirce
Atta cephalotes,Danaus plexippus
Atta cephalotes,Dione vanillae
Atta cephalotes,Doxocopa laure
Atta cephalotes,Dryas iulia
Atta cephalotes,Ectatomma ruidum
Atta cephalotes,Ectatomma tuberculatum
Atta cephalotes,Eudesmia menea
Atta cephalotes,Hamadryas februa
Atta cephalotes,Hamadryas guatemalena
Atta cephalotes,Heliconius charithonia
Atta cephalotes,Heraclides rogeri
Atta cephalotes,Horama oedippus
Atta cephalotes,Junonia neildi
Atta cephalotes,Leptotes cassius
Atta cephalotes,Megalopyge lanata
Atta cephalotes,Oxyethira pallida
Atta cephalotes,Paiwarria umbratus
Atta cephalotes,Pyrrhogyra otolais
Atta cephalotes,Scaptotrigona pectoralis
Atta cephalotes,Siproeta stelenes
Atta cephalotes,Tirumala petiverana
Atta cephalotes,Urbanus dorantes
Brachygastra mellifica,Colobura dirce
Brachygastra mellifica,Danaus plexippus
Brachygastra mellifica,Dione vanillae
Brachygastra mellifica,Doxocopa laure
Brachygastra mellifica,Dryas iulia
Brachygastra mellifica,Ectatomma ruidum
Brachygastra mellifica,Ectatomma tuberculatum
Brachygastra mellifica,Eudesmia menea
Brachygastra mellifica,Hamadryas februa
Brachygastra mellifica,Hamadryas guatemalena
Brachygastra mellifica,Heliconius charithonia
Brachygastra mellifica,Heraclides rogeri
Brachygastra mellifica,Horama oedippus
Brachygastra mellifica,Junonia neildi
Brachygastra mellifica,Leptotes cassius
Brachygastra mellifica,Megalopyge lanata
Brachygastra mellifica,Oxyethira pallida
Brachygastra mellifica,Paiwarria umbratus
Brachygastra mellifica,Pyrrhogyra otolais
Brachygastra mellifica,Scaptotrigona pectoralis
Brachygastra mellifica,Siproeta stelenes
Brachygastra mellifica,Tirumala petiverana
Brachygastra mellifica,Urbanus dorantes
Colobura dirce,Danaus plexippus
Colobura dirce,Dione vanillae
Colobura dirce,Doxocopa laure
Colobura dirce,Dryas iulia
Colobura dirce,Ectatomma ruidum
Colobura dirce,Ectatomma tuberculatum
Colobura dirce,Eudesmia menea
Colobura dirce,Hamadryas februa
Colobura dirce,Hamadryas guatemalena
Colobura dirce,Heliconius charithonia
Colobura dirce,Heraclides rogeri
Colobura dirce,Horama oedippus
Colobura dirce,Junonia neildi
Colobura dirce,Leptotes cassius
Colobura dirce,Megalopyge lanata
Colobura dirce,Oxyethira pallida
Colobura dirce,Paiwarria umbratus
Colobura dirce,Pyrrhogyra otolais
Colobura dirce,Scaptotrigona pectoralis
Colobura dirce,Siproeta stelenes
Colobura dirce,Tirumala petiverana
Colobura dirce,Urbanus dorantes
Danaus plexippus,Dione vanillae
Danaus plexippus,Doxocopa laure
Danaus plexippus,Dryas iulia
Danaus plexippus,Ectatomma ruidum
Danaus plexippus,Ectatomma tuberculatum
Danaus plexippus,Eudesmia menea
Danaus plexippus,Hamadryas februa
Danaus plexippus,Hamadryas guatemalena
Danaus plexippus,Heliconius charithonia
Danaus plexippus,Heraclides rogeri
Danaus plexippus,Horama oedippus
Danaus plexippus,Junonia neildi
Danaus plexippus,Leptotes cassius
Danaus plexippus,Megalopyge lanata
Danaus plexippus,Oxyethira pallida
Danaus plexippus,Paiwarria umbratus
Danaus plexippus,Pyrrhogyra otolais
Danaus plexippus,Scaptotrigona pectoralis
Danaus plexippus,Siproeta stelenes
Danaus plexippus,Tirumala petiverana
Danaus plexippus,Urbanus dorantes
Dione vanillae,Doxocopa laure
Dione vanillae,Dryas iulia
Dione vanillae,Ectatomma ruidum
Dione vanillae,Ectatomma tuberculatum
Dione vanillae,Eudesmia menea
Dione vanillae,Hamadryas februa
Dione vanillae,Hamadryas guatemalena
Dione vanillae,Heliconius charithonia
Dione vanillae,Heraclides rogeri
Dione vanillae,Horama oedippus
Dione vanillae,Junonia neildi
Dione vanillae,Leptotes cassius
Dione vanillae,Megalopyge lanata
Dione vanillae,Oxyethira pallida
Dione vanillae,Paiwarria umbratus
Dione vanillae,Pyrrhogyra otolais
Dione vanillae,Scaptotrigona pectoralis
Dione vanillae,Siproeta stelenes
Dione vanillae,Tirumala petiverana
Dione vanillae,Urbanus dorantes
Doxocopa laure,Dryas iulia
Doxocopa laure,Ectatomma ruidum
Doxocopa laure,Ectatomma tuberculatum
Doxocopa laure,Eudesmia menea
Doxocopa laure,Hamadryas februa
Doxocopa laure,Hamadryas guatemalena
Doxocopa laure,Heliconius charithonia
Doxocopa laure,Heraclides rogeri
Doxocopa laure,Horama oedippus
Doxocopa laure,Junonia neildi
Doxocopa laure,Leptotes cassius
Doxocopa laure,Megalopyge lanata
Doxocopa laure,Oxyethira pallida
Doxocopa laure,Paiwarria umbratus
Doxocopa laure,Pyrrhogyra otolais
Doxocopa laure,Scaptotrigona pectoralis
Doxocopa laure,Siproeta stelenes
Doxocopa laure,Tirumala petiverana
Doxocopa laure,Urbanus dorantes
Dryas iulia,Ectatomma ruidum
Dryas iulia,Ectatomma tuberculatum
Dryas iulia,Eudesmia menea
Dryas iulia,Hamadryas februa
Dryas iulia,Hamadryas guatemalena
Dryas iulia,Heliconius charithonia
Dryas iulia,Heraclides rogeri
Dryas iulia,Horama oedippus
Dryas iulia,Junonia neildi
Dryas iulia,Leptotes cassius
Dryas iulia,Megalopyge lanata
Dryas iulia,Oxyethira pallida
Dryas iulia,Paiwarria umbratus
Dryas iulia,Pyrrhogyra otolais
Dryas iulia,Scaptotrigona pectoralis
Dryas iulia,Siproeta stelenes
Dryas iulia,Tirumala petiverana
Dryas iulia,Urbanus dorantes
Ectatomma ruidum,Ectatomma tuberculatum
Ectatomma ruidum,Eudesmia menea
Ectatomma ruidum,Hamadryas februa
Ectatomma ruidum,Hamadryas guatemalena
Ectatomma ruidum,Heliconius charithonia
Ectatomma ruidum,Heraclides rogeri
Ectatomma ruidum,Horama oedippus
Ectatomma ruidum,Junonia neildi
Ectatomma ruidum,Leptotes cassius
Ectatomma ruidum,Megalopyge lanata
Ectatomma ruidum,Oxyethira pallida
Ectatomma ruidum,Paiwarria umbratus
Ectatomma ruidum,Pyrrhogyra otolais
Ectatomma ruidum,Scaptotrigona pectoralis
Ectatomma ruidum,Siproeta stelenes
Ectatomma ruidum,Tirumala petiverana
Ectatomma ruidum,Urbanus dorantes
Ectatomma tuberculatum,Eudesmia menea
Ectatomma tuberculatum,Hamadryas februa
Ectatomma tuberculatum,Hamadryas guatemalena
Ectatomma tuberculatum,Heliconius charithonia
Ectatomma tuberculatum,Heraclides rogeri
Ectatomma tuberculatum,Horama oedippus
Ectatomma tuberculatum,Junonia neildi
Ectatomma tuberculatum,Leptotes cassius
Ectatomma tuberculatum,Megalopyge lanata
Ectatomma tuberculatum,Oxyethira pallida
Ectatomma tuberculatum,Paiwarria umbratus
Ectatomma tuberculatum,Pyrrhogyra otolais
Ectatomma tuberculatum,Scaptotrigona pectoralis
Ectatomma tuberculatum,Siproeta stelenes
Ectatomma tuberculatum,Tirumala petiverana
Ectatomma tuberculatum,Urbanus dorantes
Eudesmia menea,Hamadryas februa
Eudesmia menea,Hamadryas guatemalena
Eudesmia menea,Heliconius charithonia
Eudesmia menea,Heraclides rogeri
Eudesmia menea,Horama oedippus
Eudesmia menea,Junonia neildi
Eudesmia menea,Leptotes cassius
Eudesmia menea,Megalopyge lanata
Eudesmia menea,Oxyethira pallida
Eudesmia menea,Paiwarria umbratus
Eudesmia menea,Pyrrhogyra otolais
Eudesmia menea,Scaptotrigona pectoralis
Eudesmia menea,Siproeta stelenes
Eudesmia menea,Tirumala petiverana
Eudesmia menea,Urbanus dorantes
Hamadryas februa,Hamadryas guatemalena
Hamadryas februa,Heliconius charithonia
Hamadryas februa,Heraclides rogeri
Hamadryas februa,Horama oedippus
Hamadryas februa,Junonia neildi
Hamadryas februa,Leptotes cassius
Hamadryas februa,Megalopyge lanata
Hamadryas februa,Oxyethira pallida
Hamadryas februa,Paiwarria umbratus
Hamadryas februa,Pyrrhogyra otolais
Hamadryas februa,Scaptotrigona pectoralis
Hamadryas februa,Siproeta stelenes
Hamadryas februa,Tirumala petiverana
Hamadryas februa,Urbanus dorantes
Hamadryas guatemalena,Heliconius charithonia
Hamadryas guatemalena,Heraclides rogeri
Hamadryas guatemalena,Horama oedippus
Hamadryas guatemalena,Junonia neildi
Hamadryas guatemalena,Leptotes cassius
Hamadryas guatemalena,Megalopyge lanata
Hamadryas guatemalena,Oxyethira pallida
Hamadryas guatemalena,Paiwarria umbratus
Hamadryas guatemalena,Pyrrhogyra otolais
Hamadryas guatemalena,Scaptotrigona pectoralis
Hamadryas guatemalena,Siproeta stelenes
Hamadryas guatemalena,Tirumala petiverana
Hamadryas guatemalena,Urbanus dorantes
Heliconius charithonia,Heraclides rogeri
Heliconius charithonia,Horama oedippus
Heliconius charithonia,Junonia neildi
Heliconius charithonia,Leptotes cassius
Heliconius charithonia,Megalopyge lanata
Heliconius charithonia,Oxyethira pallida
Heliconius charithonia,Paiwarria umbratus
Heliconius charithonia,Pyrrhogyra otolais
Heliconius charithonia,Scaptotrigona pectoralis
Heliconius charithonia,Siproeta stelenes
Heliconius charithonia,Tirumala petiverana
Heliconius charithonia,Urbanus dorantes
Heraclides rogeri,Horama oedippus
Heraclides rogeri,Junonia neildi
Heraclides rogeri,Leptotes cassius
Heraclides rogeri,Megalopyge lanata
Heraclides rogeri,Oxyethira pallida
Heraclides rogeri,Paiwarria umbratus
Heraclides rogeri,Pyrrhogyra otolais
Heraclides rogeri,Scaptotrigona pectoralis
Heraclides rogeri,Siproeta stelenes
Heraclides rogeri,Tirumala petiverana
Heraclides rogeri,Urbanus dorantes
Horama oedippus,Junonia neildi
Horama oedippus,Leptotes cassius
Horama oedippus,Megalopyge lanata
Horama oedippus,Oxyethira pallida
Horama oedippus,Paiwarria umbratus
Horama oedippus,Pyrrhogyra otolais
Horama oedippus,Scaptotrigona pectoralis
Horama oedippus,Siproeta stelenes
Horama oedippus,Tirumala petiverana
Horama oedippus,Urbanus dorantes
Junonia neildi,Leptotes cassius
Junonia neildi,Megalopyge lanata
Junonia neildi,Oxyethira pallida
Junonia neildi,Paiwarria umbratus
Junonia neildi,Pyrrhogyra otolais
Junonia neildi,Scaptotrigona pectoralis
Junonia neildi,Siproeta stelenes
Junonia neildi,Tirumala petiverana
Junonia neildi,Urbanus dorantes
Leptotes cassius,Megalopyge lanata
Leptotes cassius,Oxyethira pallida
Leptotes cassius,Paiwarria umbratus
Leptotes cassius,Pyrrhogyra otolais
Leptotes cassius,Scaptotrigona pectoralis
Leptotes cassius,Siproeta stelenes
Leptotes cassius,Tirumala petiverana
Leptotes cassius,Urbanus dorantes
Megalopyge lanata,Oxyethira pallida
Megalopyge lanata,Paiwarria umbratus
Megalopyge lanata,Pyrrhogyra otolais
Megalopyge lanata,Scaptotrigona pectoralis
Megalopyge lanata,Siproeta stelenes
Megalopyge lanata,Tirumala petiverana
Megalopyge lanata,Urbanus dorantes
Oxyethira pallida,Paiwarria umbratus
Oxyethira pallida,Pyrrhogyra otolais
Oxyethira pallida,Scaptotrigona pectoralis
Oxyethira pallida,Siproeta stelenes
Oxyethira pallida,Tirumala petiverana
Oxyethira pallida,Urbanus dorantes
Paiwarria umbratus,Pyrrhogyra otolais
Paiwarria umbratus,Scaptotrigona pectoralis
Paiwarria umbratus,Siproeta stelenes
Paiwarria umbratus,Tirumala petiverana
Paiwarria umbratus,Urbanus dorantes
Pyrrhogyra otolais,Scaptotrigona pectoralis
Pyrrhogyra otolais,Siproeta stelenes
Pyrrhogyra otolais,Tirumala petiverana
Pyrrhogyra otolais,Urbanus dorantes
Scaptotrigona pectoralis,Siproeta stelenes
Scaptotrigona pectoralis,Tirumala petiverana
Scaptotrigona pectoralis,Urbanus dorantes
Siproeta stelenes,Tirumala petiverana
Siproeta stelenes,Urbanus dorantes
Tirumala petiverana,Urbanus dorantes
Anartia fatima,Apis mellifera
Anartia fatima,Celastrina ladon
Anartia fatima,Chimarra texana
Anartia fatima,Diaethria anna
Anartia fatima,Grais stigmaticus
Anartia fatima,Melanis pixe
Anartia fatima,Phoebis sennae
Anartia fatima,Polistes instabilis
Anartia fatima,Urbanus dorantes
Apis mellifera,Celastrina ladon
Apis mellifera,Chimarra texana
Apis mellifera,Diaethria anna
Apis mellifera,Grais stigmaticus
Apis mellifera,Melanis pixe
Apis mellifera,Phoebis sennae
Apis mellifera,Polistes instabilis
Apis mellifera,Urbanus dorantes
Celastrina ladon,Chimarra texana
Celastrina ladon,Diaethria anna
Celastrina ladon,Grais stigmaticus
Celastrina ladon,Melanis pixe
Celastrina ladon,Phoebis sennae
Celastrina ladon,Polistes instabilis
Celastrina ladon,Urbanus dorantes
Chimarra texana,Diaethria anna
Chimarra texana,Grais stigmaticus
Chimarra texana,Melanis pixe
Chimarra texana,Phoebis sennae
Chimarra texana,Polistes instabilis
Chimarra texana,Urbanus dorantes
Diaethria anna,Grais stigmaticus
Diaethria anna,Melanis pixe
Diaethria anna,Phoebis sennae
Diaethria anna,Polistes instabilis
Diaethria anna,Urbanus dorantes
Grais stigmaticus,Melanis pixe
Grais stigmaticus,Phoebis sennae
Grais stigmaticus,Polistes instabilis
Grais stigmaticus,Urbanus dorantes
Melanis pixe,Phoebis sennae
Melanis pixe,Polistes instabilis
Melanis pixe,Urbanus dorantes
Phoebis sennae,Polistes instabilis
Phoebis sennae,Urbanus dorantes
Polistes instabilis,Urbanus dorantes
Acrosternum marginatum,Aellopos clavipes
Acrosternum marginatum,Aetole unipunctella
Acrosternum marginatum,Agraylea multipunctata
Acrosternum marginatum,Agrius cingulata
Acrosternum marginatum,Anartia fatima
Acrosternum marginatum,Anartia jatrophae
Acrosternum marginatum,Anoplolepis gracilipes
Acrosternum marginatum,Anteos clorinde
Acrosternum marginatum,Anthanassa tulcis
Acrosternum marginatum,Antigonus erosus
Acrosternum marginatum,Aphis nerii
Acrosternum marginatum,Apis mellifera
Acrosternum marginatum,Argia harknessi
Acrosternum marginatum,Argia pallens
Acrosternum marginatum,Argia pulla
Acrosternum marginatum,Ascia monuste
Acrosternum marginatum,Atta mexicana
Acrosternum marginatum,Battus philenor
Acrosternum marginatum,Battus polydamas
Acrosternum marginatum,Brachygastra azteca
Acrosternum marginatum,Brachygastra mellifica
Acrosternum marginatum,Brechmorhoga praecox
Acrosternum marginatum,Callicista columella
Acrosternum marginatum,Calycopis isobeon
Acrosternum marginatum,Catorhintha selector
Acrosternum marginatum,Chimarra laguna
Acrosternum marginatum,Chioides catillus
Acrosternum marginatum,Chrysomya megacephala
Acrosternum marginatum,Chrysopodes collaris
Acrosternum marginatum,Clogmia albipunctatus
Acrosternum marginatum,Coccinella septempunctata
Acrosternum marginatum,Condylostylus longicornis
Acrosternum marginatum,Conocephalus ictus
Acrosternum marginatum,Corythucha marmorata
Acrosternum marginatum,Cryptocephalus irroratus
Acrosternum marginatum,Cycloneda sanguinea
Acrosternum marginatum,Danaus eresimus
Acrosternum marginatum,Danaus gilippus
Acrosternum marginatum,Dichromorpha prominula
Acrosternum marginatum,Dicymolomia julianalis
Acrosternum marginatum,Dielis tolteca
Acrosternum marginatum,Dione vanillae
Acrosternum marginatum,Dioprosopa clavatus
Acrosternum marginatum,Doxocopa laure
Acrosternum marginatum,Dryas iulia
Acrosternum marginatum,Dythemis nigrescens
Acrosternum marginatum,Dythemis sterilis
Acrosternum marginatum,Echelatus sempiternus
Acrosternum marginatum,Echinargus isola
Acrosternum marginatum,Elkalyce texana
Acrosternum marginatum,Ellipes minuta
Acrosternum marginatum,Emesaya brevipennis
Acrosternum marginatum,Epeiromulona hamata
Acrosternum marginatum,Euptoieta hegesia
Acrosternum marginatum,Eurema boisduvaliana
Acrosternum marginatum,Eurema daira
Acrosternum marginatum,Eurema lisa
Acrosternum marginatum,Ganyra josephina
Acrosternum marginatum,Glutophrissa drusilla
Acrosternum marginatum,Gorgythion begga
Acrosternum marginatum,Graphocephala apicata
Acrosternum marginatum,Graphocephala cythura
Acrosternum marginatum,Halictus ligatus
Acrosternum marginatum,Hamadryas februa
Acrosternum marginatum,Hamadryas guatemalena
Acrosternum marginatum,Heliconius charithonia
Acrosternum marginatum,Heliopetes laviana
Acrosternum marginatum,Heliopetes macaira
Acrosternum marginatum,Hetaerina americana
Acrosternum marginatum,Heterogramma circumflexalis
Acrosternum marginatum,Hoodus pelopidas
Acrosternum marginatum,Hortensia similis
Acrosternum marginatum,Hylephila phyleus
Acrosternum marginatum,Ischnura hastata
Acrosternum marginatum,Junonia pacoma
Acrosternum marginatum,Kricogonia lyside
Acrosternum marginatum,Largus cinctus
Acrosternum marginatum,Leptotes theonus
Acrosternum marginatum,Lerodea eufala
Acrosternum marginatum,Libytheana carinenta
Acrosternum marginatum,Lucilia cuprina
Acrosternum marginatum,Lycaena cyna
Acrosternum marginatum,Macaria abydata
Acrosternum marginatum,Megalorhipida leucodactylus
Acrosternum marginatum,Megalostomis pyropyga
Acrosternum marginatum,Mestra amymone
Acrosternum marginatum,Miathyria marcella
Acrosternum marginatum,Micrathyria didyma
Acrosternum marginatum,Monomorium pharaonis
Acrosternum marginatum,Nectopsyche candida
Acrosternum marginatum,Neocoelidia pallida
Acrosternum marginatum,Oarisma minima
Acrosternum marginatum,Ocyptamus dimidiatus
Acrosternum marginatum,Ornidia obesa
Acrosternum marginatum,Orthemis discolor
Acrosternum marginatum,Orthemis ferruginea
Acrosternum marginatum,Palpada furcata
Acrosternum marginatum,Papilio rumiko
Acrosternum marginatum,Paratettix aztecus
Acrosternum marginatum,Phoebis agarithe
Acrosternum marginatum,Phyciodes picta
Acrosternum marginatum,Phylloicus aeneus
Acrosternum marginatum,Plodia interpunctella
Acrosternum marginatum,Polistes dorsalis
Acrosternum marginatum,Polites vibex
Acrosternum marginatum,Polybia occidentalis
Acrosternum marginatum,Pseudoleon superbus
Acrosternum marginatum,Pyrgus oileus
Acrosternum marginatum,Pyrisitia proterpia
Acrosternum marginatum,Sinea diadema
Acrosternum marginatum,Siproeta stelenes
Acrosternum marginatum,Smicridea fasciatella
Acrosternum marginatum,Smyrna blomfildia
Acrosternum marginatum,Staphylus mazans
Acrosternum marginatum,Strymon albata
Acrosternum marginatum,Supella longipalpa
Acrosternum marginatum,Taphroscelidia linearis
Acrosternum marginatum,Telebasis salva
Acrosternum marginatum,Thecla rufofusca
Acrosternum marginatum,Timochares ruptifasciata
Acrosternum marginatum,Tmolus echion
Acrosternum marginatum,Tripudia quadrifera
Acrosternum marginatum,Tropisternus collaris
Acrosternum marginatum,Umbonia crassicornis
Acrosternum marginatum,Urbanus dorantes
Acrosternum marginatum,Urbanus procne
Acrosternum marginatum,Urbanus proteus
Acrosternum marginatum,Utetheisa ornatrix
Acrosternum marginatum,Xylocopa fimbriata
Acrosternum marginatum,Zelus tetracanthus
Aellopos clavipes,Aetole unipunctella
Aellopos clavipes,Agraylea multipunctata
Aellopos clavipes,Agrius cingulata
Aellopos clavipes,Anartia fatima
Aellopos clavipes,Anartia jatrophae
Aellopos clavipes,Anoplolepis gracilipes
Aellopos clavipes,Anteos clorinde
Aellopos clavipes,Anthanassa tulcis
Aellopos clavipes,Antigonus erosus
Aellopos clavipes,Aphis nerii
Aellopos clavipes,Apis mellifera
Aellopos clavipes,Argia harknessi
Aellopos clavipes,Argia pallens
Aellopos clavipes,Argia pulla
Aellopos clavipes,Ascia monuste
Aellopos clavipes,Atta mexicana
Aellopos clavipes,Battus philenor
Aellopos clavipes,Battus polydamas
Aellopos clavipes,Brachygastra azteca
Aellopos clavipes,Brachygastra mellifica
Aellopos clavipes,Brechmorhoga praecox
Aellopos clavipes,Callicista columella
Aellopos clavipes,Calycopis isobeon
Aellopos clavipes,Catorhintha selector
Aellopos clavipes,Chimarra laguna
Aellopos clavipes,Chioides catillus
Aellopos clavipes,Chrysomya megacephala
Aellopos clavipes,Chrysopodes collaris
Aellopos clavipes,Clogmia albipunctatus
Aellopos clavipes,Coccinella septempunctata
Aellopos clavipes,Condylostylus longicornis
Aellopos clavipes,Conocephalus ictus
Aellopos clavipes,Corythucha marmorata
Aellopos clavipes,Cryptocephalus irroratus
Aellopos clavipes,Cycloneda sanguinea
Aellopos clavipes,Danaus eresimus
Aellopos clavipes,Danaus gilippus
Aellopos clavipes,Dichromorpha prominula
Aellopos clavipes,Dicymolomia julianalis
Aellopos clavipes,Dielis tolteca
Aellopos clavipes,Dione vanillae
Aellopos clavipes,Dioprosopa clavatus
Aellopos clavipes,Doxocopa laure
Aellopos clavipes,Dryas iulia
Aellopos clavipes,Dythemis nigrescens
Aellopos clavipes,Dythemis sterilis
Aellopos clavipes,Echelatus sempiternus
Aellopos clavipes,Echinargus isola
Aellopos clavipes,Elkalyce texana
Aellopos clavipes,Ellipes minuta
Aellopos clavipes,Emesaya brevipennis
Aellopos clavipes,Epeiromulona hamata
Aellopos clavipes,Euptoieta hegesia
Aellopos clavipes,Eurema boisduvaliana
Aellopos clavipes,Eurema daira
Aellopos clavipes,Eurema lisa
Aellopos clavipes,Ganyra josephina
Aellopos clavipes,Glutophrissa drusilla
Aellopos clavipes,Gorgythion begga
Aellopos clavipes,Graphocephala apicata
Aellopos clavipes,Graphocephala cythura
Aellopos clavipes,Halictus ligatus
Aellopos clavipes,Hamadryas februa
Aellopos clavipes,Hamadryas guatemalena
Aellopos clavipes,Heliconius charithonia
Aellopos clavipes,Heliopetes laviana
Aellopos clavipes,Heliopetes macaira
Aellopos clavipes,Hetaerina americana
Aellopos clavipes,Heterogramma circumflexalis
Aellopos clavipes,Hoodus pelopidas
Aellopos clavipes,Hortensia similis
Aellopos clavipes,Hylephila phyleus
Aellopos clavipes,Ischnura hastata
Aellopos clavipes,Junonia pacoma
Aellopos clavipes,Kricogonia lyside
Aellopos clavipes,Largus cinctus
Aellopos clavipes,Leptotes theonus
Aellopos clavipes,Lerodea eufala
Aellopos clavipes,Libytheana carinenta
Aellopos clavipes,Lucilia cuprina
Aellopos clavipes,Lycaena cyna
Aellopos clavipes,Macaria abydata
Aellopos clavipes,Megalorhipida leucodactylus
Aellopos clavipes,Megalostomis pyropyga
Aellopos clavipes,Mestra amymone
Aellopos clavipes,Miathyria marcella
Aellopos clavipes,Micrathyria didyma
Aellopos clavipes,Monomorium pharaonis
Aellopos clavipes,Nectopsyche candida
Aellopos clavipes,Neocoelidia pallida
Aellopos clavipes,Oarisma minima
Aellopos clavipes,Ocyptamus dimidiatus
Aellopos clavipes,Ornidia obesa
Aellopos clavipes,Orthemis discolor
Aellopos clavipes,Orthemis ferruginea
Aellopos clavipes,Palpada furcata
Aellopos clavipes,Papilio rumiko
Aellopos clavipes,Paratettix aztecus
Aellopos clavipes,Phoebis agarithe
Aellopos clavipes,Phyciodes picta
Aellopos clavipes,Phylloicus aeneus
Aellopos clavipes,Plodia interpunctella
Aellopos clavipes,Polistes dorsalis
Aellopos clavipes,Polites vibex
Aellopos clavipes,Polybia occidentalis
Aellopos clavipes,Pseudoleon superbus
Aellopos clavipes,Pyrgus oileus
Aellopos clavipes,Pyrisitia proterpia
Aellopos clavipes,Sinea diadema
Aellopos clavipes,Siproeta stelenes
Aellopos clavipes,Smicridea fasciatella
Aellopos clavipes,Smyrna blomfildia
Aellopos clavipes,Staphylus mazans
Aellopos clavipes,Strymon albata
Aellopos clavipes,Supella longipalpa
Aellopos clavipes,Taphroscelidia linearis
Aellopos clavipes,Telebasis salva
Aellopos clavipes,Thecla rufofusca
Aellopos clavipes,Timochares ruptifasciata
Aellopos clavipes,Tmolus echion
Aellopos clavipes,Tripudia quadrifera
Aellopos clavipes,Tropisternus collaris
Aellopos clavipes,Umbonia crassicornis
Aellopos clavipes,Urbanus dorantes
Aellopos clavipes,Urbanus procne
Aellopos clavipes,Urbanus proteus
Aellopos clavipes,Utetheisa ornatrix
Aellopos clavipes,Xylocopa fimbriata
Aellopos clavipes,Zelus tetracanthus
Aetole unipunctella,Agraylea multipunctata
Aetole unipunctella,Agrius cingulata
Aetole unipunctella,Anartia fatima
Aetole unipunctella,Anartia jatrophae
Aetole unipunctella,Anoplolepis gracilipes
Aetole unipunctella,Anteos clorinde
Aetole unipunctella,Anthanassa tulcis
Aetole unipunctella,Antigonus erosus
Aetole unipunctella,Aphis nerii
Aetole unipunctella,Apis mellifera
Aetole unipunctella,Argia harknessi
Aetole unipunctella,Argia pallens
Aetole unipunctella,Argia pulla
Aetole unipunctella,Ascia monuste
Aetole unipunctella,Atta mexicana
Aetole unipunctella,Battus philenor
Aetole unipunctella,Battus polydamas
Aetole unipunctella,Brachygastra azteca
Aetole unipunctella,Brachygastra mellifica
Aetole unipunctella,Brechmorhoga praecox
Aetole unipunctella,Callicista columella
Aetole unipunctella,Calycopis isobeon
Aetole unipunctella,Catorhintha selector
Aetole unipunctella,Chimarra laguna
Aetole unipunctella,Chioides catillus
Aetole unipunctella,Chrysomya megacephala
Aetole unipunctella,Chrysopodes collaris
Aetole unipunctella,Clogmia albipunctatus
Aetole unipunctella,Coccinella septempunctata
Aetole unipunctella,Condylostylus longicornis
Aetole unipunctella,Conocephalus ictus
Aetole unipunctella,Corythucha marmorata
Aetole unipunctella,Cryptocephalus irroratus
Aetole unipunctella,Cycloneda sanguinea
Aetole unipunctella,Danaus eresimus
Aetole unipunctella,Danaus gilippus
Aetole unipunctella,Dichromorpha prominula
Aetole unipunctella,Dicymolomia julianalis
Aetole unipunctella,Dielis tolteca
Aetole unipunctella,Dione vanillae
Aetole unipunctella,Dioprosopa clavatus
Aetole unipunctella,Doxocopa laure
Aetole unipunctella,Dryas iulia
Aetole unipunctella,Dythemis nigrescens
Aetole unipunctella,Dythemis sterilis
Aetole unipunctella,Echelatus sempiternus
Aetole unipunctella,Echinargus isola
Aetole unipunctella,Elkalyce texana
Aetole unipunctella,Ellipes minuta
Aetole unipunctella,Emesaya brevipennis
Aetole unipunctella,Epeiromulona hamata
Aetole unipunctella,Euptoieta hegesia
Aetole unipunctella,Eurema boisduvaliana
Aetole unipunctella,Eurema daira
Aetole unipunctella,Eurema lisa
Aetole unipunctella,Ganyra josephina
Aetole unipunctella,Glutophrissa drusilla
Aetole unipunctella,Gorgythion begga
Aetole unipunctella,Graphocephala apicata
Aetole unipunctella,Graphocephala cythura
Aetole unipunctella,Halictus ligatus
Aetole unipunctella,Hamadryas februa
Aetole unipunctella,Hamadryas guatemalena
Aetole unipunctella,Heliconius charithonia
Aetole unipunctella,Heliopetes laviana
Aetole unipunctella,Heliopetes macaira
Aetole unipunctella,Hetaerina americana
Aetole unipunctella,Heterogramma circumflexalis
Aetole unipunctella,Hoodus pelopidas
Aetole unipunctella,Hortensia similis
Aetole unipunctella,Hylephila phyleus
Aetole unipunctella,Ischnura hastata
Aetole unipunctella,Junonia pacoma
Aetole unipunctella,Kricogonia lyside
Aetole unipunctella,Largus cinctus
Aetole unipunctella,Leptotes theonus
Aetole unipunctella,Lerodea eufala
Aetole unipunctella,Libytheana carinenta
Aetole unipunctella,Lucilia cuprina
Aetole unipunctella,Lycaena cyna
Aetole unipunctella,Macaria abydata
Aetole unipunctella,Megalorhipida leucodactylus
Aetole unipunctella,Megalostomis pyropyga
Aetole unipunctella,Mestra amymone
Aetole unipunctella,Miathyria marcella
Aetole unipunctella,Micrathyria didyma
Aetole unipunctella,Monomorium pharaonis
Aetole unipunctella,Nectopsyche candida
Aetole unipunctella,Neocoelidia pallida
Aetole unipunctella,Oarisma minima
Aetole unipunctella,Ocyptamus dimidiatus
Aetole unipunctella,Ornidia obesa
Aetole unipunctella,Orthemis discolor
Aetole unipunctella,Orthemis ferruginea
Aetole unipunctella,Palpada furcata
Aetole unipunctella,Papilio rumiko
Aetole unipunctella,Paratettix aztecus
Aetole unipunctella,Phoebis agarithe
Aetole unipunctella,Phyciodes picta
Aetole unipunctella,Phylloicus aeneus
Aetole unipunctella,Plodia interpunctella
Aetole unipunctella,Polistes dorsalis
Aetole unipunctella,Polites vibex
Aetole unipunctella,Polybia occidentalis
Aetole unipunctella,Pseudoleon superbus
Aetole unipunctella,Pyrgus oileus
Aetole unipunctella,Pyrisitia proterpia
Aetole unipunctella,Sinea diadema
Aetole unipunctella,Siproeta stelenes
Aetole unipunctella,Smicridea fasciatella
Aetole unipunctella,Smyrna blomfildia
Aetole unipunctella,Staphylus mazans
Aetole unipunctella,Strymon albata
Aetole unipunctella,Supella longipalpa
Aetole unipunctella,Taphroscelidia linearis
Aetole unipunctella,Telebasis salva
Aetole unipunctella,Thecla rufofusca
Aetole unipunctella,Timochares ruptifasciata
Aetole unipunctella,Tmolus echion
Aetole unipunctella,Tripudia quadrifera
Aetole unipunctella,Tropisternus collaris
Aetole unipunctella,Umbonia crassicornis
Aetole unipunctella,Urbanus dorantes
Aetole unipunctella,Urbanus procne
Aetole unipunctella,Urbanus proteus
Aetole unipunctella,Utetheisa ornatrix
Aetole unipunctella,Xylocopa fimbriata
Aetole unipunctella,Zelus tetracanthus
Agraylea multipunctata,Agrius cingulata
Agraylea multipunctata,Anartia fatima
Agraylea multipunctata,Anartia jatrophae
Agraylea multipunctata,Anoplolepis gracilipes
Agraylea multipunctata,Anteos clorinde
Agraylea multipunctata,Anthanassa tulcis
Agraylea multipunctata,Antigonus erosus
Agraylea multipunctata,Aphis nerii
Agraylea multipunctata,Apis mellifera
Agraylea multipunctata,Argia harknessi
Agraylea multipunctata,Argia pallens
Agraylea multipunctata,Argia pulla
Agraylea multipunctata,Ascia monuste
Agraylea multipunctata,Atta mexicana
Agraylea multipunctata,Battus philenor
Agraylea multipunctata,Battus polydamas
Agraylea multipunctata,Brachygastra azteca
Agraylea multipunctata,Brachygastra mellifica
Agraylea multipunctata,Brechmorhoga praecox
Agraylea multipunctata,Callicista columella
Agraylea multipunctata,Calycopis isobeon
Agraylea multipunctata,Catorhintha selector
Agraylea multipunctata,Chimarra laguna
Agraylea multipunctata,Chioides catillus
Agraylea multipunctata,Chrysomya megacephala
Agraylea multipunctata,Chrysopodes collaris
Agraylea multipunctata,Clogmia albipunctatus
Agraylea multipunctata,Coccinella septempunctata
Agraylea multipunctata,Condylostylus longicornis
Agraylea multipunctata,Conocephalus ictus
Agraylea multipunctata,Corythucha marmorata
Agraylea multipunctata,Cryptocephalus irroratus
Agraylea multipunctata,Cycloneda sanguinea
Agraylea multipunctata,Danaus eresimus
Agraylea multipunctata,Danaus gilippus
Agraylea multipunctata,Dichromorpha prominula
Agraylea multipunctata,Dicymolomia julianalis
Agraylea multipunctata,Dielis tolteca
Agraylea multipunctata,Dione vanillae
Agraylea multipunctata,Dioprosopa clavatus
Agraylea multipunctata,Doxocopa laure
Agraylea multipunctata,Dryas iulia
Agraylea multipunctata,Dythemis nigrescens
Agraylea multipunctata,Dythemis sterilis
Agraylea multipunctata,Echelatus sempiternus
Agraylea multipunctata,Echinargus isola
Agraylea multipunctata,Elkalyce texana
Agraylea multipunctata,Ellipes minuta
Agraylea multipunctata,Emesaya brevipennis
Agraylea multipunctata,Epeiromulona hamata
Agraylea multipunctata,Euptoieta hegesia
Agraylea multipunctata,Eurema boisduvaliana
Agraylea multipunctata,Eurema daira
Agraylea multipunctata,Eurema lisa
Agraylea multipunctata,Ganyra josephina
Agraylea multipunctata,Glutophrissa drusilla
Agraylea multipunctata,Gorgythion begga
Agraylea multipunctata,Graphocephala apicata
Agraylea multipunctata,Graphocephala cythura
Agraylea multipunctata,Halictus ligatus
Agraylea multipunctata,Hamadryas februa
Agraylea multipunctata,Hamadryas guatemalena
Agraylea multipunctata,Heliconius charithonia
Agraylea multipunctata,Heliopetes laviana
Agraylea multipunctata,Heliopetes macaira
Agraylea multipunctata,Hetaerina americana
Agraylea multipunctata,Heterogramma circumflexalis
Agraylea multipunctata,Hoodus pelopidas
Agraylea multipunctata,Hortensia similis
Agraylea multipunctata,Hylephila phyleus
Agraylea multipunctata,Ischnura hastata
Agraylea multipunctata,Junonia pacoma
Agraylea multipunctata,Kricogonia lyside
Agraylea multipunctata,Largus cinctus
Agraylea multipunctata,Leptotes theonus
Agraylea multipunctata,Lerodea eufala
Agraylea multipunctata,Libytheana carinenta
Agraylea multipunctata,Lucilia cuprina
Agraylea multipunctata,Lycaena cyna
Agraylea multipunctata,Macaria abydata
Agraylea multipunctata,Megalorhipida leucodactylus
Agraylea multipunctata,Megalostomis pyropyga
Agraylea multipunctata,Mestra amymone
Agraylea multipunctata,Miathyria marcella
Agraylea multipunctata,Micrathyria didyma
Agraylea multipunctata,Monomorium pharaonis
Agraylea multipunctata,Nectopsyche candida
Agraylea multipunctata,Neocoelidia pallida
Agraylea multipunctata,Oarisma minima
Agraylea multipunctata,Ocyptamus dimidiatus
Agraylea multipunctata,Ornidia obesa
Agraylea multipunctata,Orthemis discolor
Agraylea multipunctata,Orthemis ferruginea
Agraylea multipunctata,Palpada furcata
Agraylea multipunctata,Papilio rumiko
Agraylea multipunctata,Paratettix aztecus
Agraylea multipunctata,Phoebis agarithe
Agraylea multipunctata,Phyciodes picta
Agraylea multipunctata,Phylloicus aeneus
Agraylea multipunctata,Plodia interpunctella
Agraylea multipunctata,Polistes dorsalis
Agraylea multipunctata,Polites vibex
Agraylea multipunctata,Polybia occidentalis
Agraylea multipunctata,Pseudoleon superbus
Agraylea multipunctata,Pyrgus oileus
Agraylea multipunctata,Pyrisitia proterpia
Agraylea multipunctata,Sinea diadema
Agraylea multipunctata,Siproeta stelenes
Agraylea multipunctata,Smicridea fasciatella
Agraylea multipunctata,Smyrna blomfildia
Agraylea multipunctata,Staphylus mazans
Agraylea multipunctata,Strymon albata
Agraylea multipunctata,Supella longipalpa
Agraylea multipunctata,Taphroscelidia linearis
Agraylea multipunctata,Telebasis salva
Agraylea multipunctata,Thecla rufofusca
Agraylea multipunctata,Timochares ruptifasciata
Agraylea multipunctata,Tmolus echion
Agraylea multipunctata,Tripudia quadrifera
Agraylea multipunctata,Tropisternus collaris
Agraylea multipunctata,Umbonia crassicornis
Agraylea multipunctata,Urbanus dorantes
Agraylea multipunctata,Urbanus procne
Agraylea multipunctata,Urbanus proteus
Agraylea multipunctata,Utetheisa ornatrix
Agraylea multipunctata,Xylocopa fimbriata
Agraylea multipunctata,Zelus tetracanthus
Agrius cingulata,Anartia fatima
Agrius cingulata,Anartia jatrophae
Agrius cingulata,Anoplolepis gracilipes
Agrius cingulata,Anteos clorinde
Agrius cingulata,Anthanassa tulcis
Agrius cingulata,Antigonus erosus
Agrius cingulata,Aphis nerii
Agrius cingulata,Apis mellifera
Agrius cingulata,Argia harknessi
Agrius cingulata,Argia pallens
Agrius cingulata,Argia pulla
Agrius cingulata,Ascia monuste
Agrius cingulata,Atta mexicana
Agrius cingulata,Battus philenor
Agrius cingulata,Battus polydamas
Agrius cingulata,Brachygastra azteca
Agrius cingulata,Brachygastra mellifica
Agrius cingulata,Brechmorhoga praecox
Agrius cingulata,Callicista columella
Agrius cingulata,Calycopis isobeon
Agrius cingulata,Catorhintha selector
Agrius cingulata,Chimarra laguna
Agrius cingulata,Chioides catillus
Agrius cingulata,Chrysomya megacephala
Agrius cingulata,Chrysopodes collaris
Agrius cingulata,Clogmia albipunctatus
Agrius cingulata,Coccinella septempunctata
Agrius cingulata,Condylostylus longicornis
Agrius cingulata,Conocephalus ictus
Agrius cingulata,Corythucha marmorata
Agrius cingulata,Cryptocephalus irroratus
Agrius cingulata,Cycloneda sanguinea
Agrius cingulata,Danaus eresimus
Agrius cingulata,Danaus gilippus
Agrius cingulata,Dichromorpha prominula
Agrius cingulata,Dicymolomia julianalis
Agrius cingulata,Dielis tolteca
Agrius cingulata,Dione vanillae
Agrius cingulata,Dioprosopa clavatus
Agrius cingulata,Doxocopa laure
Agrius cingulata,Dryas iulia
Agrius cingulata,Dythemis nigrescens
Agrius cingulata,Dythemis sterilis
Agrius cingulata,Echelatus sempiternus
Agrius cingulata,Echinargus isola
Agrius cingulata,Elkalyce texana
Agrius cingulata,Ellipes minuta
Agrius cingulata,Emesaya brevipennis
Agrius cingulata,Epeiromulona hamata
Agrius cingulata,Euptoieta hegesia
Agrius cingulata,Eurema boisduvaliana
Agrius cingulata,Eurema daira
Agrius cingulata,Eurema lisa
Agrius cingulata,Ganyra josephina
Agrius cingulata,Glutophrissa drusilla
Agrius cingulata,Gorgythion begga
Agrius cingulata,Graphocephala apicata
Agrius cingulata,Graphocephala cythura
Agrius cingulata,Halictus ligatus
Agrius cingulata,Hamadryas februa
Agrius cingulata,Hamadryas guatemalena
Agrius cingulata,Heliconius charithonia
Agrius cingulata,Heliopetes laviana
Agrius cingulata,Heliopetes macaira
Agrius cingulata,Hetaerina americana
Agrius cingulata,Heterogramma circumflexalis
Agrius cingulata,Hoodus pelopidas
Agrius cingulata,Hortensia similis
Agrius cingulata,Hylephila phyleus
Agrius cingulata,Ischnura hastata
Agrius cingulata,Junonia pacoma
Agrius cingulata,Kricogonia lyside
Agrius cingulata,Largus cinctus
Agrius cingulata,Leptotes theonus
Agrius cingulata,Lerodea eufala
Agrius cingulata,Libytheana carinenta
Agrius cingulata,Lucilia cuprina
Agrius cingulata,Lycaena cyna
Agrius cingulata,Macaria abydata
Agrius cingulata,Megalorhipida leucodactylus
Agrius cingulata,Megalostomis pyropyga
Agrius cingulata,Mestra amymone
Agrius cingulata,Miathyria marcella
Agrius cingulata,Micrathyria didyma
Agrius cingulata,Monomorium pharaonis
Agrius cingulata,Nectopsyche candida
Agrius cingulata,Neocoelidia pallida
Agrius cingulata,Oarisma minima
Agrius cingulata,Ocyptamus dimidiatus
Agrius cingulata,Ornidia obesa
Agrius cingulata,Orthemis discolor
Agrius cingulata,Orthemis ferruginea
Agrius cingulata,Palpada furcata
Agrius cingulata,Papilio rumiko
Agrius cingulata,Paratettix aztecus
Agrius cingulata,Phoebis agarithe
Agrius cingulata,Phyciodes picta
Agrius cingulata,Phylloicus aeneus
Agrius cingulata,Plodia interpunctella
Agrius cingulata,Polistes dorsalis
Agrius cingulata,Polites vibex
Agrius cingulata,Polybia occidentalis
Agrius cingulata,Pseudoleon superbus
Agrius cingulata,Pyrgus oileus
Agrius cingulata,Pyrisitia proterpia
Agrius cingulata,Sinea diadema
Agrius cingulata,Siproeta stelenes
Agrius cingulata,Smicridea fasciatella
Agrius cingulata,Smyrna blomfildia
Agrius cingulata,Staphylus mazans
Agrius cingulata,Strymon albata
Agrius cingulata,Supella longipalpa
Agrius cingulata,Taphroscelidia linearis
Agrius cingulata,Telebasis salva
Agrius cingulata,Thecla rufofusca
Agrius cingulata,Timochares ruptifasciata
Agrius cingulata,Tmolus echion
Agrius cingulata,Tripudia quadrifera
Agrius cingulata,Tropisternus collaris
Agrius cingulata,Umbonia crassicornis
Agrius cingulata,Urbanus dorantes
Agrius cingulata,Urbanus procne
Agrius cingulata,Urbanus proteus
Agrius cingulata,Utetheisa ornatrix
Agrius cingulata,Xylocopa fimbriata
Agrius cingulata,Zelus tetracanthus
Anartia fatima,Anartia jatrophae
Anartia fatima,Anoplolepis gracilipes
Anartia fatima,Anteos clorinde
Anartia fatima,Anthanassa tulcis
Anartia fatima,Antigonus erosus
Anartia fatima,Aphis nerii
Anartia fatima,Apis mellifera
Anartia fatima,Argia harknessi
Anartia fatima,Argia pallens
Anartia fatima,Argia pulla
Anartia fatima,Ascia monuste
Anartia fatima,Atta mexicana
Anartia fatima,Battus philenor
Anartia fatima,Battus polydamas
Anartia fatima,Brachygastra azteca
Anartia fatima,Brachygastra mellifica
Anartia fatima,Brechmorhoga praecox
Anartia fatima,Callicista columella
Anartia fatima,Calycopis isobeon
Anartia fatima,Catorhintha selector
Anartia fatima,Chimarra laguna
Anartia fatima,Chioides catillus
Anartia fatima,Chrysomya megacephala
Anartia fatima,Chrysopodes collaris
Anartia fatima,Clogmia albipunctatus
Anartia fatima,Coccinella septempunctata
Anartia fatima,Condylostylus longicornis
Anartia fatima,Conocephalus ictus
Anartia fatima,Corythucha marmorata
Anartia fatima,Cryptocephalus irroratus
Anartia fatima,Cycloneda sanguinea
Anartia fatima,Danaus eresimus
Anartia fatima,Danaus gilippus
Anartia fatima,Dichromorpha prominula
Anartia fatima,Dicymolomia julianalis
Anartia fatima,Dielis tolteca
Anartia fatima,Dione vanillae
Anartia fatima,Dioprosopa clavatus
Anartia fatima,Doxocopa laure
Anartia fatima,Dryas iulia
Anartia fatima,Dythemis nigrescens
Anartia fatima,Dythemis sterilis
Anartia fatima,Echelatus sempiternus
Anartia fatima,Echinargus isola
Anartia fatima,Elkalyce texana
Anartia fatima,Ellipes minuta
Anartia fatima,Emesaya brevipennis
Anartia fatima,Epeiromulona hamata
Anartia fatima,Euptoieta hegesia
Anartia fatima,Eurema boisduvaliana
Anartia fatima,Eurema daira
Anartia fatima,Eurema lisa
Anartia fatima,Ganyra josephina
Anartia fatima,Glutophrissa drusilla
Anartia fatima,Gorgythion begga
Anartia fatima,Graphocephala apicata
Anartia fatima,Graphocephala cythura
Anartia fatima,Halictus ligatus
Anartia fatima,Hamadryas februa
Anartia fatima,Hamadryas guatemalena
Anartia fatima,Heliconius charithonia
Anartia fatima,Heliopetes laviana
Anartia fatima,Heliopetes macaira
Anartia fatima,Hetaerina americana
Anartia fatima,Heterogramma circumflexalis
Anartia fatima,Hoodus pelopidas
Anartia fatima,Hortensia similis
Anartia fatima,Hylephila phyleus
Anartia fatima,Ischnura hastata
Anartia fatima,Junonia pacoma
Anartia fatima,Kricogonia lyside
Anartia fatima,Largus cinctus
Anartia fatima,Leptotes theonus
Anartia fatima,Lerodea eufala
Anartia fatima,Libytheana carinenta
Anartia fatima,Lucilia cuprina
Anartia fatima,Lycaena cyna
Anartia fatima,Macaria abydata
Anartia fatima,Megalorhipida leucodactylus
Anartia fatima,Megalostomis pyropyga
Anartia fatima,Mestra amymone
Anartia fatima,Miathyria marcella
Anartia fatima,Micrathyria didyma
Anartia fatima,Monomorium pharaonis
Anartia fatima,Nectopsyche candida
Anartia fatima,Neocoelidia pallida
Anartia fatima,Oarisma minima
Anartia fatima,Ocyptamus dimidiatus
Anartia fatima,Ornidia obesa
Anartia fatima,Orthemis discolor
Anartia fatima,Orthemis ferruginea
Anartia fatima,Palpada furcata
Anartia fatima,Papilio rumiko
Anartia fatima,Paratettix aztecus
Anartia fatima,Phoebis agarithe
Anartia fatima,Phyciodes picta
Anartia fatima,Phylloicus aeneus
Anartia fatima,Plodia interpunctella
Anartia fatima,Polistes dorsalis
Anartia fatima,Polites vibex
Anartia fatima,Polybia occidentalis
Anartia fatima,Pseudoleon superbus
Anartia fatima,Pyrgus oileus
Anartia fatima,Pyrisitia proterpia
Anartia fatima,Sinea diadema
Anartia fatima,Siproeta stelenes
Anartia fatima,Smicridea fasciatella
Anartia fatima,Smyrna blomfildia
Anartia fatima,Staphylus mazans
Anartia fatima,Strymon albata
Anartia fatima,Supella longipalpa
Anartia fatima,Taphroscelidia linearis
Anartia fatima,Telebasis salva
Anartia fatima,Thecla rufofusca
Anartia fatima,Timochares ruptifasciata
Anartia fatima,Tmolus echion
Anartia fatima,Tripudia quadrifera
Anartia fatima,Tropisternus collaris
Anartia fatima,Umbonia crassicornis
Anartia fatima,Urbanus dorantes
Anartia fatima,Urbanus procne
Anartia fatima,Urbanus proteus
Anartia fatima,Utetheisa ornatrix
Anartia fatima,Xylocopa fimbriata
Anartia fatima,Zelus tetracanthus
Anartia jatrophae,Anoplolepis gracilipes
Anartia jatrophae,Anteos clorinde
Anartia jatrophae,Anthanassa tulcis
Anartia jatrophae,Antigonus erosus
Anartia jatrophae,Aphis nerii
Anartia jatrophae,Apis mellifera
Anartia jatrophae,Argia harknessi
Anartia jatrophae,Argia pallens
Anartia jatrophae,Argia pulla
Anartia jatrophae,Ascia monuste
Anartia jatrophae,Atta mexicana
Anartia jatrophae,Battus philenor
Anartia jatrophae,Battus polydamas
Anartia jatrophae,Brachygastra azteca
Anartia jatrophae,Brachygastra mellifica
Anartia jatrophae,Brechmorhoga praecox
Anartia jatrophae,Callicista columella
Anartia jatrophae,Calycopis isobeon
Anartia jatrophae,Catorhintha selector
Anartia jatrophae,Chimarra laguna
Anartia jatrophae,Chioides catillus
Anartia jatrophae,Chrysomya megacephala
Anartia jatrophae,Chrysopodes collaris
Anartia jatrophae,Clogmia albipunctatus
Anartia jatrophae,Coccinella septempunctata
Anartia jatrophae,Condylostylus longicornis
Anartia jatrophae,Conocephalus ictus
Anartia jatrophae,Corythucha marmorata
Anartia jatrophae,Cryptocephalus irroratus
Anartia jatrophae,Cycloneda sanguinea
Anartia jatrophae,Danaus eresimus
Anartia jatrophae,Danaus gilippus
Anartia jatrophae,Dichromorpha prominula
Anartia jatrophae,Dicymolomia julianalis
Anartia jatrophae,Dielis tolteca
Anartia jatrophae,Dione vanillae
Anartia jatrophae,Dioprosopa clavatus
Anartia jatrophae,Doxocopa laure
Anartia jatrophae,Dryas iulia
Anartia jatrophae,Dythemis nigrescens
Anartia jatrophae,Dythemis sterilis
Anartia jatrophae,Echelatus sempiternus
Anartia jatrophae,Echinargus isola
Anartia jatrophae,Elkalyce texana
Anartia jatrophae,Ellipes minuta
Anartia jatrophae,Emesaya brevipennis
Anartia jatrophae,Epeiromulona hamata
Anartia jatrophae,Euptoieta hegesia
Anartia jatrophae,Eurema boisduvaliana
Anartia jatrophae,Eurema daira
Anartia jatrophae,Eurema lisa
Anartia jatrophae,Ganyra josephina
Anartia jatrophae,Glutophrissa drusilla
Anartia jatrophae,Gorgythion begga
Anartia jatrophae,Graphocephala apicata
Anartia jatrophae,Graphocephala cythura
Anartia jatrophae,Halictus ligatus
Anartia jatrophae,Hamadryas februa
Anartia jatrophae,Hamadryas guatemalena
Anartia jatrophae,Heliconius charithonia
Anartia jatrophae,Heliopetes laviana
Anartia jatrophae,Heliopetes macaira
Anartia jatrophae,Hetaerina americana
Anartia jatrophae,Heterogramma circumflexalis
Anartia jatrophae,Hoodus pelopidas
Anartia jatrophae,Hortensia similis
Anartia jatrophae,Hylephila phyleus
Anartia jatrophae,Ischnura hastata
Anartia jatrophae,Junonia pacoma
Anartia jatrophae,Kricogonia lyside
Anartia jatrophae,Largus cinctus
Anartia jatrophae,Leptotes theonus
Anartia jatrophae,Lerodea eufala
Anartia jatrophae,Libytheana carinenta
Anartia jatrophae,Lucilia cuprina
Anartia jatrophae,Lycaena cyna
Anartia jatrophae,Macaria abydata
Anartia jatrophae,Megalorhipida leucodactylus
Anartia jatrophae,Megalostomis pyropyga
Anartia jatrophae,Mestra amymone
Anartia jatrophae,Miathyria marcella
Anartia jatrophae,Micrathyria didyma
Anartia jatrophae,Monomorium pharaonis
Anartia jatrophae,Nectopsyche candida
Anartia jatrophae,Neocoelidia pallida
Anartia jatrophae,Oarisma minima
Anartia jatrophae,Ocyptamus dimidiatus
Anartia jatrophae,Ornidia obesa
Anartia jatrophae,Orthemis discolor
Anartia jatrophae,Orthemis ferruginea
Anartia jatrophae,Palpada furcata
Anartia jatrophae,Papilio rumiko
Anartia jatrophae,Paratettix aztecus
Anartia jatrophae,Phoebis agarithe
Anartia jatrophae,Phyciodes picta
Anartia jatrophae,Phylloicus aeneus
Anartia jatrophae,Plodia interpunctella
Anartia jatrophae,Polistes dorsalis
Anartia jatrophae,Polites vibex
Anartia jatrophae,Polybia occidentalis
Anartia jatrophae,Pseudoleon superbus
Anartia jatrophae,Pyrgus oileus
Anartia jatrophae,Pyrisitia proterpia
Anartia jatrophae,Sinea diadema
Anartia jatrophae,Siproeta stelenes
Anartia jatrophae,Smicridea fasciatella
Anartia jatrophae,Smyrna blomfildia
Anartia jatrophae,Staphylus mazans
Anartia jatrophae,Strymon albata
Anartia jatrophae,Supella longipalpa
Anartia jatrophae,Taphroscelidia linearis
Anartia jatrophae,Telebasis salva
Anartia jatrophae,Thecla rufofusca
Anartia jatrophae,Timochares ruptifasciata
Anartia jatrophae,Tmolus echion
Anartia jatrophae,Tripudia quadrifera
Anartia jatrophae,Tropisternus collaris
Anartia jatrophae,Umbonia crassicornis
Anartia jatrophae,Urbanus dorantes
Anartia jatrophae,Urbanus procne
Anartia jatrophae,Urbanus proteus
Anartia jatrophae,Utetheisa ornatrix
Anartia jatrophae,Xylocopa fimbriata
Anartia jatrophae,Zelus tetracanthus
Anoplolepis gracilipes,Anteos clorinde
Anoplolepis gracilipes,Anthanassa tulcis
Anoplolepis gracilipes,Antigonus erosus
Anoplolepis gracilipes,Aphis nerii
Anoplolepis gracilipes,Apis mellifera
Anoplolepis gracilipes,Argia harknessi
Anoplolepis gracilipes,Argia pallens
Anoplolepis gracilipes,Argia pulla
Anoplolepis gracilipes,Ascia monuste
Anoplolepis gracilipes,Atta mexicana
Anoplolepis gracilipes,Battus philenor
Anoplolepis gracilipes,Battus polydamas
Anoplolepis gracilipes,Brachygastra azteca
Anoplolepis gracilipes,Brachygastra mellifica
Anoplolepis gracilipes,Brechmorhoga praecox
Anoplolepis gracilipes,Callicista columella
Anoplolepis gracilipes,Calycopis isobeon
Anoplolepis gracilipes,Catorhintha selector
Anoplolepis gracilipes,Chimarra laguna
Anoplolepis gracilipes,Chioides catillus
Anoplolepis gracilipes,Chrysomya megacephala
Anoplolepis gracilipes,Chrysopodes collaris
Anoplolepis gracilipes,Clogmia albipunctatus
Anoplolepis gracilipes,Coccinella septempunctata
Anoplolepis gracilipes,Condylostylus longicornis
Anoplolepis gracilipes,Conocephalus ictus
Anoplolepis gracilipes,Corythucha marmorata
Anoplolepis gracilipes,Cryptocephalus irroratus
Anoplolepis gracilipes,Cycloneda sanguinea
Anoplolepis gracilipes,Danaus eresimus
Anoplolepis gracilipes,Danaus gilippus
Anoplolepis gracilipes,Dichromorpha prominula
Anoplolepis gracilipes,Dicymolomia julianalis
Anoplolepis gracilipes,Dielis tolteca
Anoplolepis gracilipes,Dione vanillae
Anoplolepis gracilipes,Dioprosopa clavatus
Anoplolepis gracilipes,Doxocopa laure
Anoplolepis gracilipes,Dryas iulia
Anoplolepis gracilipes,Dythemis nigrescens
Anoplolepis gracilipes,Dythemis sterilis
Anoplolepis gracilipes,Echelatus sempiternus
Anoplolepis gracilipes,Echinargus isola
Anoplolepis gracilipes,Elkalyce texana
Anoplolepis gracilipes,Ellipes minuta
Anoplolepis gracilipes,Emesaya brevipennis
Anoplolepis gracilipes,Epeiromulona hamata
Anoplolepis gracilipes,Euptoieta hegesia
Anoplolepis gracilipes,Eurema boisduvaliana
Anoplolepis gracilipes,Eurema daira
Anoplolepis gracilipes,Eurema lisa
Anoplolepis gracilipes,Ganyra josephina
Anoplolepis gracilipes,Glutophrissa drusilla
Anoplolepis gracilipes,Gorgythion begga
Anoplolepis gracilipes,Graphocephala apicata
Anoplolepis gracilipes,Graphocephala cythura
Anoplolepis gracilipes,Halictus ligatus
Anoplolepis gracilipes,Hamadryas februa
Anoplolepis gracilipes,Hamadryas guatemalena
Anoplolepis gracilipes,Heliconius charithonia
Anoplolepis gracilipes,Heliopetes laviana
Anoplolepis gracilipes,Heliopetes macaira
Anoplolepis gracilipes,Hetaerina americana
Anoplolepis gracilipes,Heterogramma circumflexalis
Anoplolepis gracilipes,Hoodus pelopidas
Anoplolepis gracilipes,Hortensia similis
Anoplolepis gracilipes,Hylephila phyleus
Anoplolepis gracilipes,Ischnura hastata
Anoplolepis gracilipes,Junonia pacoma
Anoplolepis gracilipes,Kricogonia lyside
Anoplolepis gracilipes,Largus cinctus
Anoplolepis gracilipes,Leptotes theonus
Anoplolepis gracilipes,Lerodea eufala
Anoplolepis gracilipes,Libytheana carinenta
Anoplolepis gracilipes,Lucilia cuprina
Anoplolepis gracilipes,Lycaena cyna
Anoplolepis gracilipes,Macaria abydata
Anoplolepis gracilipes,Megalorhipida leucodactylus
Anoplolepis gracilipes,Megalostomis pyropyga
Anoplolepis gracilipes,Mestra amymone
Anoplolepis gracilipes,Miathyria marcella
Anoplolepis gracilipes,Micrathyria didyma
Anoplolepis gracilipes,Monomorium pharaonis
Anoplolepis gracilipes,Nectopsyche candida
Anoplolepis gracilipes,Neocoelidia pallida
Anoplolepis gracilipes,Oarisma minima
Anoplolepis gracilipes,Ocyptamus dimidiatus
Anoplolepis gracilipes,Ornidia obesa
Anoplolepis gracilipes,Orthemis discolor
Anoplolepis gracilipes,Orthemis ferruginea
Anoplolepis gracilipes,Palpada furcata
Anoplolepis gracilipes,Papilio rumiko
Anoplolepis gracilipes,Paratettix aztecus
Anoplolepis gracilipes,Phoebis agarithe
Anoplolepis gracilipes,Phyciodes picta
Anoplolepis gracilipes,Phylloicus aeneus
Anoplolepis gracilipes,Plodia interpunctella
Anoplolepis gracilipes,Polistes dorsalis
Anoplolepis gracilipes,Polites vibex
Anoplolepis gracilipes,Polybia occidentalis
Anoplolepis gracilipes,Pseudoleon superbus
Anoplolepis gracilipes,Pyrgus oileus
Anoplolepis gracilipes,Pyrisitia proterpia
Anoplolepis gracilipes,Sinea diadema
Anoplolepis gracilipes,Siproeta stelenes
Anoplolepis gracilipes,Smicridea fasciatella
Anoplolepis gracilipes,Smyrna blomfildia
Anoplolepis gracilipes,Staphylus mazans
Anoplolepis gracilipes,Strymon albata
Anoplolepis gracilipes,Supella longipalpa
Anoplolepis gracilipes,Taphroscelidia linearis
Anoplolepis gracilipes,Telebasis salva
Anoplolepis gracilipes,Thecla rufofusca
Anoplolepis gracilipes,Timochares ruptifasciata
Anoplolepis gracilipes,Tmolus echion
Anoplolepis gracilipes,Tripudia quadrifera
Anoplolepis gracilipes,Tropisternus collaris
Anoplolepis gracilipes,Umbonia crassicornis
Anoplolepis gracilipes,Urbanus dorantes
Anoplolepis gracilipes,Urbanus procne
Anoplolepis gracilipes,Urbanus proteus
Anoplolepis gracilipes,Utetheisa ornatrix
Anoplolepis gracilipes,Xylocopa fimbriata
Anoplolepis gracilipes,Zelus tetracanthus
Anteos clorinde,Anthanassa tulcis
Anteos clorinde,Antigonus erosus
Anteos clorinde,Aphis nerii
Anteos clorinde,Apis mellifera
Anteos clorinde,Argia harknessi
Anteos clorinde,Argia pallens
Anteos clorinde,Argia pulla
Anteos clorinde,Ascia monuste
Anteos clorinde,Atta mexicana
Anteos clorinde,Battus philenor
Anteos clorinde,Battus polydamas
Anteos clorinde,Brachygastra azteca
Anteos clorinde,Brachygastra mellifica
Anteos clorinde,Brechmorhoga praecox
Anteos clorinde,Callicista columella
Anteos clorinde,Calycopis isobeon
Anteos clorinde,Catorhintha selector
Anteos clorinde,Chimarra laguna
Anteos clorinde,Chioides catillus
Anteos clorinde,Chrysomya megacephala
Anteos clorinde,Chrysopodes collaris
Anteos clorinde,Clogmia albipunctatus
Anteos clorinde,Coccinella septempunctata
Anteos clorinde,Condylostylus longicornis
Anteos clorinde,Conocephalus ictus
Anteos clorinde,Corythucha marmorata
Anteos clorinde,Cryptocephalus irroratus
Anteos clorinde,Cycloneda sanguinea
Anteos clorinde,Danaus eresimus
Anteos clorinde,Danaus gilippus
Anteos clorinde,Dichromorpha prominula
Anteos clorinde,Dicymolomia julianalis
Anteos clorinde,Dielis tolteca
Anteos clorinde,Dione vanillae
Anteos clorinde,Dioprosopa clavatus
Anteos clorinde,Doxocopa laure
Anteos clorinde,Dryas iulia
Anteos clorinde,Dythemis nigrescens
Anteos clorinde,Dythemis sterilis
Anteos clorinde,Echelatus sempiternus
Anteos clorinde,Echinargus isola
Anteos clorinde,Elkalyce texana
Anteos clorinde,Ellipes minuta
Anteos clorinde,Emesaya brevipennis
Anteos clorinde,Epeiromulona hamata
Anteos clorinde,Euptoieta hegesia
Anteos clorinde,Eurema boisduvaliana
Anteos clorinde,Eurema daira
Anteos clorinde,Eurema lisa
Anteos clorinde,Ganyra josephina
Anteos clorinde,Glutophrissa drusilla
Anteos clorinde,Gorgythion begga
Anteos clorinde,Graphocephala apicata
Anteos clorinde,Graphocephala cythura
Anteos clorinde,Halictus ligatus
Anteos clorinde,Hamadryas februa
Anteos clorinde,Hamadryas guatemalena
Anteos clorinde,Heliconius charithonia
Anteos clorinde,Heliopetes laviana
Anteos clorinde,Heliopetes macaira
Anteos clorinde,Hetaerina americana
Anteos clorinde,Heterogramma circumflexalis
Anteos clorinde,Hoodus pelopidas
Anteos clorinde,Hortensia similis
Anteos clorinde,Hylephila phyleus
Anteos clorinde,Ischnura hastata
Anteos clorinde,Junonia pacoma
Anteos clorinde,Kricogonia lyside
Anteos clorinde,Largus cinctus
Anteos clorinde,Leptotes theonus
Anteos clorinde,Lerodea eufala
Anteos clorinde,Libytheana carinenta
Anteos clorinde,Lucilia cuprina
Anteos clorinde,Lycaena cyna
Anteos clorinde,Macaria abydata
Anteos clorinde,Megalorhipida leucodactylus
Anteos clorinde,Megalostomis pyropyga
Anteos clorinde,Mestra amymone
Anteos clorinde,Miathyria marcella
Anteos clorinde,Micrathyria didyma
Anteos clorinde,Monomorium pharaonis
Anteos clorinde,Nectopsyche candida
Anteos clorinde,Neocoelidia pallida
Anteos clorinde,Oarisma minima
Anteos clorinde,Ocyptamus dimidiatus
Anteos clorinde,Ornidia obesa
Anteos clorinde,Orthemis discolor
Anteos clorinde,Orthemis ferruginea
Anteos clorinde,Palpada furcata
Anteos clorinde,Papilio rumiko
Anteos clorinde,Paratettix aztecus
Anteos clorinde,Phoebis agarithe
Anteos clorinde,Phyciodes picta
Anteos clorinde,Phylloicus aeneus
Anteos clorinde,Plodia interpunctella
Anteos clorinde,Polistes dorsalis
Anteos clorinde,Polites vibex
Anteos clorinde,Polybia occidentalis
Anteos clorinde,Pseudoleon superbus
Anteos clorinde,Pyrgus oileus
Anteos clorinde,Pyrisitia proterpia
Anteos clorinde,Sinea diadema
Anteos clorinde,Siproeta stelenes
Anteos clorinde,Smicridea fasciatella
Anteos clorinde,Smyrna blomfildia
Anteos clorinde,Staphylus mazans
Anteos clorinde,Strymon albata
Anteos clorinde,Supella longipalpa
Anteos clorinde,Taphroscelidia linearis
Anteos clorinde,Telebasis salva
Anteos clorinde,Thecla rufofusca
Anteos clorinde,Timochares ruptifasciata
Anteos clorinde,Tmolus echion
Anteos clorinde,Tripudia quadrifera
Anteos clorinde,Tropisternus collaris
Anteos clorinde,Umbonia crassicornis
Anteos clorinde,Urbanus dorantes
Anteos clorinde,Urbanus procne
Anteos clorinde,Urbanus proteus
Anteos clorinde,Utetheisa ornatrix
Anteos clorinde,Xylocopa fimbriata
Anteos clorinde,Zelus tetracanthus
Anthanassa tulcis,Antigonus erosus
Anthanassa tulcis,Aphis nerii
Anthanassa tulcis,Apis mellifera
Anthanassa tulcis,Argia harknessi
Anthanassa tulcis,Argia pallens
Anthanassa tulcis,Argia pulla
Anthanassa tulcis,Ascia monuste
Anthanassa tulcis,Atta mexicana
Anthanassa tulcis,Battus philenor
Anthanassa tulcis,Battus polydamas
Anthanassa tulcis,Brachygastra azteca
Anthanassa tulcis,Brachygastra mellifica
Anthanassa tulcis,Brechmorhoga praecox
Anthanassa tulcis,Callicista columella
Anthanassa tulcis,Calycopis isobeon
Anthanassa tulcis,Catorhintha selector
Anthanassa tulcis,Chimarra laguna
Anthanassa tulcis,Chioides catillus
Anthanassa tulcis,Chrysomya megacephala
Anthanassa tulcis,Chrysopodes collaris
Anthanassa tulcis,Clogmia albipunctatus
Anthanassa tulcis,Coccinella septempunctata
Anthanassa tulcis,Condylostylus longicornis
Anthanassa tulcis,Conocephalus ictus
Anthanassa tulcis,Corythucha marmorata
Anthanassa tulcis,Cryptocephalus irroratus
Anthanassa tulcis,Cycloneda sanguinea
Anthanassa tulcis,Danaus eresimus
Anthanassa tulcis,Danaus gilippus
Anthanassa tulcis,Dichromorpha prominula
Anthanassa tulcis,Dicymolomia julianalis
Anthanassa tulcis,Dielis tolteca
Anthanassa tulcis,Dione vanillae
Anthanassa tulcis,Dioprosopa clavatus
Anthanassa tulcis,Doxocopa laure
Anthanassa tulcis,Dryas iulia
Anthanassa tulcis,Dythemis nigrescens
Anthanassa tulcis,Dythemis sterilis
Anthanassa tulcis,Echelatus sempiternus
Anthanassa tulcis,Echinargus isola
Anthanassa tulcis,Elkalyce texana
Anthanassa tulcis,Ellipes minuta
Anthanassa tulcis,Emesaya brevipennis
Anthanassa tulcis,Epeiromulona hamata
Anthanassa tulcis,Euptoieta hegesia
Anthanassa tulcis,Eurema boisduvaliana
Anthanassa tulcis,Eurema daira
Anthanassa tulcis,Eurema lisa
Anthanassa tulcis,Ganyra josephina
Anthanassa tulcis,Glutophrissa drusilla
Anthanassa tulcis,Gorgythion begga
Anthanassa tulcis,Graphocephala apicata
Anthanassa tulcis,Graphocephala cythura
Anthanassa tulcis,Halictus ligatus
Anthanassa tulcis,Hamadryas februa
Anthanassa tulcis,Hamadryas guatemalena
Anthanassa tulcis,Heliconius charithonia
Anthanassa tulcis,Heliopetes laviana
Anthanassa tulcis,Heliopetes macaira
Anthanassa tulcis,Hetaerina americana
Anthanassa tulcis,Heterogramma circumflexalis
Anthanassa tulcis,Hoodus pelopidas
Anthanassa tulcis,Hortensia similis
Anthanassa tulcis,Hylephila phyleus
Anthanassa tulcis,Ischnura hastata
Anthanassa tulcis,Junonia pacoma
Anthanassa tulcis,Kricogonia lyside
Anthanassa tulcis,Largus cinctus
Anthanassa tulcis,Leptotes theonus
Anthanassa tulcis,Lerodea eufala
Anthanassa tulcis,Libytheana carinenta
Anthanassa tulcis,Lucilia cuprina
Anthanassa tulcis,Lycaena cyna
Anthanassa tulcis,Macaria abydata
Anthanassa tulcis,Megalorhipida leucodactylus
Anthanassa tulcis,Megalostomis pyropyga
Anthanassa tulcis,Mestra amymone
Anthanassa tulcis,Miathyria marcella
Anthanassa tulcis,Micrathyria didyma
Anthanassa tulcis,Monomorium pharaonis
Anthanassa tulcis,Nectopsyche candida
Anthanassa tulcis,Neocoelidia pallida
Anthanassa tulcis,Oarisma minima
Anthanassa tulcis,Ocyptamus dimidiatus
Anthanassa tulcis,Ornidia obesa
Anthanassa tulcis,Orthemis discolor
Anthanassa tulcis,Orthemis ferruginea
Anthanassa tulcis,Palpada furcata
Anthanassa tulcis,Papilio rumiko
Anthanassa tulcis,Paratettix aztecus
Anthanassa tulcis,Phoebis agarithe
Anthanassa tulcis,Phyciodes picta
Anthanassa tulcis,Phylloicus aeneus
Anthanassa tulcis,Plodia interpunctella
Anthanassa tulcis,Polistes dorsalis
Anthanassa tulcis,Polites vibex
Anthanassa tulcis,Polybia occidentalis
Anthanassa tulcis,Pseudoleon superbus
Anthanassa tulcis,Pyrgus oileus
Anthanassa tulcis,Pyrisitia proterpia
Anthanassa tulcis,Sinea diadema
Anthanassa tulcis,Siproeta stelenes
Anthanassa tulcis,Smicridea fasciatella
Anthanassa tulcis,Smyrna blomfildia
Anthanassa tulcis,Staphylus mazans
Anthanassa tulcis,Strymon albata
Anthanassa tulcis,Supella longipalpa
Anthanassa tulcis,Taphroscelidia linearis
Anthanassa tulcis,Telebasis salva
Anthanassa tulcis,Thecla rufofusca
Anthanassa tulcis,Timochares ruptifasciata
Anthanassa tulcis,Tmolus echion
Anthanassa tulcis,Tripudia quadrifera
Anthanassa tulcis,Tropisternus collaris
Anthanassa tulcis,Umbonia crassicornis
Anthanassa tulcis,Urbanus dorantes
Anthanassa tulcis,Urbanus procne
Anthanassa tulcis,Urbanus proteus
Anthanassa tulcis,Utetheisa ornatrix
Anthanassa tulcis,Xylocopa fimbriata
Anthanassa tulcis,Zelus tetracanthus
Antigonus erosus,Aphis nerii
Antigonus erosus,Apis mellifera
Antigonus erosus,Argia harknessi
Antigonus erosus,Argia pallens
Antigonus erosus,Argia pulla
Antigonus erosus,Ascia monuste
Antigonus erosus,Atta mexicana
Antigonus erosus,Battus philenor
Antigonus erosus,Battus polydamas
Antigonus erosus,Brachygastra azteca
Antigonus erosus,Brachygastra mellifica
Antigonus erosus,Brechmorhoga praecox
Antigonus erosus,Callicista columella
Antigonus erosus,Calycopis isobeon
Antigonus erosus,Catorhintha selector
Antigonus erosus,Chimarra laguna
Antigonus erosus,Chioides catillus
Antigonus erosus,Chrysomya megacephala
Antigonus erosus,Chrysopodes collaris
Antigonus erosus,Clogmia albipunctatus
Antigonus erosus,Coccinella septempunctata
Antigonus erosus,Condylostylus longicornis
Antigonus erosus,Conocephalus ictus
Antigonus erosus,Corythucha marmorata
Antigonus erosus,Cryptocephalus irroratus
Antigonus erosus,Cycloneda sanguinea
Antigonus erosus,Danaus eresimus
Antigonus erosus,Danaus gilippus
Antigonus erosus,Dichromorpha prominula
Antigonus erosus,Dicymolomia julianalis
Antigonus erosus,Dielis tolteca
Antigonus erosus,Dione vanillae
Antigonus erosus,Dioprosopa clavatus
Antigonus erosus,Doxocopa laure
Antigonus erosus,Dryas iulia
Antigonus erosus,Dythemis nigrescens
Antigonus erosus,Dythemis sterilis
Antigonus erosus,Echelatus sempiternus
Antigonus erosus,Echinargus isola
Antigonus erosus,Elkalyce texana
Antigonus erosus,Ellipes minuta
Antigonus erosus,Emesaya brevipennis
Antigonus erosus,Epeiromulona hamata
Antigonus erosus,Euptoieta hegesia
Antigonus erosus,Eurema boisduvaliana
Antigonus erosus,Eurema daira
Antigonus erosus,Eurema lisa
Antigonus erosus,Ganyra josephina
Antigonus erosus,Glutophrissa drusilla
Antigonus erosus,Gorgythion begga
Antigonus erosus,Graphocephala apicata
Antigonus erosus,Graphocephala cythura
Antigonus erosus,Halictus ligatus
Antigonus erosus,Hamadryas februa
Antigonus erosus,Hamadryas guatemalena
Antigonus erosus,Heliconius charithonia
Antigonus erosus,Heliopetes laviana
Antigonus erosus,Heliopetes macaira
Antigonus erosus,Hetaerina americana
Antigonus erosus,Heterogramma circumflexalis
Antigonus erosus,Hoodus pelopidas
Antigonus erosus,Hortensia similis
Antigonus erosus,Hylephila phyleus
Antigonus erosus,Ischnura hastata
Antigonus erosus,Junonia pacoma
Antigonus erosus,Kricogonia lyside
Antigonus erosus,Largus cinctus
Antigonus erosus,Leptotes theonus
Antigonus erosus,Lerodea eufala
Antigonus erosus,Libytheana carinenta
Antigonus erosus,Lucilia cuprina
Antigonus erosus,Lycaena cyna
Antigonus erosus,Macaria abydata
Antigonus erosus,Megalorhipida leucodactylus
Antigonus erosus,Megalostomis pyropyga
Antigonus erosus,Mestra amymone
Antigonus erosus,Miathyria marcella
Antigonus erosus,Micrathyria didyma
Antigonus erosus,Monomorium pharaonis
Antigonus erosus,Nectopsyche candida
Antigonus erosus,Neocoelidia pallida
Antigonus erosus,Oarisma minima
Antigonus erosus,Ocyptamus dimidiatus
Antigonus erosus,Ornidia obesa
Antigonus erosus,Orthemis discolor
Antigonus erosus,Orthemis ferruginea
Antigonus erosus,Palpada furcata
Antigonus erosus,Papilio rumiko
Antigonus erosus,Paratettix aztecus
Antigonus erosus,Phoebis agarithe
Antigonus erosus,Phyciodes picta
Antigonus erosus,Phylloicus aeneus
Antigonus erosus,Plodia interpunctella
Antigonus erosus,Polistes dorsalis
Antigonus erosus,Polites vibex
Antigonus erosus,Polybia occidentalis
Antigonus erosus,Pseudoleon superbus
Antigonus erosus,Pyrgus oileus
Antigonus erosus,Pyrisitia proterpia
Antigonus erosus,Sinea diadema
Antigonus erosus,Siproeta stelenes
Antigonus erosus,Smicridea fasciatella
Antigonus erosus,Smyrna blomfildia
Antigonus erosus,Staphylus mazans
Antigonus erosus,Strymon albata
Antigonus erosus,Supella longipalpa
Antigonus erosus,Taphroscelidia linearis
Antigonus erosus,Telebasis salva
Antigonus erosus,Thecla rufofusca
Antigonus erosus,Timochares ruptifasciata
Antigonus erosus,Tmolus echion
Antigonus erosus,Tripudia quadrifera
Antigonus erosus,Tropisternus collaris
Antigonus erosus,Umbonia crassicornis
Antigonus erosus,Urbanus dorantes
Antigonus erosus,Urbanus procne
Antigonus erosus,Urbanus proteus
Antigonus erosus,Utetheisa ornatrix
Antigonus erosus,Xylocopa fimbriata
Antigonus erosus,Zelus tetracanthus
Aphis nerii,Apis mellifera
Aphis nerii,Argia harknessi
Aphis nerii,Argia pallens
Aphis nerii,Argia pulla
Aphis nerii,Ascia monuste
Aphis nerii,Atta mexicana
Aphis nerii,Battus philenor
Aphis nerii,Battus polydamas
Aphis nerii,Brachygastra azteca
Aphis nerii,Brachygastra mellifica
Aphis nerii,Brechmorhoga praecox
Aphis nerii,Callicista columella
Aphis nerii,Calycopis isobeon
Aphis nerii,Catorhintha selector
Aphis nerii,Chimarra laguna
Aphis nerii,Chioides catillus
Aphis nerii,Chrysomya megacephala
Aphis nerii,Chrysopodes collaris
Aphis nerii,Clogmia albipunctatus
Aphis nerii,Coccinella septempunctata
Aphis nerii,Condylostylus longicornis
Aphis nerii,Conocephalus ictus
Aphis nerii,Corythucha marmorata
Aphis nerii,Cryptocephalus irroratus
Aphis nerii,Cycloneda sanguinea
Aphis nerii,Danaus eresimus
Aphis nerii,Danaus gilippus
Aphis nerii,Dichromorpha prominula
Aphis nerii,Dicymolomia julianalis
Aphis nerii,Dielis tolteca
Aphis nerii,Dione vanillae
Aphis nerii,Dioprosopa clavatus
Aphis nerii,Doxocopa laure
Aphis nerii,Dryas iulia
Aphis nerii,Dythemis nigrescens
Aphis nerii,Dythemis sterilis
Aphis nerii,Echelatus sempiternus
Aphis nerii,Echinargus isola
Aphis nerii,Elkalyce texana
Aphis nerii,Ellipes minuta
Aphis nerii,Emesaya brevipennis
Aphis nerii,Epeiromulona hamata
Aphis nerii,Euptoieta hegesia
Aphis nerii,Eurema boisduvaliana
Aphis nerii,Eurema daira
Aphis nerii,Eurema lisa
Aphis nerii,Ganyra josephina
Aphis nerii,Glutophrissa drusilla
Aphis nerii,Gorgythion begga
Aphis nerii,Graphocephala apicata
Aphis nerii,Graphocephala cythura
Aphis nerii,Halictus ligatus
Aphis nerii,Hamadryas februa
Aphis nerii,Hamadryas guatemalena
Aphis nerii,Heliconius charithonia
Aphis nerii,Heliopetes laviana
Aphis nerii,Heliopetes macaira
Aphis nerii,Hetaerina americana
Aphis nerii,Heterogramma circumflexalis
Aphis nerii,Hoodus pelopidas
Aphis nerii,Hortensia similis
Aphis nerii,Hylephila phyleus
Aphis nerii,Ischnura hastata
Aphis nerii,Junonia pacoma
Aphis nerii,Kricogonia lyside
Aphis nerii,Largus cinctus
Aphis nerii,Leptotes theonus
Aphis nerii,Lerodea eufala
Aphis nerii,Libytheana carinenta
Aphis nerii,Lucilia cuprina
Aphis nerii,Lycaena cyna
Aphis nerii,Macaria abydata
Aphis nerii,Megalorhipida leucodactylus
Aphis nerii,Megalostomis pyropyga
Aphis nerii,Mestra amymone
Aphis nerii,Miathyria marcella
Aphis nerii,Micrathyria didyma
Aphis nerii,Monomorium pharaonis
Aphis nerii,Nectopsyche candida
Aphis nerii,Neocoelidia pallida
Aphis nerii,Oarisma minima
Aphis nerii,Ocyptamus dimidiatus
Aphis nerii,Ornidia obesa
Aphis nerii,Orthemis discolor
Aphis nerii,Orthemis ferruginea
Aphis nerii,Palpada furcata
Aphis nerii,Papilio rumiko
Aphis nerii,Paratettix aztecus
Aphis nerii,Phoebis agarithe
Aphis nerii,Phyciodes picta
Aphis nerii,Phylloicus aeneus
Aphis nerii,Plodia interpunctella
Aphis nerii,Polistes dorsalis
Aphis nerii,Polites vibex
Aphis nerii,Polybia occidentalis
Aphis nerii,Pseudoleon superbus
Aphis nerii,Pyrgus oileus
Aphis nerii,Pyrisitia proterpia
Aphis nerii,Sinea diadema
Aphis nerii,Siproeta stelenes
Aphis nerii,Smicridea fasciatella
Aphis nerii,Smyrna blomfildia
Aphis nerii,Staphylus mazans
Aphis nerii,Strymon albata
Aphis nerii,Supella longipalpa
Aphis nerii,Taphroscelidia linearis
Aphis nerii,Telebasis salva
Aphis nerii,Thecla rufofusca
Aphis nerii,Timochares ruptifasciata
Aphis nerii,Tmolus echion
Aphis nerii,Tripudia quadrifera
Aphis nerii,Tropisternus collaris
Aphis nerii,Umbonia crassicornis
Aphis nerii,Urbanus dorantes
Aphis nerii,Urbanus procne
Aphis nerii,Urbanus proteus
Aphis nerii,Utetheisa ornatrix
Aphis nerii,Xylocopa fimbriata
Aphis nerii,Zelus tetracanthus
Apis mellifera,Argia harknessi
Apis mellifera,Argia pallens
Apis mellifera,Argia pulla
Apis mellifera,Ascia monuste
Apis mellifera,Atta mexicana
Apis mellifera,Battus philenor
Apis mellifera,Battus polydamas
Apis mellifera,Brachygastra azteca
Apis mellifera,Brachygastra mellifica
Apis mellifera,Brechmorhoga praecox
Apis mellifera,Callicista columella
Apis mellifera,Calycopis isobeon
Apis mellifera,Catorhintha selector
Apis mellifera,Chimarra laguna
Apis mellifera,Chioides catillus
Apis mellifera,Chrysomya megacephala
Apis mellifera,Chrysopodes collaris
Apis mellifera,Clogmia albipunctatus
Apis mellifera,Coccinella septempunctata
Apis mellifera,Condylostylus longicornis
Apis mellifera,Conocephalus ictus
Apis mellifera,Corythucha marmorata
Apis mellifera,Cryptocephalus irroratus
Apis mellifera,Cycloneda sanguinea
Apis mellifera,Danaus eresimus
Apis mellifera,Danaus gilippus
Apis mellifera,Dichromorpha prominula
Apis mellifera,Dicymolomia julianalis
Apis mellifera,Dielis tolteca
Apis mellifera,Dione vanillae
Apis mellifera,Dioprosopa clavatus
Apis mellifera,Doxocopa laure
Apis mellifera,Dryas iulia
Apis mellifera,Dythemis nigrescens
Apis mellifera,Dythemis sterilis
Apis mellifera,Echelatus sempiternus
Apis mellifera,Echinargus isola
Apis mellifera,Elkalyce texana
Apis mellifera,Ellipes minuta
Apis mellifera,Emesaya brevipennis
Apis mellifera,Epeiromulona hamata
Apis mellifera,Euptoieta hegesia
Apis mellifera,Eurema boisduvaliana
Apis mellifera,Eurema daira
Apis mellifera,Eurema lisa
Apis mellifera,Ganyra josephina
Apis mellifera,Glutophrissa drusilla
Apis mellifera,Gorgythion begga
Apis mellifera,Graphocephala apicata
Apis mellifera,Graphocephala cythura
Apis mellifera,Halictus ligatus
Apis mellifera,Hamadryas februa
Apis mellifera,Hamadryas guatemalena
Apis mellifera,Heliconius charithonia
Apis mellifera,Heliopetes laviana
Apis mellifera,Heliopetes macaira
Apis mellifera,Hetaerina americana
Apis mellifera,Heterogramma circumflexalis
Apis mellifera,Hoodus pelopidas
Apis mellifera,Hortensia similis
Apis mellifera,Hylephila phyleus
Apis mellifera,Ischnura hastata
Apis mellifera,Junonia pacoma
Apis mellifera,Kricogonia lyside
Apis mellifera,Largus cinctus
Apis mellifera,Leptotes theonus
Apis mellifera,Lerodea eufala
Apis mellifera,Libytheana carinenta
Apis mellifera,Lucilia cuprina
Apis mellifera,Lycaena cyna
Apis mellifera,Macaria abydata
Apis mellifera,Megalorhipida leucodactylus
Apis mellifera,Megalostomis pyropyga
Apis mellifera,Mestra amymone
Apis mellifera,Miathyria marcella
Apis mellifera,Micrathyria didyma
Apis mellifera,Monomorium pharaonis
Apis mellifera,Nectopsyche candida
Apis mellifera,Neocoelidia pallida
Apis mellifera,Oarisma minima
Apis mellifera,Ocyptamus dimidiatus
Apis mellifera,Ornidia obesa
Apis mellifera,Orthemis discolor
Apis mellifera,Orthemis ferruginea
Apis mellifera,Palpada furcata
Apis mellifera,Papilio rumiko
Apis mellifera,Paratettix aztecus
Apis mellifera,Phoebis agarithe
Apis mellifera,Phyciodes picta
Apis mellifera,Phylloicus aeneus
Apis mellifera,Plodia interpunctella
Apis mellifera,Polistes dorsalis
Apis mellifera,Polites vibex
Apis mellifera,Polybia occidentalis
Apis mellifera,Pseudoleon superbus
Apis mellifera,Pyrgus oileus
Apis mellifera,Pyrisitia proterpia
Apis mellifera,Sinea diadema
Apis mellifera,Siproeta stelenes
Apis mellifera,Smicridea fasciatella
Apis mellifera,Smyrna blomfildia
Apis mellifera,Staphylus mazans
Apis mellifera,Strymon albata
Apis mellifera,Supella longipalpa
Apis mellifera,Taphroscelidia linearis
Apis mellifera,Telebasis salva
Apis mellifera,Thecla rufofusca
Apis mellifera,Timochares ruptifasciata
Apis mellifera,Tmolus echion
Apis mellifera,Tripudia quadrifera
Apis mellifera,Tropisternus collaris
Apis mellifera,Umbonia crassicornis
Apis mellifera,Urbanus dorantes
Apis mellifera,Urbanus procne
Apis mellifera,Urbanus proteus
Apis mellifera,Utetheisa ornatrix
Apis mellifera,Xylocopa fimbriata
Apis mellifera,Zelus tetracanthus
Argia harknessi,Argia pallens
Argia harknessi,Argia pulla
Argia harknessi,Ascia monuste
Argia harknessi,Atta mexicana
Argia harknessi,Battus philenor
Argia harknessi,Battus polydamas
Argia harknessi,Brachygastra azteca
Argia harknessi,Brachygastra mellifica
Argia harknessi,Brechmorhoga praecox
Argia harknessi,Callicista columella
Argia harknessi,Calycopis isobeon
Argia harknessi,Catorhintha selector
Argia harknessi,Chimarra laguna
Argia harknessi,Chioides catillus
Argia harknessi,Chrysomya megacephala
Argia harknessi,Chrysopodes collaris
Argia harknessi,Clogmia albipunctatus
Argia harknessi,Coccinella septempunctata
Argia harknessi,Condylostylus longicornis
Argia harknessi,Conocephalus ictus
Argia harknessi,Corythucha marmorata
Argia harknessi,Cryptocephalus irroratus
Argia harknessi,Cycloneda sanguinea
Argia harknessi,Danaus eresimus
Argia harknessi,Danaus gilippus
Argia harknessi,Dichromorpha prominula
Argia harknessi,Dicymolomia julianalis
Argia harknessi,Dielis tolteca
Argia harknessi,Dione vanillae
Argia harknessi,Dioprosopa clavatus
Argia harknessi,Doxocopa laure
Argia harknessi,Dryas iulia
Argia harknessi,Dythemis nigrescens
Argia harknessi,Dythemis sterilis
Argia harknessi,Echelatus sempiternus
Argia harknessi,Echinargus isola
Argia harknessi,Elkalyce texana
Argia harknessi,Ellipes minuta
Argia harknessi,Emesaya brevipennis
Argia harknessi,Epeiromulona hamata
Argia harknessi,Euptoieta hegesia
Argia harknessi,Eurema boisduvaliana
Argia harknessi,Eurema daira
Argia harknessi,Eurema lisa
Argia harknessi,Ganyra josephina
Argia harknessi,Glutophrissa drusilla
Argia harknessi,Gorgythion begga
Argia harknessi,Graphocephala apicata
Argia harknessi,Graphocephala cythura
Argia harknessi,Halictus ligatus
Argia harknessi,Hamadryas februa
Argia harknessi,Hamadryas guatemalena
Argia harknessi,Heliconius charithonia
Argia harknessi,Heliopetes laviana
Argia harknessi,Heliopetes macaira
Argia harknessi,Hetaerina americana
Argia harknessi,Heterogramma circumflexalis
Argia harknessi,Hoodus pelopidas
Argia harknessi,Hortensia similis
Argia harknessi,Hylephila phyleus
Argia harknessi,Ischnura hastata
Argia harknessi,Junonia pacoma
Argia harknessi,Kricogonia lyside
Argia harknessi,Largus cinctus
Argia harknessi,Leptotes theonus
Argia harknessi,Lerodea eufala
Argia harknessi,Libytheana carinenta
Argia harknessi,Lucilia cuprina
Argia harknessi,Lycaena cyna
Argia harknessi,Macaria abydata
Argia harknessi,Megalorhipida leucodactylus
Argia harknessi,Megalostomis pyropyga
Argia harknessi,Mestra amymone
Argia harknessi,Miathyria marcella
Argia harknessi,Micrathyria didyma
Argia harknessi,Monomorium pharaonis
Argia harknessi,Nectopsyche candida
Argia harknessi,Neocoelidia pallida
Argia harknessi,Oarisma minima
Argia harknessi,Ocyptamus dimidiatus
Argia harknessi,Ornidia obesa
Argia harknessi,Orthemis discolor
Argia harknessi,Orthemis ferruginea
Argia harknessi,Palpada furcata
Argia harknessi,Papilio rumiko
Argia harknessi,Paratettix aztecus
Argia harknessi,Phoebis agarithe
Argia harknessi,Phyciodes picta
Argia harknessi,Phylloicus aeneus
Argia harknessi,Plodia interpunctella
Argia harknessi,Polistes dorsalis
Argia harknessi,Polites vibex
Argia harknessi,Polybia occidentalis
Argia harknessi,Pseudoleon superbus
Argia harknessi,Pyrgus oileus
Argia harknessi,Pyrisitia proterpia
Argia harknessi,Sinea diadema
Argia harknessi,Siproeta stelenes
Argia harknessi,Smicridea fasciatella
Argia harknessi,Smyrna blomfildia
Argia harknessi,Staphylus mazans
Argia harknessi,Strymon albata
Argia harknessi,Supella longipalpa
Argia harknessi,Taphroscelidia linearis
Argia harknessi,Telebasis salva
Argia harknessi,Thecla rufofusca
Argia harknessi,Timochares ruptifasciata
Argia harknessi,Tmolus echion
Argia harknessi,Tripudia quadrifera
Argia harknessi,Tropisternus collaris
Argia harknessi,Umbonia crassicornis
Argia harknessi,Urbanus dorantes
Argia harknessi,Urbanus procne
Argia harknessi,Urbanus proteus
Argia harknessi,Utetheisa ornatrix
Argia harknessi,Xylocopa fimbriata
Argia harknessi,Zelus tetracanthus
Argia pallens,Argia pulla
Argia pallens,Ascia monuste
Argia pallens,Atta mexicana
Argia pallens,Battus philenor
Argia pallens,Battus polydamas
Argia pallens,Brachygastra azteca
Argia pallens,Brachygastra mellifica
Argia pallens,Brechmorhoga praecox
Argia pallens,Callicista columella
Argia pallens,Calycopis isobeon
Argia pallens,Catorhintha selector
Argia pallens,Chimarra laguna
Argia pallens,Chioides catillus
Argia pallens,Chrysomya megacephala
Argia pallens,Chrysopodes collaris
Argia pallens,Clogmia albipunctatus
Argia pallens,Coccinella septempunctata
Argia pallens,Condylostylus longicornis
Argia pallens,Conocephalus ictus
Argia pallens,Corythucha marmorata
Argia pallens,Cryptocephalus irroratus
Argia pallens,Cycloneda sanguinea
Argia pallens,Danaus eresimus
Argia pallens,Danaus gilippus
Argia pallens,Dichromorpha prominula
Argia pallens,Dicymolomia julianalis
Argia pallens,Dielis tolteca
Argia pallens,Dione vanillae
Argia pallens,Dioprosopa clavatus
Argia pallens,Doxocopa laure
Argia pallens,Dryas iulia
Argia pallens,Dythemis nigrescens
Argia pallens,Dythemis sterilis
Argia pallens,Echelatus sempiternus
Argia pallens,Echinargus isola
Argia pallens,Elkalyce texana
Argia pallens,Ellipes minuta
Argia pallens,Emesaya brevipennis
Argia pallens,Epeiromulona hamata
Argia pallens,Euptoieta hegesia
Argia pallens,Eurema boisduvaliana
Argia pallens,Eurema daira
Argia pallens,Eurema lisa
Argia pallens,Ganyra josephina
Argia pallens,Glutophrissa drusilla
Argia pallens,Gorgythion begga
Argia pallens,Graphocephala apicata
Argia pallens,Graphocephala cythura
Argia pallens,Halictus ligatus
Argia pallens,Hamadryas februa
Argia pallens,Hamadryas guatemalena
Argia pallens,Heliconius charithonia
Argia pallens,Heliopetes laviana
Argia pallens,Heliopetes macaira
Argia pallens,Hetaerina americana
Argia pallens,Heterogramma circumflexalis
Argia pallens,Hoodus pelopidas
Argia pallens,Hortensia similis
Argia pallens,Hylephila phyleus
Argia pallens,Ischnura hastata
Argia pallens,Junonia pacoma
Argia pallens,Kricogonia lyside
Argia pallens,Largus cinctus
Argia pallens,Leptotes theonus
Argia pallens,Lerodea eufala
Argia pallens,Libytheana carinenta
Argia pallens,Lucilia cuprina
Argia pallens,Lycaena cyna
Argia pallens,Macaria abydata
Argia pallens,Megalorhipida leucodactylus
Argia pallens,Megalostomis pyropyga
Argia pallens,Mestra amymone
Argia pallens,Miathyria marcella
Argia pallens,Micrathyria didyma
Argia pallens,Monomorium pharaonis
Argia pallens,Nectopsyche candida
Argia pallens,Neocoelidia pallida
Argia pallens,Oarisma minima
Argia pallens,Ocyptamus dimidiatus
Argia pallens,Ornidia obesa
Argia pallens,Orthemis discolor
Argia pallens,Orthemis ferruginea
Argia pallens,Palpada furcata
Argia pallens,Papilio rumiko
Argia pallens,Paratettix aztecus
Argia pallens,Phoebis agarithe
Argia pallens,Phyciodes picta
Argia pallens,Phylloicus aeneus
Argia pallens,Plodia interpunctella
Argia pallens,Polistes dorsalis
Argia pallens,Polites vibex
Argia pallens,Polybia occidentalis
Argia pallens,Pseudoleon superbus
Argia pallens,Pyrgus oileus
Argia pallens,Pyrisitia proterpia
Argia pallens,Sinea diadema
Argia pallens,Siproeta stelenes
Argia pallens,Smicridea fasciatella
Argia pallens,Smyrna blomfildia
Argia pallens,Staphylus mazans
Argia pallens,Strymon albata
Argia pallens,Supella longipalpa
Argia pallens,Taphroscelidia linearis
Argia pallens,Telebasis salva
Argia pallens,Thecla rufofusca
Argia pallens,Timochares ruptifasciata
Argia pallens,Tmolus echion
Argia pallens,Tripudia quadrifera
Argia pallens,Tropisternus collaris
Argia pallens,Umbonia crassicornis
Argia pallens,Urbanus dorantes
Argia pallens,Urbanus procne
Argia pallens,Urbanus proteus
Argia pallens,Utetheisa ornatrix
Argia pallens,Xylocopa fimbriata
Argia pallens,Zelus tetracanthus
Argia pulla,Ascia monuste
Argia pulla,Atta mexicana
Argia pulla,Battus philenor
Argia pulla,Battus polydamas
Argia pulla,Brachygastra azteca
Argia pulla,Brachygastra mellifica
Argia pulla,Brechmorhoga praecox
Argia pulla,Callicista columella
Argia pulla,Calycopis isobeon
Argia pulla,Catorhintha selector
Argia pulla,Chimarra laguna
Argia pulla,Chioides catillus
Argia pulla,Chrysomya megacephala
Argia pulla,Chrysopodes collaris
Argia pulla,Clogmia albipunctatus
Argia pulla,Coccinella septempunctata
Argia pulla,Condylostylus longicornis
Argia pulla,Conocephalus ictus
Argia pulla,Corythucha marmorata
Argia pulla,Cryptocephalus irroratus
Argia pulla,Cycloneda sanguinea
Argia pulla,Danaus eresimus
Argia pulla,Danaus gilippus
Argia pulla,Dichromorpha prominula
Argia pulla,Dicymolomia julianalis
Argia pulla,Dielis tolteca
Argia pulla,Dione vanillae
Argia pulla,Dioprosopa clavatus
Argia pulla,Doxocopa laure
Argia pulla,Dryas iulia
Argia pulla,Dythemis nigrescens
Argia pulla,Dythemis sterilis
Argia pulla,Echelatus sempiternus
Argia pulla,Echinargus isola
Argia pulla,Elkalyce texana
Argia pulla,Ellipes minuta
Argia pulla,Emesaya brevipennis
Argia pulla,Epeiromulona hamata
Argia pulla,Euptoieta hegesia
Argia pulla,Eurema boisduvaliana
Argia pulla,Eurema daira
Argia pulla,Eurema lisa
Argia pulla,Ganyra josephina
Argia pulla,Glutophrissa drusilla
Argia pulla,Gorgythion begga
Argia pulla,Graphocephala apicata
Argia pulla,Graphocephala cythura
Argia pulla,Halictus ligatus
Argia pulla,Hamadryas februa
Argia pulla,Hamadryas guatemalena
Argia pulla,Heliconius charithonia
Argia pulla,Heliopetes laviana
Argia pulla,Heliopetes macaira
Argia pulla,Hetaerina americana
Argia pulla,Heterogramma circumflexalis
Argia pulla,Hoodus pelopidas
Argia pulla,Hortensia similis
Argia pulla,Hylephila phyleus
Argia pulla,Ischnura hastata
Argia pulla,Junonia pacoma
Argia pulla,Kricogonia lyside
Argia pulla,Largus cinctus
Argia pulla,Leptotes theonus
Argia pulla,Lerodea eufala
Argia pulla,Libytheana carinenta
Argia pulla,Lucilia cuprina
Argia pulla,Lycaena cyna
Argia pulla,Macaria abydata
Argia pulla,Megalorhipida leucodactylus
Argia pulla,Megalostomis pyropyga
Argia pulla,Mestra amymone
Argia pulla,Miathyria marcella
Argia pulla,Micrathyria didyma
Argia pulla,Monomorium pharaonis
Argia pulla,Nectopsyche candida
Argia pulla,Neocoelidia pallida
Argia pulla,Oarisma minima
Argia pulla,Ocyptamus dimidiatus
Argia pulla,Ornidia obesa
Argia pulla,Orthemis discolor
Argia pulla,Orthemis ferruginea
Argia pulla,Palpada furcata
Argia pulla,Papilio rumiko
Argia pulla,Paratettix aztecus
Argia pulla,Phoebis agarithe
Argia pulla,Phyciodes picta
Argia pulla,Phylloicus aeneus
Argia pulla,Plodia interpunctella
Argia pulla,Polistes dorsalis
Argia pulla,Polites vibex
Argia pulla,Polybia occidentalis
Argia pulla,Pseudoleon superbus
Argia pulla,Pyrgus oileus
Argia pulla,Pyrisitia proterpia
Argia pulla,Sinea diadema
Argia pulla,Siproeta stelenes
Argia pulla,Smicridea fasciatella
Argia pulla,Smyrna blomfildia
Argia pulla,Staphylus mazans
Argia pulla,Strymon albata
Argia pulla,Supella longipalpa
Argia pulla,Taphroscelidia linearis
Argia pulla,Telebasis salva
Argia pulla,Thecla rufofusca
Argia pulla,Timochares ruptifasciata
Argia pulla,Tmolus echion
Argia pulla,Tripudia quadrifera
Argia pulla,Tropisternus collaris
Argia pulla,Umbonia crassicornis
Argia pulla,Urbanus dorantes
Argia pulla,Urbanus procne
Argia pulla,Urbanus proteus
Argia pulla,Utetheisa ornatrix
Argia pulla,Xylocopa fimbriata
Argia pulla,Zelus tetracanthus
Ascia monuste,Atta mexicana
Ascia monuste,Battus philenor
Ascia monuste,Battus polydamas
Ascia monuste,Brachygastra azteca
Ascia monuste,Brachygastra mellifica
Ascia monuste,Brechmorhoga praecox
Ascia monuste,Callicista columella
Ascia monuste,Calycopis isobeon
Ascia monuste,Catorhintha selector
Ascia monuste,Chimarra laguna
Ascia monuste,Chioides catillus
Ascia monuste,Chrysomya megacephala
Ascia monuste,Chrysopodes collaris
Ascia monuste,Clogmia albipunctatus
Ascia monuste,Coccinella septempunctata
Ascia monuste,Condylostylus longicornis
Ascia monuste,Conocephalus ictus
Ascia monuste,Corythucha marmorata
Ascia monuste,Cryptocephalus irroratus
Ascia monuste,Cycloneda sanguinea
Ascia monuste,Danaus eresimus
Ascia monuste,Danaus gilippus
Ascia monuste,Dichromorpha prominula
Ascia monuste,Dicymolomia julianalis
Ascia monuste,Dielis tolteca
Ascia monuste,Dione vanillae
Ascia monuste,Dioprosopa clavatus
Ascia monuste,Doxocopa laure
Ascia monuste,Dryas iulia
Ascia monuste,Dythemis nigrescens
Ascia monuste,Dythemis sterilis
Ascia monuste,Echelatus sempiternus
Ascia monuste,Echinargus isola
Ascia monuste,Elkalyce texana
Ascia monuste,Ellipes minuta
Ascia monuste,Emesaya brevipennis
Ascia monuste,Epeiromulona hamata
Ascia monuste,Euptoieta hegesia
Ascia monuste,Eurema boisduvaliana
Ascia monuste,Eurema daira
Ascia monuste,Eurema lisa
Ascia monuste,Ganyra josephina
Ascia monuste,Glutophrissa drusilla
Ascia monuste,Gorgythion begga
Ascia monuste,Graphocephala apicata
Ascia monuste,Graphocephala cythura
Ascia monuste,Halictus ligatus
Ascia monuste,Hamadryas februa
Ascia monuste,Hamadryas guatemalena
Ascia monuste,Heliconius charithonia
Ascia monuste,Heliopetes laviana
Ascia monuste,Heliopetes macaira
Ascia monuste,Hetaerina americana
Ascia monuste,Heterogramma circumflexalis
Ascia monuste,Hoodus pelopidas
Ascia monuste,Hortensia similis
Ascia monuste,Hylephila phyleus
Ascia monuste,Ischnura hastata
Ascia monuste,Junonia pacoma
Ascia monuste,Kricogonia lyside
Ascia monuste,Largus cinctus
Ascia monuste,Leptotes theonus
Ascia monuste,Lerodea eufala
Ascia monuste,Libytheana carinenta
Ascia monuste,Lucilia cuprina
Ascia monuste,Lycaena cyna
Ascia monuste,Macaria abydata
Ascia monuste,Megalorhipida leucodactylus
Ascia monuste,Megalostomis pyropyga
Ascia monuste,Mestra amymone
Ascia monuste,Miathyria marcella
Ascia monuste,Micrathyria didyma
Ascia monuste,Monomorium pharaonis
Ascia monuste,Nectopsyche candida
Ascia monuste,Neocoelidia pallida
Ascia monuste,Oarisma minima
Ascia monuste,Ocyptamus dimidiatus
Ascia monuste,Ornidia obesa
Ascia monuste,Orthemis discolor
Ascia monuste,Orthemis ferruginea
Ascia monuste,Palpada furcata
Ascia monuste,Papilio rumiko
Ascia monuste,Paratettix aztecus
Ascia monuste,Phoebis agarithe
Ascia monuste,Phyciodes picta
Ascia monuste,Phylloicus aeneus
Ascia monuste,Plodia interpunctella
Ascia monuste,Polistes dorsalis
Ascia monuste,Polites vibex
Ascia monuste,Polybia occidentalis
Ascia monuste,Pseudoleon superbus
Ascia monuste,Pyrgus oileus
Ascia monuste,Pyrisitia proterpia
Ascia monuste,Sinea diadema
Ascia monuste,Siproeta stelenes
Ascia monuste,Smicridea fasciatella
Ascia monuste,Smyrna blomfildia
Ascia monuste,Staphylus mazans
Ascia monuste,Strymon albata
Ascia monuste,Supella longipalpa
Ascia monuste,Taphroscelidia linearis
Ascia monuste,Telebasis salva
Ascia monuste,Thecla rufofusca
Ascia monuste,Timochares ruptifasciata
Ascia monuste,Tmolus echion
Ascia monuste,Tripudia quadrifera
Ascia monuste,Tropisternus collaris
Ascia monuste,Umbonia crassicornis
Ascia monuste,Urbanus dorantes
Ascia monuste,Urbanus procne
Ascia monuste,Urbanus proteus
Ascia monuste,Utetheisa ornatrix
Ascia monuste,Xylocopa fimbriata
Ascia monuste,Zelus tetracanthus
Atta mexicana,Battus philenor
Atta mexicana,Battus polydamas
Atta mexicana,Brachygastra azteca
Atta mexicana,Brachygastra mellifica
Atta mexicana,Brechmorhoga praecox
Atta mexicana,Callicista columella
Atta mexicana,Calycopis isobeon
Atta mexicana,Catorhintha selector
Atta mexicana,Chimarra laguna
Atta mexicana,Chioides catillus
Atta mexicana,Chrysomya megacephala
Atta mexicana,Chrysopodes collaris
Atta mexicana,Clogmia albipunctatus
Atta mexicana,Coccinella septempunctata
Atta mexicana,Condylostylus longicornis
Atta mexicana,Conocephalus ictus
Atta mexicana,Corythucha marmorata
Atta mexicana,Cryptocephalus irroratus
Atta mexicana,Cycloneda sanguinea
Atta mexicana,Danaus eresimus
Atta mexicana,Danaus gilippus
Atta mexicana,Dichromorpha prominula
Atta mexicana,Dicymolomia julianalis
Atta mexicana,Dielis tolteca
Atta mexicana,Dione vanillae
Atta mexicana,Dioprosopa clavatus
Atta mexicana,Doxocopa laure
Atta mexicana,Dryas iulia
Atta mexicana,Dythemis nigrescens
Atta mexicana,Dythemis sterilis
Atta mexicana,Echelatus sempiternus
Atta mexicana,Echinargus isola
Atta mexicana,Elkalyce texana
Atta mexicana,Ellipes minuta
Atta mexicana,Emesaya brevipennis
Atta mexicana,Epeiromulona hamata
Atta mexicana,Euptoieta hegesia
Atta mexicana,Eurema boisduvaliana
Atta mexicana,Eurema daira
Atta mexicana,Eurema lisa
Atta mexicana,Ganyra josephina
Atta mexicana,Glutophrissa drusilla
Atta mexicana,Gorgythion begga
Atta mexicana,Graphocephala apicata
Atta mexicana,Graphocephala cythura
Atta mexicana,Halictus ligatus
Atta mexicana,Hamadryas februa
Atta mexicana,Hamadryas guatemalena
Atta mexicana,Heliconius charithonia
Atta mexicana,Heliopetes laviana
Atta mexicana,Heliopetes macaira
Atta mexicana,Hetaerina americana
Atta mexicana,Heterogramma circumflexalis
Atta mexicana,Hoodus pelopidas
Atta mexicana,Hortensia similis
Atta mexicana,Hylephila phyleus
Atta mexicana,Ischnura hastata
Atta mexicana,Junonia pacoma
Atta mexicana,Kricogonia lyside
Atta mexicana,Largus cinctus
Atta mexicana,Leptotes theonus
Atta mexicana,Lerodea eufala
Atta mexicana,Libytheana carinenta
Atta mexicana,Lucilia cuprina
Atta mexicana,Lycaena cyna
Atta mexicana,Macaria abydata
Atta mexicana,Megalorhipida leucodactylus
Atta mexicana,Megalostomis pyropyga
Atta mexicana,Mestra amymone
Atta mexicana,Miathyria marcella
Atta mexicana,Micrathyria didyma
Atta mexicana,Monomorium pharaonis
Atta mexicana,Nectopsyche candida
Atta mexicana,Neocoelidia pallida
Atta mexicana,Oarisma minima
Atta mexicana,Ocyptamus dimidiatus
Atta mexicana,Ornidia obesa
Atta mexicana,Orthemis discolor
Atta mexicana,Orthemis ferruginea
Atta mexicana,Palpada furcata
Atta mexicana,Papilio rumiko
Atta mexicana,Paratettix aztecus
Atta mexicana,Phoebis agarithe
Atta mexicana,Phyciodes picta
Atta mexicana,Phylloicus aeneus
Atta mexicana,Plodia interpunctella
Atta mexicana,Polistes dorsalis
Atta mexicana,Polites vibex
Atta mexicana,Polybia occidentalis
Atta mexicana,Pseudoleon superbus
Atta mexicana,Pyrgus oileus
Atta mexicana,Pyrisitia proterpia
Atta mexicana,Sinea diadema
Atta mexicana,Siproeta stelenes
Atta mexicana,Smicridea fasciatella
Atta mexicana,Smyrna blomfildia
Atta mexicana,Staphylus mazans
Atta mexicana,Strymon albata
Atta mexicana,Supella longipalpa
Atta mexicana,Taphroscelidia linearis
Atta mexicana,Telebasis salva
Atta mexicana,Thecla rufofusca
Atta mexicana,Timochares ruptifasciata
Atta mexicana,Tmolus echion
Atta mexicana,Tripudia quadrifera
Atta mexicana,Tropisternus collaris
Atta mexicana,Umbonia crassicornis
Atta mexicana,Urbanus dorantes
Atta mexicana,Urbanus procne
Atta mexicana,Urbanus proteus
Atta mexicana,Utetheisa ornatrix
Atta mexicana,Xylocopa fimbriata
Atta mexicana,Zelus tetracanthus
Battus philenor,Battus polydamas
Battus philenor,Brachygastra azteca
Battus philenor,Brachygastra mellifica
Battus philenor,Brechmorhoga praecox
Battus philenor,Callicista columella
Battus philenor,Calycopis isobeon
Battus philenor,Catorhintha selector
Battus philenor,Chimarra laguna
Battus philenor,Chioides catillus
Battus philenor,Chrysomya megacephala
Battus philenor,Chrysopodes collaris
Battus philenor,Clogmia albipunctatus
Battus philenor,Coccinella septempunctata
Battus philenor,Condylostylus longicornis
Battus philenor,Conocephalus ictus
Battus philenor,Corythucha marmorata
Battus philenor,Cryptocephalus irroratus
Battus philenor,Cycloneda sanguinea
Battus philenor,Danaus eresimus
Battus philenor,Danaus gilippus
Battus philenor,Dichromorpha prominula
Battus philenor,Dicymolomia julianalis
Battus philenor,Dielis tolteca
Battus philenor,Dione vanillae
Battus philenor,Dioprosopa clavatus
Battus philenor,Doxocopa laure
Battus philenor,Dryas iulia
Battus philenor,Dythemis nigrescens
Battus philenor,Dythemis sterilis
Battus philenor,Echelatus sempiternus
Battus philenor,Echinargus isola
Battus philenor,Elkalyce texana
Battus philenor,Ellipes minuta
Battus philenor,Emesaya brevipennis
Battus philenor,Epeiromulona hamata
Battus philenor,Euptoieta hegesia
Battus philenor,Eurema boisduvaliana
Battus philenor,Eurema daira
Battus philenor,Eurema lisa
Battus philenor,Ganyra josephina
Battus philenor,Glutophrissa drusilla
Battus philenor,Gorgythion begga
Battus philenor,Graphocephala apicata
Battus philenor,Graphocephala cythura
Battus philenor,Halictus ligatus
Battus philenor,Hamadryas februa
Battus philenor,Hamadryas guatemalena
Battus philenor,Heliconius charithonia
Battus philenor,Heliopetes laviana
Battus philenor,Heliopetes macaira
Battus philenor,Hetaerina americana
Battus philenor,Heterogramma circumflexalis
Battus philenor,Hoodus pelopidas
Battus philenor,Hortensia similis
Battus philenor,Hylephila phyleus
Battus philenor,Ischnura hastata
Battus philenor,Junonia pacoma
Battus philenor,Kricogonia lyside
Battus philenor,Largus cinctus
Battus philenor,Leptotes theonus
Battus philenor,Lerodea eufala
Battus philenor,Libytheana carinenta
Battus philenor,Lucilia cuprina
Battus philenor,Lycaena cyna
Battus philenor,Macaria abydata
Battus philenor,Megalorhipida leucodactylus
Battus philenor,Megalostomis pyropyga
Battus philenor,Mestra amymone
Battus philenor,Miathyria marcella
Battus philenor,Micrathyria didyma
Battus philenor,Monomorium pharaonis
Battus philenor,Nectopsyche candida
Battus philenor,Neocoelidia pallida
Battus philenor,Oarisma minima
Battus philenor,Ocyptamus dimidiatus
Battus philenor,Ornidia obesa
Battus philenor,Orthemis discolor
Battus philenor,Orthemis ferruginea
Battus philenor,Palpada furcata
Battus philenor,Papilio rumiko
Battus philenor,Paratettix aztecus
Battus philenor,Phoebis agarithe
Battus philenor,Phyciodes picta
Battus philenor,Phylloicus aeneus
Battus philenor,Plodia interpunctella
Battus philenor,Polistes dorsalis
Battus philenor,Polites vibex
Battus philenor,Polybia occidentalis
Battus philenor,Pseudoleon superbus
Battus philenor,Pyrgus oileus
Battus philenor,Pyrisitia proterpia
Battus philenor,Sinea diadema
Battus philenor,Siproeta stelenes
Battus philenor,Smicridea fasciatella
Battus philenor,Smyrna blomfildia
Battus philenor,Staphylus mazans
Battus philenor,Strymon albata
Battus philenor,Supella longipalpa
Battus philenor,Taphroscelidia linearis
Battus philenor,Telebasis salva
Battus philenor,Thecla rufofusca
Battus philenor,Timochares ruptifasciata
Battus philenor,Tmolus echion
Battus philenor,Tripudia quadrifera
Battus philenor,Tropisternus collaris
Battus philenor,Umbonia crassicornis
Battus philenor,Urbanus dorantes
Battus philenor,Urbanus procne
Battus philenor,Urbanus proteus
Battus philenor,Utetheisa ornatrix
Battus philenor,Xylocopa fimbriata
Battus philenor,Zelus tetracanthus
Battus polydamas,Brachygastra azteca
Battus polydamas,Brachygastra mellifica
Battus polydamas,Brechmorhoga praecox
Battus polydamas,Callicista columella
Battus polydamas,Calycopis isobeon
Battus polydamas,Catorhintha selector
Battus polydamas,Chimarra laguna
Battus polydamas,Chioides catillus
Battus polydamas,Chrysomya megacephala
Battus polydamas,Chrysopodes collaris
Battus polydamas,Clogmia albipunctatus
Battus polydamas,Coccinella septempunctata
Battus polydamas,Condylostylus longicornis
Battus polydamas,Conocephalus ictus
Battus polydamas,Corythucha marmorata
Battus polydamas,Cryptocephalus irroratus
Battus polydamas,Cycloneda sanguinea
Battus polydamas,Danaus eresimus
Battus polydamas,Danaus gilippus
Battus polydamas,Dichromorpha prominula
Battus polydamas,Dicymolomia julianalis
Battus polydamas,Dielis tolteca
Battus polydamas,Dione vanillae
Battus polydamas,Dioprosopa clavatus
Battus polydamas,Doxocopa laure
Battus polydamas,Dryas iulia
Battus polydamas,Dythemis nigrescens
Battus polydamas,Dythemis sterilis
Battus polydamas,Echelatus sempiternus
Battus polydamas,Echinargus isola
Battus polydamas,Elkalyce texana
Battus polydamas,Ellipes minuta
Battus polydamas,Emesaya brevipennis
Battus polydamas,Epeiromulona hamata
Battus polydamas,Euptoieta hegesia
Battus polydamas,Eurema boisduvaliana
Battus polydamas,Eurema daira
Battus polydamas,Eurema lisa
Battus polydamas,Ganyra josephina
Battus polydamas,Glutophrissa drusilla
Battus polydamas,Gorgythion begga
Battus polydamas,Graphocephala apicata
Battus polydamas,Graphocephala cythura
Battus polydamas,Halictus ligatus
Battus polydamas,Hamadryas februa
Battus polydamas,Hamadryas guatemalena
Battus polydamas,Heliconius charithonia
Battus polydamas,Heliopetes laviana
Battus polydamas,Heliopetes macaira
Battus polydamas,Hetaerina americana
Battus polydamas,Heterogramma circumflexalis
Battus polydamas,Hoodus pelopidas
Battus polydamas,Hortensia similis
Battus polydamas,Hylephila phyleus
Battus polydamas,Ischnura hastata
Battus polydamas,Junonia pacoma
Battus polydamas,Kricogonia lyside
Battus polydamas,Largus cinctus
Battus polydamas,Leptotes theonus
Battus polydamas,Lerodea eufala
Battus polydamas,Libytheana carinenta
Battus polydamas,Lucilia cuprina
Battus polydamas,Lycaena cyna
Battus polydamas,Macaria abydata
Battus polydamas,Megalorhipida leucodactylus
Battus polydamas,Megalostomis pyropyga
Battus polydamas,Mestra amymone
Battus polydamas,Miathyria marcella
Battus polydamas,Micrathyria didyma
Battus polydamas,Monomorium pharaonis
Battus polydamas,Nectopsyche candida
Battus polydamas,Neocoelidia pallida
Battus polydamas,Oarisma minima
Battus polydamas,Ocyptamus dimidiatus
Battus polydamas,Ornidia obesa
Battus polydamas,Orthemis discolor
Battus polydamas,Orthemis ferruginea
Battus polydamas,Palpada furcata
Battus polydamas,Papilio rumiko
Battus polydamas,Paratettix aztecus
Battus polydamas,Phoebis agarithe
Battus polydamas,Phyciodes picta
Battus polydamas,Phylloicus aeneus
Battus polydamas,Plodia interpunctella
Battus polydamas,Polistes dorsalis
Battus polydamas,Polites vibex
Battus polydamas,Polybia occidentalis
Battus polydamas,Pseudoleon superbus
Battus polydamas,Pyrgus oileus
Battus polydamas,Pyrisitia proterpia
Battus polydamas,Sinea diadema
Battus polydamas,Siproeta stelenes
Battus polydamas,Smicridea fasciatella
Battus polydamas,Smyrna blomfildia
Battus polydamas,Staphylus mazans
Battus polydamas,Strymon albata
Battus polydamas,Supella longipalpa
Battus polydamas,Taphroscelidia linearis
Battus polydamas,Telebasis salva
Battus polydamas,Thecla rufofusca
Battus polydamas,Timochares ruptifasciata
Battus polydamas,Tmolus echion
Battus polydamas,Tripudia quadrifera
Battus polydamas,Tropisternus collaris
Battus polydamas,Umbonia crassicornis
Battus polydamas,Urbanus dorantes
Battus polydamas,Urbanus procne
Battus polydamas,Urbanus proteus
Battus polydamas,Utetheisa ornatrix
Battus polydamas,Xylocopa fimbriata
Battus polydamas,Zelus tetracanthus
Brachygastra azteca,Brachygastra mellifica
Brachygastra azteca,Brechmorhoga praecox
Brachygastra azteca,Callicista columella
Brachygastra azteca,Calycopis isobeon
Brachygastra azteca,Catorhintha selector
Brachygastra azteca,Chimarra laguna
Brachygastra azteca,Chioides catillus
Brachygastra azteca,Chrysomya megacephala
Brachygastra azteca,Chrysopodes collaris
Brachygastra azteca,Clogmia albipunctatus
Brachygastra azteca,Coccinella septempunctata
Brachygastra azteca,Condylostylus longicornis
Brachygastra azteca,Conocephalus ictus
Brachygastra azteca,Corythucha marmorata
Brachygastra azteca,Cryptocephalus irroratus
Brachygastra azteca,Cycloneda sanguinea
Brachygastra azteca,Danaus eresimus
Brachygastra azteca,Danaus gilippus
Brachygastra azteca,Dichromorpha prominula
Brachygastra azteca,Dicymolomia julianalis
Brachygastra azteca,Dielis tolteca
Brachygastra azteca,Dione vanillae
Brachygastra azteca,Dioprosopa clavatus
Brachygastra azteca,Doxocopa laure
Brachygastra azteca,Dryas iulia
Brachygastra azteca,Dythemis nigrescens
Brachygastra azteca,Dythemis sterilis
Brachygastra azteca,Echelatus sempiternus
Brachygastra azteca,Echinargus isola
Brachygastra azteca,Elkalyce texana
Brachygastra azteca,Ellipes minuta
Brachygastra azteca,Emesaya brevipennis
Brachygastra azteca,Epeiromulona hamata
Brachygastra azteca,Euptoieta hegesia
Brachygastra azteca,Eurema boisduvaliana
Brachygastra azteca,Eurema daira
Brachygastra azteca,Eurema lisa
Brachygastra azteca,Ganyra josephina
Brachygastra azteca,Glutophrissa drusilla
Brachygastra azteca,Gorgythion begga
Brachygastra azteca,Graphocephala apicata
Brachygastra azteca,Graphocephala cythura
Brachygastra azteca,Halictus ligatus
Brachygastra azteca,Hamadryas februa
Brachygastra azteca,Hamadryas guatemalena
Brachygastra azteca,Heliconius charithonia
Brachygastra azteca,Heliopetes laviana
Brachygastra azteca,Heliopetes macaira
Brachygastra azteca,Hetaerina americana
Brachygastra azteca,Heterogramma circumflexalis
Brachygastra azteca,Hoodus pelopidas
Brachygastra azteca,Hortensia similis
Brachygastra azteca,Hylephila phyleus
Brachygastra azteca,Ischnura hastata
Brachygastra azteca,Junonia pacoma
Brachygastra azteca,Kricogonia lyside
Brachygastra azteca,Largus cinctus
Brachygastra azteca,Leptotes theonus
Brachygastra azteca,Lerodea eufala
Brachygastra azteca,Libytheana carinenta
Brachygastra azteca,Lucilia cuprina
Brachygastra azteca,Lycaena cyna
Brachygastra azteca,Macaria abydata
Brachygastra azteca,Megalorhipida leucodactylus
Brachygastra azteca,Megalostomis pyropyga
Brachygastra azteca,Mestra amymone
Brachygastra azteca,Miathyria marcella
Brachygastra azteca,Micrathyria didyma
Brachygastra azteca,Monomorium pharaonis
Brachygastra azteca,Nectopsyche candida
Brachygastra azteca,Neocoelidia pallida
Brachygastra azteca,Oarisma minima
Brachygastra azteca,Ocyptamus dimidiatus
Brachygastra azteca,Ornidia obesa
Brachygastra azteca,Orthemis discolor
Brachygastra azteca,Orthemis ferruginea
Brachygastra azteca,Palpada furcata
Brachygastra azteca,Papilio rumiko
Brachygastra azteca,Paratettix aztecus
Brachygastra azteca,Phoebis agarithe
Brachygastra azteca,Phyciodes picta
Brachygastra azteca,Phylloicus aeneus
Brachygastra azteca,Plodia interpunctella
Brachygastra azteca,Polistes dorsalis
Brachygastra azteca,Polites vibex
Brachygastra azteca,Polybia occidentalis
Brachygastra azteca,Pseudoleon superbus
Brachygastra azteca,Pyrgus oileus
Brachygastra azteca,Pyrisitia proterpia
Brachygastra azteca,Sinea diadema
Brachygastra azteca,Siproeta stelenes
Brachygastra azteca,Smicridea fasciatella
Brachygastra azteca,Smyrna blomfildia
Brachygastra azteca,Staphylus mazans
Brachygastra azteca,Strymon albata
Brachygastra azteca,Supella longipalpa
Brachygastra azteca,Taphroscelidia linearis
Brachygastra azteca,Telebasis salva
Brachygastra azteca,Thecla rufofusca
Brachygastra azteca,Timochares ruptifasciata
Brachygastra azteca,Tmolus echion
Brachygastra azteca,Tripudia quadrifera
Brachygastra azteca,Tropisternus collaris
Brachygastra azteca,Umbonia crassicornis
Brachygastra azteca,Urbanus dorantes
Brachygastra azteca,Urbanus procne
Brachygastra azteca,Urbanus proteus
Brachygastra azteca,Utetheisa ornatrix
Brachygastra azteca,Xylocopa fimbriata
Brachygastra azteca,Zelus tetracanthus
Brachygastra mellifica,Brechmorhoga praecox
Brachygastra mellifica,Callicista columella
Brachygastra mellifica,Calycopis isobeon
Brachygastra mellifica,Catorhintha selector
Brachygastra mellifica,Chimarra laguna
Brachygastra mellifica,Chioides catillus
Brachygastra mellifica,Chrysomya megacephala
Brachygastra mellifica,Chrysopodes collaris
Brachygastra mellifica,Clogmia albipunctatus
Brachygastra mellifica,Coccinella septempunctata
Brachygastra mellifica,Condylostylus longicornis
Brachygastra mellifica,Conocephalus ictus
Brachygastra mellifica,Corythucha marmorata
Brachygastra mellifica,Cryptocephalus irroratus
Brachygastra mellifica,Cycloneda sanguinea
Brachygastra mellifica,Danaus eresimus
Brachygastra mellifica,Danaus gilippus
Brachygastra mellifica,Dichromorpha prominula
Brachygastra mellifica,Dicymolomia julianalis
Brachygastra mellifica,Dielis tolteca
Brachygastra mellifica,Dione vanillae
Brachygastra mellifica,Dioprosopa clavatus
Brachygastra mellifica,Doxocopa laure
Brachygastra mellifica,Dryas iulia
Brachygastra mellifica,Dythemis nigrescens
Brachygastra mellifica,Dythemis sterilis
Brachygastra mellifica,Echelatus sempiternus
Brachygastra mellifica,Echinargus isola
Brachygastra mellifica,Elkalyce texana
Brachygastra mellifica,Ellipes minuta
Brachygastra mellifica,Emesaya brevipennis
Brachygastra mellifica,Epeiromulona hamata
Brachygastra mellifica,Euptoieta hegesia
Brachygastra mellifica,Eurema boisduvaliana
Brachygastra mellifica,Eurema daira
Brachygastra mellifica,Eurema lisa
Brachygastra mellifica,Ganyra josephina
Brachygastra mellifica,Glutophrissa drusilla
Brachygastra mellifica,Gorgythion begga
Brachygastra mellifica,Graphocephala apicata
Brachygastra mellifica,Graphocephala cythura
Brachygastra mellifica,Halictus ligatus
Brachygastra mellifica,Hamadryas februa
Brachygastra mellifica,Hamadryas guatemalena
Brachygastra mellifica,Heliconius charithonia
Brachygastra mellifica,Heliopetes laviana
Brachygastra mellifica,Heliopetes macaira
Brachygastra mellifica,Hetaerina americana
Brachygastra mellifica,Heterogramma circumflexalis
Brachygastra mellifica,Hoodus pelopidas
Brachygastra mellifica,Hortensia similis
Brachygastra mellifica,Hylephila phyleus
Brachygastra mellifica,Ischnura hastata
Brachygastra mellifica,Junonia pacoma
Brachygastra mellifica,Kricogonia lyside
Brachygastra mellifica,Largus cinctus
Brachygastra mellifica,Leptotes theonus
Brachygastra mellifica,Lerodea eufala
Brachygastra mellifica,Libytheana carinenta
Brachygastra mellifica,Lucilia cuprina
Brachygastra mellifica,Lycaena cyna
Brachygastra mellifica,Macaria abydata
Brachygastra mellifica,Megalorhipida leucodactylus
Brachygastra mellifica,Megalostomis pyropyga
Brachygastra mellifica,Mestra amymone
Brachygastra mellifica,Miathyria marcella
Brachygastra mellifica,Micrathyria didyma
Brachygastra mellifica,Monomorium pharaonis
Brachygastra mellifica,Nectopsyche candida
Brachygastra mellifica,Neocoelidia pallida
Brachygastra mellifica,Oarisma minima
Brachygastra mellifica,Ocyptamus dimidiatus
Brachygastra mellifica,Ornidia obesa
Brachygastra mellifica,Orthemis discolor
Brachygastra mellifica,Orthemis ferruginea
Brachygastra mellifica,Palpada furcata
Brachygastra mellifica,Papilio rumiko
Brachygastra mellifica,Paratettix aztecus
Brachygastra mellifica,Phoebis agarithe
Brachygastra mellifica,Phyciodes picta
Brachygastra mellifica,Phylloicus aeneus
Brachygastra mellifica,Plodia interpunctella
Brachygastra mellifica,Polistes dorsalis
Brachygastra mellifica,Polites vibex
Brachygastra mellifica,Polybia occidentalis
Brachygastra mellifica,Pseudoleon superbus
Brachygastra mellifica,Pyrgus oileus
Brachygastra mellifica,Pyrisitia proterpia
Brachygastra mellifica,Sinea diadema
Brachygastra mellifica,Siproeta stelenes
Brachygastra mellifica,Smicridea fasciatella
Brachygastra mellifica,Smyrna blomfildia
Brachygastra mellifica,Staphylus mazans
Brachygastra mellifica,Strymon albata
Brachygastra mellifica,Supella longipalpa
Brachygastra mellifica,Taphroscelidia linearis
Brachygastra mellifica,Telebasis salva
Brachygastra mellifica,Thecla rufofusca
Brachygastra mellifica,Timochares ruptifasciata
Brachygastra mellifica,Tmolus echion
Brachygastra mellifica,Tripudia quadrifera
Brachygastra mellifica,Tropisternus collaris
Brachygastra mellifica,Umbonia crassicornis
Brachygastra mellifica,Urbanus dorantes
Brachygastra mellifica,Urbanus procne
Brachygastra mellifica,Urbanus proteus
Brachygastra mellifica,Utetheisa ornatrix
Brachygastra mellifica,Xylocopa fimbriata
Brachygastra mellifica,Zelus tetracanthus
Brechmorhoga praecox,Callicista columella
Brechmorhoga praecox,Calycopis isobeon
Brechmorhoga praecox,Catorhintha selector
Brechmorhoga praecox,Chimarra laguna
Brechmorhoga praecox,Chioides catillus
Brechmorhoga praecox,Chrysomya megacephala
Brechmorhoga praecox,Chrysopodes collaris
Brechmorhoga praecox,Clogmia albipunctatus
Brechmorhoga praecox,Coccinella septempunctata
Brechmorhoga praecox,Condylostylus longicornis
Brechmorhoga praecox,Conocephalus ictus
Brechmorhoga praecox,Corythucha marmorata
Brechmorhoga praecox,Cryptocephalus irroratus
Brechmorhoga praecox,Cycloneda sanguinea
Brechmorhoga praecox,Danaus eresimus
Brechmorhoga praecox,Danaus gilippus
Brechmorhoga praecox,Dichromorpha prominula
Brechmorhoga praecox,Dicymolomia julianalis
Brechmorhoga praecox,Dielis tolteca
Brechmorhoga praecox,Dione vanillae
Brechmorhoga praecox,Dioprosopa clavatus
Brechmorhoga praecox,Doxocopa laure
Brechmorhoga praecox,Dryas iulia
Brechmorhoga praecox,Dythemis nigrescens
Brechmorhoga praecox,Dythemis sterilis
Brechmorhoga praecox,Echelatus sempiternus
Brechmorhoga praecox,Echinargus isola
Brechmorhoga praecox,Elkalyce texana
Brechmorhoga praecox,Ellipes minuta
Brechmorhoga praecox,Emesaya brevipennis
Brechmorhoga praecox,Epeiromulona hamata
Brechmorhoga praecox,Euptoieta hegesia
Brechmorhoga praecox,Eurema boisduvaliana
Brechmorhoga praecox,Eurema daira
Brechmorhoga praecox,Eurema lisa
Brechmorhoga praecox,Ganyra josephina
Brechmorhoga praecox,Glutophrissa drusilla
Brechmorhoga praecox,Gorgythion begga
Brechmorhoga praecox,Graphocephala apicata
Brechmorhoga praecox,Graphocephala cythura
Brechmorhoga praecox,Halictus ligatus
Brechmorhoga praecox,Hamadryas februa
Brechmorhoga praecox,Hamadryas guatemalena
Brechmorhoga praecox,Heliconius charithonia
Brechmorhoga praecox,Heliopetes laviana
Brechmorhoga praecox,Heliopetes macaira
Brechmorhoga praecox,Hetaerina americana
Brechmorhoga praecox,Heterogramma circumflexalis
Brechmorhoga praecox,Hoodus pelopidas
Brechmorhoga praecox,Hortensia similis
Brechmorhoga praecox,Hylephila phyleus
Brechmorhoga praecox,Ischnura hastata
Brechmorhoga praecox,Junonia pacoma
Brechmorhoga praecox,Kricogonia lyside
Brechmorhoga praecox,Largus cinctus
Brechmorhoga praecox,Leptotes theonus
Brechmorhoga praecox,Lerodea eufala
Brechmorhoga praecox,Libytheana carinenta
Brechmorhoga praecox,Lucilia cuprina
Brechmorhoga praecox,Lycaena cyna
Brechmorhoga praecox,Macaria abydata
Brechmorhoga praecox,Megalorhipida leucodactylus
Brechmorhoga praecox,Megalostomis pyropyga
Brechmorhoga praecox,Mestra amymone
Brechmorhoga praecox,Miathyria marcella
Brechmorhoga praecox,Micrathyria didyma
Brechmorhoga praecox,Monomorium pharaonis
Brechmorhoga praecox,Nectopsyche candida
Brechmorhoga praecox,Neocoelidia pallida
Brechmorhoga praecox,Oarisma minima
Brechmorhoga praecox,Ocyptamus dimidiatus
Brechmorhoga praecox,Ornidia obesa
Brechmorhoga praecox,Orthemis discolor
Brechmorhoga praecox,Orthemis ferruginea
Brechmorhoga praecox,Palpada furcata
Brechmorhoga praecox,Papilio rumiko
Brechmorhoga praecox,Paratettix aztecus
Brechmorhoga praecox,Phoebis agarithe
Brechmorhoga praecox,Phyciodes picta
Brechmorhoga praecox,Phylloicus aeneus
Brechmorhoga praecox,Plodia interpunctella
Brechmorhoga praecox,Polistes dorsalis
Brechmorhoga praecox,Polites vibex
Brechmorhoga praecox,Polybia occidentalis
Brechmorhoga praecox,Pseudoleon superbus
Brechmorhoga praecox,Pyrgus oileus
Brechmorhoga praecox,Pyrisitia proterpia
Brechmorhoga praecox,Sinea diadema
Brechmorhoga praecox,Siproeta stelenes
Brechmorhoga praecox,Smicridea fasciatella
Brechmorhoga praecox,Smyrna blomfildia
Brechmorhoga praecox,Staphylus mazans
Brechmorhoga praecox,Strymon albata
Brechmorhoga praecox,Supella longipalpa
Brechmorhoga praecox,Taphroscelidia linearis
Brechmorhoga praecox,Telebasis salva
Brechmorhoga praecox,Thecla rufofusca
Brechmorhoga praecox,Timochares ruptifasciata
Brechmorhoga praecox,Tmolus echion
Brechmorhoga praecox,Tripudia quadrifera
Brechmorhoga praecox,Tropisternus collaris
Brechmorhoga praecox,Umbonia crassicornis
Brechmorhoga praecox,Urbanus dorantes
Brechmorhoga praecox,Urbanus procne
Brechmorhoga praecox,Urbanus proteus
Brechmorhoga praecox,Utetheisa ornatrix
Brechmorhoga praecox,Xylocopa fimbriata
Brechmorhoga praecox,Zelus tetracanthus
Callicista columella,Calycopis isobeon
Callicista columella,Catorhintha selector
Callicista columella,Chimarra laguna
Callicista columella,Chioides catillus
Callicista columella,Chrysomya megacephala
Callicista columella,Chrysopodes collaris
Callicista columella,Clogmia albipunctatus
Callicista columella,Coccinella septempunctata
Callicista columella,Condylostylus longicornis
Callicista columella,Conocephalus ictus
Callicista columella,Corythucha marmorata
Callicista columella,Cryptocephalus irroratus
Callicista columella,Cycloneda sanguinea
Callicista columella,Danaus eresimus
Callicista columella,Danaus gilippus
Callicista columella,Dichromorpha prominula
Callicista columella,Dicymolomia julianalis
Callicista columella,Dielis tolteca
Callicista columella,Dione vanillae
Callicista columella,Dioprosopa clavatus
Callicista columella,Doxocopa laure
Callicista columella,Dryas iulia
Callicista columella,Dythemis nigrescens
Callicista columella,Dythemis sterilis
Callicista columella,Echelatus sempiternus
Callicista columella,Echinargus isola
Callicista columella,Elkalyce texana
Callicista columella,Ellipes minuta
Callicista columella,Emesaya brevipennis
Callicista columella,Epeiromulona hamata
Callicista columella,Euptoieta hegesia
Callicista columella,Eurema boisduvaliana
Callicista columella,Eurema daira
Callicista columella,Eurema lisa
Callicista columella,Ganyra josephina
Callicista columella,Glutophrissa drusilla
Callicista columella,Gorgythion begga
Callicista columella,Graphocephala apicata
Callicista columella,Graphocephala cythura
Callicista columella,Halictus ligatus
Callicista columella,Hamadryas februa
Callicista columella,Hamadryas guatemalena
Callicista columella,Heliconius charithonia
Callicista columella,Heliopetes laviana
Callicista columella,Heliopetes macaira
Callicista columella,Hetaerina americana
Callicista columella,Heterogramma circumflexalis
Callicista columella,Hoodus pelopidas
Callicista columella,Hortensia similis
Callicista columella,Hylephila phyleus
Callicista columella,Ischnura hastata
Callicista columella,Junonia pacoma
Callicista columella,Kricogonia lyside
Callicista columella,Largus cinctus
Callicista columella,Leptotes theonus
Callicista columella,Lerodea eufala
Callicista columella,Libytheana carinenta
Callicista columella,Lucilia cuprina
Callicista columella,Lycaena cyna
Callicista columella,Macaria abydata
Callicista columella,Megalorhipida leucodactylus
Callicista columella,Megalostomis pyropyga
Callicista columella,Mestra amymone
Callicista columella,Miathyria marcella
Callicista columella,Micrathyria didyma
Callicista columella,Monomorium pharaonis
Callicista columella,Nectopsyche candida
Callicista columella,Neocoelidia pallida
Callicista columella,Oarisma minima
Callicista columella,Ocyptamus dimidiatus
Callicista columella,Ornidia obesa
Callicista columella,Orthemis discolor
Callicista columella,Orthemis ferruginea
Callicista columella,Palpada furcata
Callicista columella,Papilio rumiko
Callicista columella,Paratettix aztecus
Callicista columella,Phoebis agarithe
Callicista columella,Phyciodes picta
Callicista columella,Phylloicus aeneus
Callicista columella,Plodia interpunctella
Callicista columella,Polistes dorsalis
Callicista columella,Polites vibex
Callicista columella,Polybia occidentalis
Callicista columella,Pseudoleon superbus
Callicista columella,Pyrgus oileus
Callicista columella,Pyrisitia proterpia
Callicista columella,Sinea diadema
Callicista columella,Siproeta stelenes
Callicista columella,Smicridea fasciatella
Callicista columella,Smyrna blomfildia
Callicista columella,Staphylus mazans
Callicista columella,Strymon albata
Callicista columella,Supella longipalpa
Callicista columella,Taphroscelidia linearis
Callicista columella,Telebasis salva
Callicista columella,Thecla rufofusca
Callicista columella,Timochares ruptifasciata
Callicista columella,Tmolus echion
Callicista columella,Tripudia quadrifera
Callicista columella,Tropisternus collaris
Callicista columella,Umbonia crassicornis
Callicista columella,Urbanus dorantes
Callicista columella,Urbanus procne
Callicista columella,Urbanus proteus
Callicista columella,Utetheisa ornatrix
Callicista columella,Xylocopa fimbriata
Callicista columella,Zelus tetracanthus
Calycopis isobeon,Catorhintha selector
Calycopis isobeon,Chimarra laguna
Calycopis isobeon,Chioides catillus
Calycopis isobeon,Chrysomya megacephala
Calycopis isobeon,Chrysopodes collaris
Calycopis isobeon,Clogmia albipunctatus
Calycopis isobeon,Coccinella septempunctata
Calycopis isobeon,Condylostylus longicornis
Calycopis isobeon,Conocephalus ictus
Calycopis isobeon,Corythucha marmorata
Calycopis isobeon,Cryptocephalus irroratus
Calycopis isobeon,Cycloneda sanguinea
Calycopis isobeon,Danaus eresimus
Calycopis isobeon,Danaus gilippus
Calycopis isobeon,Dichromorpha prominula
Calycopis isobeon,Dicymolomia julianalis
Calycopis isobeon,Dielis tolteca
Calycopis isobeon,Dione vanillae
Calycopis isobeon,Dioprosopa clavatus
Calycopis isobeon,Doxocopa laure
Calycopis isobeon,Dryas iulia
Calycopis isobeon,Dythemis nigrescens
Calycopis isobeon,Dythemis sterilis
Calycopis isobeon,Echelatus sempiternus
Calycopis isobeon,Echinargus isola
Calycopis isobeon,Elkalyce texana
Calycopis isobeon,Ellipes minuta
Calycopis isobeon,Emesaya brevipennis
Calycopis isobeon,Epeiromulona hamata
Calycopis isobeon,Euptoieta hegesia
Calycopis isobeon,Eurema boisduvaliana
Calycopis isobeon,Eurema daira
Calycopis isobeon,Eurema lisa
Calycopis isobeon,Ganyra josephina
Calycopis isobeon,Glutophrissa drusilla
Calycopis isobeon,Gorgythion begga
Calycopis isobeon,Graphocephala apicata
Calycopis isobeon,Graphocephala cythura
Calycopis isobeon,Halictus ligatus
Calycopis isobeon,Hamadryas februa
Calycopis isobeon,Hamadryas guatemalena
Calycopis isobeon,Heliconius charithonia
Calycopis isobeon,Heliopetes laviana
Calycopis isobeon,Heliopetes macaira
Calycopis isobeon,Hetaerina americana
Calycopis isobeon,Heterogramma circumflexalis
Calycopis isobeon,Hoodus pelopidas
Calycopis isobeon,Hortensia similis
Calycopis isobeon,Hylephila phyleus
Calycopis isobeon,Ischnura hastata
Calycopis isobeon,Junonia pacoma
Calycopis isobeon,Kricogonia lyside
Calycopis isobeon,Largus cinctus
Calycopis isobeon,Leptotes theonus
Calycopis isobeon,Lerodea eufala
Calycopis isobeon,Libytheana carinenta
Calycopis isobeon,Lucilia cuprina
Calycopis isobeon,Lycaena cyna
Calycopis isobeon,Macaria abydata
Calycopis isobeon,Megalorhipida leucodactylus
Calycopis isobeon,Megalostomis pyropyga
Calycopis isobeon,Mestra amymone
Calycopis isobeon,Miathyria marcella
Calycopis isobeon,Micrathyria didyma
Calycopis isobeon,Monomorium pharaonis
Calycopis isobeon,Nectopsyche candida
Calycopis isobeon,Neocoelidia pallida
Calycopis isobeon,Oarisma minima
Calycopis isobeon,Ocyptamus dimidiatus
Calycopis isobeon,Ornidia obesa
Calycopis isobeon,Orthemis discolor
Calycopis isobeon,Orthemis ferruginea
Calycopis isobeon,Palpada furcata
Calycopis isobeon,Papilio rumiko
Calycopis isobeon,Paratettix aztecus
Calycopis isobeon,Phoebis agarithe
Calycopis isobeon,Phyciodes picta
Calycopis isobeon,Phylloicus aeneus
Calycopis isobeon,Plodia interpunctella
Calycopis isobeon,Polistes dorsalis
Calycopis isobeon,Polites vibex
Calycopis isobeon,Polybia occidentalis
Calycopis isobeon,Pseudoleon superbus
Calycopis isobeon,Pyrgus oileus
Calycopis isobeon,Pyrisitia proterpia
Calycopis isobeon,Sinea diadema
Calycopis isobeon,Siproeta stelenes
Calycopis isobeon,Smicridea fasciatella
Calycopis isobeon,Smyrna blomfildia
Calycopis isobeon,Staphylus mazans
Calycopis isobeon,Strymon albata
Calycopis isobeon,Supella longipalpa
Calycopis isobeon,Taphroscelidia linearis
Calycopis isobeon,Telebasis salva
Calycopis isobeon,Thecla rufofusca
Calycopis isobeon,Timochares ruptifasciata
Calycopis isobeon,Tmolus echion
Calycopis isobeon,Tripudia quadrifera
Calycopis isobeon,Tropisternus collaris
Calycopis isobeon,Umbonia crassicornis
Calycopis isobeon,Urbanus dorantes
Calycopis isobeon,Urbanus procne
Calycopis isobeon,Urbanus proteus
Calycopis isobeon,Utetheisa ornatrix
Calycopis isobeon,Xylocopa fimbriata
Calycopis isobeon,Zelus tetracanthus
Catorhintha selector,Chimarra laguna
Catorhintha selector,Chioides catillus
Catorhintha selector,Chrysomya megacephala
Catorhintha selector,Chrysopodes collaris
Catorhintha selector,Clogmia albipunctatus
Catorhintha selector,Coccinella septempunctata
Catorhintha selector,Condylostylus longicornis
Catorhintha selector,Conocephalus ictus
Catorhintha selector,Corythucha marmorata
Catorhintha selector,Cryptocephalus irroratus
Catorhintha selector,Cycloneda sanguinea
Catorhintha selector,Danaus eresimus
Catorhintha selector,Danaus gilippus
Catorhintha selector,Dichromorpha prominula
Catorhintha selector,Dicymolomia julianalis
Catorhintha selector,Dielis tolteca
Catorhintha selector,Dione vanillae
Catorhintha selector,Dioprosopa clavatus
Catorhintha selector,Doxocopa laure
Catorhintha selector,Dryas iulia
Catorhintha selector,Dythemis nigrescens
Catorhintha selector,Dythemis sterilis
Catorhintha selector,Echelatus sempiternus
Catorhintha selector,Echinargus isola
Catorhintha selector,Elkalyce texana
Catorhintha selector,Ellipes minuta
Catorhintha selector,Emesaya brevipennis
Catorhintha selector,Epeiromulona hamata
Catorhintha selector,Euptoieta hegesia
Catorhintha selector,Eurema boisduvaliana
Catorhintha selector,Eurema daira
Catorhintha selector,Eurema lisa
Catorhintha selector,Ganyra josephina
Catorhintha selector,Glutophrissa drusilla
Catorhintha selector,Gorgythion begga
Catorhintha selector,Graphocephala apicata
Catorhintha selector,Graphocephala cythura
Catorhintha selector,Halictus ligatus
Catorhintha selector,Hamadryas februa
Catorhintha selector,Hamadryas guatemalena
Catorhintha selector,Heliconius charithonia
Catorhintha selector,Heliopetes laviana
Catorhintha selector,Heliopetes macaira
Catorhintha selector,Hetaerina americana
Catorhintha selector,Heterogramma circumflexalis
Catorhintha selector,Hoodus pelopidas
Catorhintha selector,Hortensia similis
Catorhintha selector,Hylephila phyleus
Catorhintha selector,Ischnura hastata
Catorhintha selector,Junonia pacoma
Catorhintha selector,Kricogonia lyside
Catorhintha selector,Largus cinctus
Catorhintha selector,Leptotes theonus
Catorhintha selector,Lerodea eufala
Catorhintha selector,Libytheana carinenta
Catorhintha selector,Lucilia cuprina
Catorhintha selector,Lycaena cyna
Catorhintha selector,Macaria abydata
Catorhintha selector,Megalorhipida leucodactylus
Catorhintha selector,Megalostomis pyropyga
Catorhintha selector,Mestra amymone
Catorhintha selector,Miathyria marcella
Catorhintha selector,Micrathyria didyma
Catorhintha selector,Monomorium pharaonis
Catorhintha selector,Nectopsyche candida
Catorhintha selector,Neocoelidia pallida
Catorhintha selector,Oarisma minima
Catorhintha selector,Ocyptamus dimidiatus
Catorhintha selector,Ornidia obesa
Catorhintha selector,Orthemis discolor
Catorhintha selector,Orthemis ferruginea
Catorhintha selector,Palpada furcata
Catorhintha selector,Papilio rumiko
Catorhintha selector,Paratettix aztecus
Catorhintha selector,Phoebis agarithe
Catorhintha selector,Phyciodes picta
Catorhintha selector,Phylloicus aeneus
Catorhintha selector,Plodia interpunctella
Catorhintha selector,Polistes dorsalis
Catorhintha selector,Polites vibex
Catorhintha selector,Polybia occidentalis
Catorhintha selector,Pseudoleon superbus
Catorhintha selector,Pyrgus oileus
Catorhintha selector,Pyrisitia proterpia
Catorhintha selector,Sinea diadema
Catorhintha selector,Siproeta stelenes
Catorhintha selector,Smicridea fasciatella
Catorhintha selector,Smyrna blomfildia
Catorhintha selector,Staphylus mazans
Catorhintha selector,Strymon albata
Catorhintha selector,Supella longipalpa
Catorhintha selector,Taphroscelidia linearis
Catorhintha selector,Telebasis salva
Catorhintha selector,Thecla rufofusca
Catorhintha selector,Timochares ruptifasciata
Catorhintha selector,Tmolus echion
Catorhintha selector,Tripudia quadrifera
Catorhintha selector,Tropisternus collaris
Catorhintha selector,Umbonia crassicornis
Catorhintha selector,Urbanus dorantes
Catorhintha selector,Urbanus procne
Catorhintha selector,Urbanus proteus
Catorhintha selector,Utetheisa ornatrix
Catorhintha selector,Xylocopa fimbriata
Catorhintha selector,Zelus tetracanthus
Chimarra laguna,Chioides catillus
Chimarra laguna,Chrysomya megacephala
Chimarra laguna,Chrysopodes collaris
Chimarra laguna,Clogmia albipunctatus
Chimarra laguna,Coccinella septempunctata
Chimarra laguna,Condylostylus longicornis
Chimarra laguna,Conocephalus ictus
Chimarra laguna,Corythucha marmorata
Chimarra laguna,Cryptocephalus irroratus
Chimarra laguna,Cycloneda sanguinea
Chimarra laguna,Danaus eresimus
Chimarra laguna,Danaus gilippus
Chimarra laguna,Dichromorpha prominula
Chimarra laguna,Dicymolomia julianalis
Chimarra laguna,Dielis tolteca
Chimarra laguna,Dione vanillae
Chimarra laguna,Dioprosopa clavatus
Chimarra laguna,Doxocopa laure
Chimarra laguna,Dryas iulia
Chimarra laguna,Dythemis nigrescens
Chimarra laguna,Dythemis sterilis
Chimarra laguna,Echelatus sempiternus
Chimarra laguna,Echinargus isola
Chimarra laguna,Elkalyce texana
Chimarra laguna,Ellipes minuta
Chimarra laguna,Emesaya brevipennis
Chimarra laguna,Epeiromulona hamata
Chimarra laguna,Euptoieta hegesia
Chimarra laguna,Eurema boisduvaliana
Chimarra laguna,Eurema daira
Chimarra laguna,Eurema lisa
Chimarra laguna,Ganyra josephina
Chimarra laguna,Glutophrissa drusilla
Chimarra laguna,Gorgythion begga
Chimarra laguna,Graphocephala apicata
Chimarra laguna,Graphocephala cythura
Chimarra laguna,Halictus ligatus
Chimarra laguna,Hamadryas februa
Chimarra laguna,Hamadryas guatemalena
Chimarra laguna,Heliconius charithonia
Chimarra laguna,Heliopetes laviana
Chimarra laguna,Heliopetes macaira
Chimarra laguna,Hetaerina americana
Chimarra laguna,Heterogramma circumflexalis
Chimarra laguna,Hoodus pelopidas
Chimarra laguna,Hortensia similis
Chimarra laguna,Hylephila phyleus
Chimarra laguna,Ischnura hastata
Chimarra laguna,Junonia pacoma
Chimarra laguna,Kricogonia lyside
Chimarra laguna,Largus cinctus
Chimarra laguna,Leptotes theonus
Chimarra laguna,Lerodea eufala
Chimarra laguna,Libytheana carinenta
Chimarra laguna,Lucilia cuprina
Chimarra laguna,Lycaena cyna
Chimarra laguna,Macaria abydata
Chimarra laguna,Megalorhipida leucodactylus
Chimarra laguna,Megalostomis pyropyga
Chimarra laguna,Mestra amymone
Chimarra laguna,Miathyria marcella
Chimarra laguna,Micrathyria didyma
Chimarra laguna,Monomorium pharaonis
Chimarra laguna,Nectopsyche candida
Chimarra laguna,Neocoelidia pallida
Chimarra laguna,Oarisma minima
Chimarra laguna,Ocyptamus dimidiatus
Chimarra laguna,Ornidia obesa
Chimarra laguna,Orthemis discolor
Chimarra laguna,Orthemis ferruginea
Chimarra laguna,Palpada furcata
Chimarra laguna,Papilio rumiko
Chimarra laguna,Paratettix aztecus
Chimarra laguna,Phoebis agarithe
Chimarra laguna,Phyciodes picta
Chimarra laguna,Phylloicus aeneus
Chimarra laguna,Plodia interpunctella
Chimarra laguna,Polistes dorsalis
Chimarra laguna,Polites vibex
Chimarra laguna,Polybia occidentalis
Chimarra laguna,Pseudoleon superbus
Chimarra laguna,Pyrgus oileus
Chimarra laguna,Pyrisitia proterpia
Chimarra laguna,Sinea diadema
Chimarra laguna,Siproeta stelenes
Chimarra laguna,Smicridea fasciatella
Chimarra laguna,Smyrna blomfildia
Chimarra laguna,Staphylus mazans
Chimarra laguna,Strymon albata
Chimarra laguna,Supella longipalpa
Chimarra laguna,Taphroscelidia linearis
Chimarra laguna,Telebasis salva
Chimarra laguna,Thecla rufofusca
Chimarra laguna,Timochares ruptifasciata
Chimarra laguna,Tmolus echion
Chimarra laguna,Tripudia quadrifera
Chimarra laguna,Tropisternus collaris
Chimarra laguna,Umbonia crassicornis
Chimarra laguna,Urbanus dorantes
Chimarra laguna,Urbanus procne
Chimarra laguna,Urbanus proteus
Chimarra laguna,Utetheisa ornatrix
Chimarra laguna,Xylocopa fimbriata
Chimarra laguna,Zelus tetracanthus
Chioides catillus,Chrysomya megacephala
Chioides catillus,Chrysopodes collaris
Chioides catillus,Clogmia albipunctatus
Chioides catillus,Coccinella septempunctata
Chioides catillus,Condylostylus longicornis
Chioides catillus,Conocephalus ictus
Chioides catillus,Corythucha marmorata
Chioides catillus,Cryptocephalus irroratus
Chioides catillus,Cycloneda sanguinea
Chioides catillus,Danaus eresimus
Chioides catillus,Danaus gilippus
Chioides catillus,Dichromorpha prominula
Chioides catillus,Dicymolomia julianalis
Chioides catillus,Dielis tolteca
Chioides catillus,Dione vanillae
Chioides catillus,Dioprosopa clavatus
Chioides catillus,Doxocopa laure
Chioides catillus,Dryas iulia
Chioides catillus,Dythemis nigrescens
Chioides catillus,Dythemis sterilis
Chioides catillus,Echelatus sempiternus
Chioides catillus,Echinargus isola
Chioides catillus,Elkalyce texana
Chioides catillus,Ellipes minuta
Chioides catillus,Emesaya brevipennis
Chioides catillus,Epeiromulona hamata
Chioides catillus,Euptoieta hegesia
Chioides catillus,Eurema boisduvaliana
Chioides catillus,Eurema daira
Chioides catillus,Eurema lisa
Chioides catillus,Ganyra josephina
Chioides catillus,Glutophrissa drusilla
Chioides catillus,Gorgythion begga
Chioides catillus,Graphocephala apicata
Chioides catillus,Graphocephala cythura
Chioides catillus,Halictus ligatus
Chioides catillus,Hamadryas februa
Chioides catillus,Hamadryas guatemalena
Chioides catillus,Heliconius charithonia
Chioides catillus,Heliopetes laviana
Chioides catillus,Heliopetes macaira
Chioides catillus,Hetaerina americana
Chioides catillus,Heterogramma circumflexalis
Chioides catillus,Hoodus pelopidas
Chioides catillus,Hortensia similis
Chioides catillus,Hylephila phyleus
Chioides catillus,Ischnura hastata
Chioides catillus,Junonia pacoma
Chioides catillus,Kricogonia lyside
Chioides catillus,Largus cinctus
Chioides catillus,Leptotes theonus
Chioides catillus,Lerodea eufala
Chioides catillus,Libytheana carinenta
Chioides catillus,Lucilia cuprina
Chioides catillus,Lycaena cyna
Chioides catillus,Macaria abydata
Chioides catillus,Megalorhipida leucodactylus
Chioides catillus,Megalostomis pyropyga
Chioides catillus,Mestra amymone
Chioides catillus,Miathyria marcella
Chioides catillus,Micrathyria didyma
Chioides catillus,Monomorium pharaonis
Chioides catillus,Nectopsyche candida
Chioides catillus,Neocoelidia pallida
Chioides catillus,Oarisma minima
Chioides catillus,Ocyptamus dimidiatus
Chioides catillus,Ornidia obesa
Chioides catillus,Orthemis discolor
Chioides catillus,Orthemis ferruginea
Chioides catillus,Palpada furcata
Chioides catillus,Papilio rumiko
Chioides catillus,Paratettix aztecus
Chioides catillus,Phoebis agarithe
Chioides catillus,Phyciodes picta
Chioides catillus,Phylloicus aeneus
Chioides catillus,Plodia interpunctella
Chioides catillus,Polistes dorsalis
Chioides catillus,Polites vibex
Chioides catillus,Polybia occidentalis
Chioides catillus,Pseudoleon superbus
Chioides catillus,Pyrgus oileus
Chioides catillus,Pyrisitia proterpia
Chioides catillus,Sinea diadema
Chioides catillus,Siproeta stelenes
Chioides catillus,Smicridea fasciatella
Chioides catillus,Smyrna blomfildia
Chioides catillus,Staphylus mazans
Chioides catillus,Strymon albata
Chioides catillus,Supella longipalpa
Chioides catillus,Taphroscelidia linearis
Chioides catillus,Telebasis salva
Chioides catillus,Thecla rufofusca
Chioides catillus,Timochares ruptifasciata
Chioides catillus,Tmolus echion
Chioides catillus,Tripudia quadrifera
Chioides catillus,Tropisternus collaris
Chioides catillus,Umbonia crassicornis
Chioides catillus,Urbanus dorantes
Chioides catillus,Urbanus procne
Chioides catillus,Urbanus proteus
Chioides catillus,Utetheisa ornatrix
Chioides catillus,Xylocopa fimbriata
Chioides catillus,Zelus tetracanthus
Chrysomya megacephala,Chrysopodes collaris
Chrysomya megacephala,Clogmia albipunctatus
Chrysomya megacephala,Coccinella septempunctata
Chrysomya megacephala,Condylostylus longicornis
Chrysomya megacephala,Conocephalus ictus
Chrysomya megacephala,Corythucha marmorata
Chrysomya megacephala,Cryptocephalus irroratus
Chrysomya megacephala,Cycloneda sanguinea
Chrysomya megacephala,Danaus eresimus
Chrysomya megacephala,Danaus gilippus
Chrysomya megacephala,Dichromorpha prominula
Chrysomya megacephala,Dicymolomia julianalis
Chrysomya megacephala,Dielis tolteca
Chrysomya megacephala,Dione vanillae
Chrysomya megacephala,Dioprosopa clavatus
Chrysomya megacephala,Doxocopa laure
Chrysomya megacephala,Dryas iulia
Chrysomya megacephala,Dythemis nigrescens
Chrysomya megacephala,Dythemis sterilis
Chrysomya megacephala,Echelatus sempiternus
Chrysomya megacephala,Echinargus isola
Chrysomya megacephala,Elkalyce texana
Chrysomya megacephala,Ellipes minuta
Chrysomya megacephala,Emesaya brevipennis
Chrysomya megacephala,Epeiromulona hamata
Chrysomya megacephala,Euptoieta hegesia
Chrysomya megacephala,Eurema boisduvaliana
Chrysomya megacephala,Eurema daira
Chrysomya megacephala,Eurema lisa
Chrysomya megacephala,Ganyra josephina
Chrysomya megacephala,Glutophrissa drusilla
Chrysomya megacephala,Gorgythion begga
Chrysomya megacephala,Graphocephala apicata
Chrysomya megacephala,Graphocephala cythura
Chrysomya megacephala,Halictus ligatus
Chrysomya megacephala,Hamadryas februa
Chrysomya megacephala,Hamadryas guatemalena
Chrysomya megacephala,Heliconius charithonia
Chrysomya megacephala,Heliopetes laviana
Chrysomya megacephala,Heliopetes macaira
Chrysomya megacephala,Hetaerina americana
Chrysomya megacephala,Heterogramma circumflexalis
Chrysomya megacephala,Hoodus pelopidas
Chrysomya megacephala,Hortensia similis
Chrysomya megacephala,Hylephila phyleus
Chrysomya megacephala,Ischnura hastata
Chrysomya megacephala,Junonia pacoma
Chrysomya megacephala,Kricogonia lyside
Chrysomya megacephala,Largus cinctus
Chrysomya megacephala,Leptotes theonus
Chrysomya megacephala,Lerodea eufala
Chrysomya megacephala,Libytheana carinenta
Chrysomya megacephala,Lucilia cuprina
Chrysomya megacephala,Lycaena cyna
Chrysomya megacephala,Macaria abydata
Chrysomya megacephala,Megalorhipida leucodactylus
Chrysomya megacephala,Megalostomis pyropyga
Chrysomya megacephala,Mestra amymone
Chrysomya megacephala,Miathyria marcella
Chrysomya megacephala,Micrathyria didyma
Chrysomya megacephala,Monomorium pharaonis
Chrysomya megacephala,Nectopsyche candida
Chrysomya megacephala,Neocoelidia pallida
Chrysomya megacephala,Oarisma minima
Chrysomya megacephala,Ocyptamus dimidiatus
Chrysomya megacephala,Ornidia obesa
Chrysomya megacephala,Orthemis discolor
Chrysomya megacephala,Orthemis ferruginea
Chrysomya megacephala,Palpada furcata
Chrysomya megacephala,Papilio rumiko
Chrysomya megacephala,Paratettix aztecus
Chrysomya megacephala,Phoebis agarithe
Chrysomya megacephala,Phyciodes picta
Chrysomya megacephala,Phylloicus aeneus
Chrysomya megacephala,Plodia interpunctella
Chrysomya megacephala,Polistes dorsalis
Chrysomya megacephala,Polites vibex
Chrysomya megacephala,Polybia occidentalis
Chrysomya megacephala,Pseudoleon superbus
Chrysomya megacephala,Pyrgus oileus
Chrysomya megacephala,Pyrisitia proterpia
Chrysomya megacephala,Sinea diadema
Chrysomya megacephala,Siproeta stelenes
Chrysomya megacephala,Smicridea fasciatella
Chrysomya megacephala,Smyrna blomfildia
Chrysomya megacephala,Staphylus mazans
Chrysomya megacephala,Strymon albata
Chrysomya megacephala,Supella longipalpa
Chrysomya megacephala,Taphroscelidia linearis
Chrysomya megacephala,Telebasis salva
Chrysomya megacephala,Thecla rufofusca
Chrysomya megacephala,Timochares ruptifasciata
Chrysomya megacephala,Tmolus echion
Chrysomya megacephala,Tripudia quadrifera
Chrysomya megacephala,Tropisternus collaris
Chrysomya megacephala,Umbonia crassicornis
Chrysomya megacephala,Urbanus dorantes
Chrysomya megacephala,Urbanus procne
Chrysomya megacephala,Urbanus proteus
Chrysomya megacephala,Utetheisa ornatrix
Chrysomya megacephala,Xylocopa fimbriata
Chrysomya megacephala,Zelus tetracanthus
Chrysopodes collaris,Clogmia albipunctatus
Chrysopodes collaris,Coccinella septempunctata
Chrysopodes collaris,Condylostylus longicornis
Chrysopodes collaris,Conocephalus ictus
Chrysopodes collaris,Corythucha marmorata
Chrysopodes collaris,Cryptocephalus irroratus
Chrysopodes collaris,Cycloneda sanguinea
Chrysopodes collaris,Danaus eresimus
Chrysopodes collaris,Danaus gilippus
Chrysopodes collaris,Dichromorpha prominula
Chrysopodes collaris,Dicymolomia julianalis
Chrysopodes collaris,Dielis tolteca
Chrysopodes collaris,Dione vanillae
Chrysopodes collaris,Dioprosopa clavatus
Chrysopodes collaris,Doxocopa laure
Chrysopodes collaris,Dryas iulia
Chrysopodes collaris,Dythemis nigrescens
Chrysopodes collaris,Dythemis sterilis
Chrysopodes collaris,Echelatus sempiternus
Chrysopodes collaris,Echinargus isola
Chrysopodes collaris,Elkalyce texana
Chrysopodes collaris,Ellipes minuta
Chrysopodes collaris,Emesaya brevipennis
Chrysopodes collaris,Epeiromulona hamata
Chrysopodes collaris,Euptoieta hegesia
Chrysopodes collaris,Eurema boisduvaliana
Chrysopodes collaris,Eurema daira
Chrysopodes collaris,Eurema lisa
Chrysopodes collaris,Ganyra josephina
Chrysopodes collaris,Glutophrissa drusilla
Chrysopodes collaris,Gorgythion begga
Chrysopodes collaris,Graphocephala apicata
Chrysopodes collaris,Graphocephala cythura
Chrysopodes collaris,Halictus ligatus
Chrysopodes collaris,Hamadryas februa
Chrysopodes collaris,Hamadryas guatemalena
Chrysopodes collaris,Heliconius charithonia
Chrysopodes collaris,Heliopetes laviana
Chrysopodes collaris,Heliopetes macaira
Chrysopodes collaris,Hetaerina americana
Chrysopodes collaris,Heterogramma circumflexalis
Chrysopodes collaris,Hoodus pelopidas
Chrysopodes collaris,Hortensia similis
Chrysopodes collaris,Hylephila phyleus
Chrysopodes collaris,Ischnura hastata
Chrysopodes collaris,Junonia pacoma
Chrysopodes collaris,Kricogonia lyside
Chrysopodes collaris,Largus cinctus
Chrysopodes collaris,Leptotes theonus
Chrysopodes collaris,Lerodea eufala
Chrysopodes collaris,Libytheana carinenta
Chrysopodes collaris,Lucilia cuprina
Chrysopodes collaris,Lycaena cyna
Chrysopodes collaris,Macaria abydata
Chrysopodes collaris,Megalorhipida leucodactylus
Chrysopodes collaris,Megalostomis pyropyga
Chrysopodes collaris,Mestra amymone
Chrysopodes collaris,Miathyria marcella
Chrysopodes collaris,Micrathyria didyma
Chrysopodes collaris,Monomorium pharaonis
Chrysopodes collaris,Nectopsyche candida
Chrysopodes collaris,Neocoelidia pallida
Chrysopodes collaris,Oarisma minima
Chrysopodes collaris,Ocyptamus dimidiatus
Chrysopodes collaris,Ornidia obesa
Chrysopodes collaris,Orthemis discolor
Chrysopodes collaris,Orthemis ferruginea
Chrysopodes collaris,Palpada furcata
Chrysopodes collaris,Papilio rumiko
Chrysopodes collaris,Paratettix aztecus
Chrysopodes collaris,Phoebis agarithe
Chrysopodes collaris,Phyciodes picta
Chrysopodes collaris,Phylloicus aeneus
Chrysopodes collaris,Plodia interpunctella
Chrysopodes collaris,Polistes dorsalis
Chrysopodes collaris,Polites vibex
Chrysopodes collaris,Polybia occidentalis
Chrysopodes collaris,Pseudoleon superbus
Chrysopodes collaris,Pyrgus oileus
Chrysopodes collaris,Pyrisitia proterpia
Chrysopodes collaris,Sinea diadema
Chrysopodes collaris,Siproeta stelenes
Chrysopodes collaris,Smicridea fasciatella
Chrysopodes collaris,Smyrna blomfildia
Chrysopodes collaris,Staphylus mazans
Chrysopodes collaris,Strymon albata
Chrysopodes collaris,Supella longipalpa
Chrysopodes collaris,Taphroscelidia linearis
Chrysopodes collaris,Telebasis salva
Chrysopodes collaris,Thecla rufofusca
Chrysopodes collaris,Timochares ruptifasciata
Chrysopodes collaris,Tmolus echion
Chrysopodes collaris,Tripudia quadrifera
Chrysopodes collaris,Tropisternus collaris
Chrysopodes collaris,Umbonia crassicornis
Chrysopodes collaris,Urbanus dorantes
Chrysopodes collaris,Urbanus procne
Chrysopodes collaris,Urbanus proteus
Chrysopodes collaris,Utetheisa ornatrix
Chrysopodes collaris,Xylocopa fimbriata
Chrysopodes collaris,Zelus tetracanthus
Clogmia albipunctatus,Coccinella septempunctata
Clogmia albipunctatus,Condylostylus longicornis
Clogmia albipunctatus,Conocephalus ictus
Clogmia albipunctatus,Corythucha marmorata
Clogmia albipunctatus,Cryptocephalus irroratus
Clogmia albipunctatus,Cycloneda sanguinea
Clogmia albipunctatus,Danaus eresimus
Clogmia albipunctatus,Danaus gilippus
Clogmia albipunctatus,Dichromorpha prominula
Clogmia albipunctatus,Dicymolomia julianalis
Clogmia albipunctatus,Dielis tolteca
Clogmia albipunctatus,Dione vanillae
Clogmia albipunctatus,Dioprosopa clavatus
Clogmia albipunctatus,Doxocopa laure
Clogmia albipunctatus,Dryas iulia
Clogmia albipunctatus,Dythemis nigrescens
Clogmia albipunctatus,Dythemis sterilis
Clogmia albipunctatus,Echelatus sempiternus
Clogmia albipunctatus,Echinargus isola
Clogmia albipunctatus,Elkalyce texana
Clogmia albipunctatus,Ellipes minuta
Clogmia albipunctatus,Emesaya brevipennis
Clogmia albipunctatus,Epeiromulona hamata
Clogmia albipunctatus,Euptoieta hegesia
Clogmia albipunctatus,Eurema boisduvaliana
Clogmia albipunctatus,Eurema daira
Clogmia albipunctatus,Eurema lisa
Clogmia albipunctatus,Ganyra josephina
Clogmia albipunctatus,Glutophrissa drusilla
Clogmia albipunctatus,Gorgythion begga
Clogmia albipunctatus,Graphocephala apicata
Clogmia albipunctatus,Graphocephala cythura
Clogmia albipunctatus,Halictus ligatus
Clogmia albipunctatus,Hamadryas februa
Clogmia albipunctatus,Hamadryas guatemalena
Clogmia albipunctatus,Heliconius charithonia
Clogmia albipunctatus,Heliopetes laviana
Clogmia albipunctatus,Heliopetes macaira
Clogmia albipunctatus,Hetaerina americana
Clogmia albipunctatus,Heterogramma circumflexalis
Clogmia albipunctatus,Hoodus pelopidas
Clogmia albipunctatus,Hortensia similis
Clogmia albipunctatus,Hylephila phyleus
Clogmia albipunctatus,Ischnura hastata
Clogmia albipunctatus,Junonia pacoma
Clogmia albipunctatus,Kricogonia lyside
Clogmia albipunctatus,Largus cinctus
Clogmia albipunctatus,Leptotes theonus
Clogmia albipunctatus,Lerodea eufala
Clogmia albipunctatus,Libytheana carinenta
Clogmia albipunctatus,Lucilia cuprina
Clogmia albipunctatus,Lycaena cyna
Clogmia albipunctatus,Macaria abydata
Clogmia albipunctatus,Megalorhipida leucodactylus
Clogmia albipunctatus,Megalostomis pyropyga
Clogmia albipunctatus,Mestra amymone
Clogmia albipunctatus,Miathyria marcella
Clogmia albipunctatus,Micrathyria didyma
Clogmia albipunctatus,Monomorium pharaonis
Clogmia albipunctatus,Nectopsyche candida
Clogmia albipunctatus,Neocoelidia pallida
Clogmia albipunctatus,Oarisma minima
Clogmia albipunctatus,Ocyptamus dimidiatus
Clogmia albipunctatus,Ornidia obesa
Clogmia albipunctatus,Orthemis discolor
Clogmia albipunctatus,Orthemis ferruginea
Clogmia albipunctatus,Palpada furcata
Clogmia albipunctatus,Papilio rumiko
Clogmia albipunctatus,Paratettix aztecus
Clogmia albipunctatus,Phoebis agarithe
Clogmia albipunctatus,Phyciodes picta
Clogmia albipunctatus,Phylloicus aeneus
Clogmia albipunctatus,Plodia interpunctella
Clogmia albipunctatus,Polistes dorsalis
Clogmia albipunctatus,Polites vibex
Clogmia albipunctatus,Polybia occidentalis
Clogmia albipunctatus,Pseudoleon superbus
Clogmia albipunctatus,Pyrgus oileus
Clogmia albipunctatus,Pyrisitia proterpia
Clogmia albipunctatus,Sinea diadema
Clogmia albipunctatus,Siproeta stelenes
Clogmia albipunctatus,Smicridea fasciatella
Clogmia albipunctatus,Smyrna blomfildia
Clogmia albipunctatus,Staphylus mazans
Clogmia albipunctatus,Strymon albata
Clogmia albipunctatus,Supella longipalpa
Clogmia albipunctatus,Taphroscelidia linearis
Clogmia albipunctatus,Telebasis salva
Clogmia albipunctatus,Thecla rufofusca
Clogmia albipunctatus,Timochares ruptifasciata
Clogmia albipunctatus,Tmolus echion
Clogmia albipunctatus,Tripudia quadrifera
Clogmia albipunctatus,Tropisternus collaris
Clogmia albipunctatus,Umbonia crassicornis
Clogmia albipunctatus,Urbanus dorantes
Clogmia albipunctatus,Urbanus procne
Clogmia albipunctatus,Urbanus proteus
Clogmia albipunctatus,Utetheisa ornatrix
Clogmia albipunctatus,Xylocopa fimbriata
Clogmia albipunctatus,Zelus tetracanthus
Coccinella septempunctata,Condylostylus longicornis
Coccinella septempunctata,Conocephalus ictus
Coccinella septempunctata,Corythucha marmorata
Coccinella septempunctata,Cryptocephalus irroratus
Coccinella septempunctata,Cycloneda sanguinea
Coccinella septempunctata,Danaus eresimus
Coccinella septempunctata,Danaus gilippus
Coccinella septempunctata,Dichromorpha prominula
Coccinella septempunctata,Dicymolomia julianalis
Coccinella septempunctata,Dielis tolteca
Coccinella septempunctata,Dione vanillae
Coccinella septempunctata,Dioprosopa clavatus
Coccinella septempunctata,Doxocopa laure
Coccinella septempunctata,Dryas iulia
Coccinella septempunctata,Dythemis nigrescens
Coccinella septempunctata,Dythemis sterilis
Coccinella septempunctata,Echelatus sempiternus
Coccinella septempunctata,Echinargus isola
Coccinella septempunctata,Elkalyce texana
Coccinella septempunctata,Ellipes minuta
Coccinella septempunctata,Emesaya brevipennis
Coccinella septempunctata,Epeiromulona hamata
Coccinella septempunctata,Euptoieta hegesia
Coccinella septempunctata,Eurema boisduvaliana
Coccinella septempunctata,Eurema daira
Coccinella septempunctata,Eurema lisa
Coccinella septempunctata,Ganyra josephina
Coccinella septempunctata,Glutophrissa drusilla
Coccinella septempunctata,Gorgythion begga
Coccinella septempunctata,Graphocephala apicata
Coccinella septempunctata,Graphocephala cythura
Coccinella septempunctata,Halictus ligatus
Coccinella septempunctata,Hamadryas februa
Coccinella septempunctata,Hamadryas guatemalena
Coccinella septempunctata,Heliconius charithonia
Coccinella septempunctata,Heliopetes laviana
Coccinella septempunctata,Heliopetes macaira
Coccinella septempunctata,Hetaerina americana
Coccinella septempunctata,Heterogramma circumflexalis
Coccinella septempunctata,Hoodus pelopidas
Coccinella septempunctata,Hortensia similis
Coccinella septempunctata,Hylephila phyleus
Coccinella septempunctata,Ischnura hastata
Coccinella septempunctata,Junonia pacoma
Coccinella septempunctata,Kricogonia lyside
Coccinella septempunctata,Largus cinctus
Coccinella septempunctata,Leptotes theonus
Coccinella septempunctata,Lerodea eufala
Coccinella septempunctata,Libytheana carinenta
Coccinella septempunctata,Lucilia cuprina
Coccinella septempunctata,Lycaena cyna
Coccinella septempunctata,Macaria abydata
Coccinella septempunctata,Megalorhipida leucodactylus
Coccinella septempunctata,Megalostomis pyropyga
Coccinella septempunctata,Mestra amymone
Coccinella septempunctata,Miathyria marcella
Coccinella septempunctata,Micrathyria didyma
Coccinella septempunctata,Monomorium pharaonis
Coccinella septempunctata,Nectopsyche candida
Coccinella septempunctata,Neocoelidia pallida
Coccinella septempunctata,Oarisma minima
Coccinella septempunctata,Ocyptamus dimidiatus
Coccinella septempunctata,Ornidia obesa
Coccinella septempunctata,Orthemis discolor
Coccinella septempunctata,Orthemis ferruginea
Coccinella septempunctata,Palpada furcata
Coccinella septempunctata,Papilio rumiko
Coccinella septempunctata,Paratettix aztecus
Coccinella septempunctata,Phoebis agarithe
Coccinella septempunctata,Phyciodes picta
Coccinella septempunctata,Phylloicus aeneus
Coccinella septempunctata,Plodia interpunctella
Coccinella septempunctata,Polistes dorsalis
Coccinella septempunctata,Polites vibex
Coccinella septempunctata,Polybia occidentalis
Coccinella septempunctata,Pseudoleon superbus
Coccinella septempunctata,Pyrgus oileus
Coccinella septempunctata,Pyrisitia proterpia
Coccinella septempunctata,Sinea diadema
Coccinella septempunctata,Siproeta stelenes
Coccinella septempunctata,Smicridea fasciatella
Coccinella septempunctata,Smyrna blomfildia
Coccinella septempunctata,Staphylus mazans
Coccinella septempunctata,Strymon albata
Coccinella septempunctata,Supella longipalpa
Coccinella septempunctata,Taphroscelidia linearis
Coccinella septempunctata,Telebasis salva
Coccinella septempunctata,Thecla rufofusca
Coccinella septempunctata,Timochares ruptifasciata
Coccinella septempunctata,Tmolus echion
Coccinella septempunctata,Tripudia quadrifera
Coccinella septempunctata,Tropisternus collaris
Coccinella septempunctata,Umbonia crassicornis
Coccinella septempunctata,Urbanus dorantes
Coccinella septempunctata,Urbanus procne
Coccinella septempunctata,Urbanus proteus
Coccinella septempunctata,Utetheisa ornatrix
Coccinella septempunctata,Xylocopa fimbriata
Coccinella septempunctata,Zelus tetracanthus
Condylostylus longicornis,Conocephalus ictus
Condylostylus longicornis,Corythucha marmorata
Condylostylus longicornis,Cryptocephalus irroratus
Condylostylus longicornis,Cycloneda sanguinea
Condylostylus longicornis,Danaus eresimus
Condylostylus longicornis,Danaus gilippus
Condylostylus longicornis,Dichromorpha prominula
Condylostylus longicornis,Dicymolomia julianalis
Condylostylus longicornis,Dielis tolteca
Condylostylus longicornis,Dione vanillae
Condylostylus longicornis,Dioprosopa clavatus
Condylostylus longicornis,Doxocopa laure
Condylostylus longicornis,Dryas iulia
Condylostylus longicornis,Dythemis nigrescens
Condylostylus longicornis,Dythemis sterilis
Condylostylus longicornis,Echelatus sempiternus
Condylostylus longicornis,Echinargus isola
Condylostylus longicornis,Elkalyce texana
Condylostylus longicornis,Ellipes minuta
Condylostylus longicornis,Emesaya brevipennis
Condylostylus longicornis,Epeiromulona hamata
Condylostylus longicornis,Euptoieta hegesia
Condylostylus longicornis,Eurema boisduvaliana
Condylostylus longicornis,Eurema daira
Condylostylus longicornis,Eurema lisa
Condylostylus longicornis,Ganyra josephina
Condylostylus longicornis,Glutophrissa drusilla
Condylostylus longicornis,Gorgythion begga
Condylostylus longicornis,Graphocephala apicata
Condylostylus longicornis,Graphocephala cythura
Condylostylus longicornis,Halictus ligatus
Condylostylus longicornis,Hamadryas februa
Condylostylus longicornis,Hamadryas guatemalena
Condylostylus longicornis,Heliconius charithonia
Condylostylus longicornis,Heliopetes laviana
Condylostylus longicornis,Heliopetes macaira
Condylostylus longicornis,Hetaerina americana
Condylostylus longicornis,Heterogramma circumflexalis
Condylostylus longicornis,Hoodus pelopidas
Condylostylus longicornis,Hortensia similis
Condylostylus longicornis,Hylephila phyleus
Condylostylus longicornis,Ischnura hastata
Condylostylus longicornis,Junonia pacoma
Condylostylus longicornis,Kricogonia lyside
Condylostylus longicornis,Largus cinctus
Condylostylus longicornis,Leptotes theonus
Condylostylus longicornis,Lerodea eufala
Condylostylus longicornis,Libytheana carinenta
Condylostylus longicornis,Lucilia cuprina
Condylostylus longicornis,Lycaena cyna
Condylostylus longicornis,Macaria abydata
Condylostylus longicornis,Megalorhipida leucodactylus
Condylostylus longicornis,Megalostomis pyropyga
Condylostylus longicornis,Mestra amymone
Condylostylus longicornis,Miathyria marcella
Condylostylus longicornis,Micrathyria didyma
Condylostylus longicornis,Monomorium pharaonis
Condylostylus longicornis,Nectopsyche candida
Condylostylus longicornis,Neocoelidia pallida
Condylostylus longicornis,Oarisma minima
Condylostylus longicornis,Ocyptamus dimidiatus
Condylostylus longicornis,Ornidia obesa
Condylostylus longicornis,Orthemis discolor
Condylostylus longicornis,Orthemis ferruginea
Condylostylus longicornis,Palpada furcata
Condylostylus longicornis,Papilio rumiko
Condylostylus longicornis,Paratettix aztecus
Condylostylus longicornis,Phoebis agarithe
Condylostylus longicornis,Phyciodes picta
Condylostylus longicornis,Phylloicus aeneus
Condylostylus longicornis,Plodia interpunctella
Condylostylus longicornis,Polistes dorsalis
Condylostylus longicornis,Polites vibex
Condylostylus longicornis,Polybia occidentalis
Condylostylus longicornis,Pseudoleon superbus
Condylostylus longicornis,Pyrgus oileus
Condylostylus longicornis,Pyrisitia proterpia
Condylostylus longicornis,Sinea diadema
Condylostylus longicornis,Siproeta stelenes
Condylostylus longicornis,Smicridea fasciatella
Condylostylus longicornis,Smyrna blomfildia
Condylostylus longicornis,Staphylus mazans
Condylostylus longicornis,Strymon albata
Condylostylus longicornis,Supella longipalpa
Condylostylus longicornis,Taphroscelidia linearis
Condylostylus longicornis,Telebasis salva
Condylostylus longicornis,Thecla rufofusca
Condylostylus longicornis,Timochares ruptifasciata
Condylostylus longicornis,Tmolus echion
Condylostylus longicornis,Tripudia quadrifera
Condylostylus longicornis,Tropisternus collaris
Condylostylus longicornis,Umbonia crassicornis
Condylostylus longicornis,Urbanus dorantes
Condylostylus longicornis,Urbanus procne
Condylostylus longicornis,Urbanus proteus
Condylostylus longicornis,Utetheisa ornatrix
Condylostylus longicornis,Xylocopa fimbriata
Condylostylus longicornis,Zelus tetracanthus
Conocephalus ictus,Corythucha marmorata
Conocephalus ictus,Cryptocephalus irroratus
Conocephalus ictus,Cycloneda sanguinea
Conocephalus ictus,Danaus eresimus
Conocephalus ictus,Danaus gilippus
Conocephalus ictus,Dichromorpha prominula
Conocephalus ictus,Dicymolomia julianalis
Conocephalus ictus,Dielis tolteca
Conocephalus ictus,Dione vanillae
Conocephalus ictus,Dioprosopa clavatus
Conocephalus ictus,Doxocopa laure
Conocephalus ictus,Dryas iulia
Conocephalus ictus,Dythemis nigrescens
Conocephalus ictus,Dythemis sterilis
Conocephalus ictus,Echelatus sempiternus
Conocephalus ictus,Echinargus isola
Conocephalus ictus,Elkalyce texana
Conocephalus ictus,Ellipes minuta
Conocephalus ictus,Emesaya brevipennis
Conocephalus ictus,Epeiromulona hamata
Conocephalus ictus,Euptoieta hegesia
Conocephalus ictus,Eurema boisduvaliana
Conocephalus ictus,Eurema daira
Conocephalus ictus,Eurema lisa
Conocephalus ictus,Ganyra josephina
Conocephalus ictus,Glutophrissa drusilla
Conocephalus ictus,Gorgythion begga
Conocephalus ictus,Graphocephala apicata
Conocephalus ictus,Graphocephala cythura
Conocephalus ictus,Halictus ligatus
Conocephalus ictus,Hamadryas februa
Conocephalus ictus,Hamadryas guatemalena
Conocephalus ictus,Heliconius charithonia
Conocephalus ictus,Heliopetes laviana
Conocephalus ictus,Heliopetes macaira
Conocephalus ictus,Hetaerina americana
Conocephalus ictus,Heterogramma circumflexalis
Conocephalus ictus,Hoodus pelopidas
Conocephalus ictus,Hortensia similis
Conocephalus ictus,Hylephila phyleus
Conocephalus ictus,Ischnura hastata
Conocephalus ictus,Junonia pacoma
Conocephalus ictus,Kricogonia lyside
Conocephalus ictus,Largus cinctus
Conocephalus ictus,Leptotes theonus
Conocephalus ictus,Lerodea eufala
Conocephalus ictus,Libytheana carinenta
Conocephalus ictus,Lucilia cuprina
Conocephalus ictus,Lycaena cyna
Conocephalus ictus,Macaria abydata
Conocephalus ictus,Megalorhipida leucodactylus
Conocephalus ictus,Megalostomis pyropyga
Conocephalus ictus,Mestra amymone
Conocephalus ictus,Miathyria marcella
Conocephalus ictus,Micrathyria didyma
Conocephalus ictus,Monomorium pharaonis
Conocephalus ictus,Nectopsyche candida
Conocephalus ictus,Neocoelidia pallida
Conocephalus ictus,Oarisma minima
Conocephalus ictus,Ocyptamus dimidiatus
Conocephalus ictus,Ornidia obesa
Conocephalus ictus,Orthemis discolor
Conocephalus ictus,Orthemis ferruginea
Conocephalus ictus,Palpada furcata
Conocephalus ictus,Papilio rumiko
Conocephalus ictus,Paratettix aztecus
Conocephalus ictus,Phoebis agarithe
Conocephalus ictus,Phyciodes picta
Conocephalus ictus,Phylloicus aeneus
Conocephalus ictus,Plodia interpunctella
Conocephalus ictus,Polistes dorsalis
Conocephalus ictus,Polites vibex
Conocephalus ictus,Polybia occidentalis
Conocephalus ictus,Pseudoleon superbus
Conocephalus ictus,Pyrgus oileus
Conocephalus ictus,Pyrisitia proterpia
Conocephalus ictus,Sinea diadema
Conocephalus ictus,Siproeta stelenes
Conocephalus ictus,Smicridea fasciatella
Conocephalus ictus,Smyrna blomfildia
Conocephalus ictus,Staphylus mazans
Conocephalus ictus,Strymon albata
Conocephalus ictus,Supella longipalpa
Conocephalus ictus,Taphroscelidia linearis
Conocephalus ictus,Telebasis salva
Conocephalus ictus,Thecla rufofusca
Conocephalus ictus,Timochares ruptifasciata
Conocephalus ictus,Tmolus echion
Conocephalus ictus,Tripudia quadrifera
Conocephalus ictus,Tropisternus collaris
Conocephalus ictus,Umbonia crassicornis
Conocephalus ictus,Urbanus dorantes
Conocephalus ictus,Urbanus procne
Conocephalus ictus,Urbanus proteus
Conocephalus ictus,Utetheisa ornatrix
Conocephalus ictus,Xylocopa fimbriata
Conocephalus ictus,Zelus tetracanthus
Corythucha marmorata,Cryptocephalus irroratus
Corythucha marmorata,Cycloneda sanguinea
Corythucha marmorata,Danaus eresimus
Corythucha marmorata,Danaus gilippus
Corythucha marmorata,Dichromorpha prominula
Corythucha marmorata,Dicymolomia julianalis
Corythucha marmorata,Dielis tolteca
Corythucha marmorata,Dione vanillae
Corythucha marmorata,Dioprosopa clavatus
Corythucha marmorata,Doxocopa laure
Corythucha marmorata,Dryas iulia
Corythucha marmorata,Dythemis nigrescens
Corythucha marmorata,Dythemis sterilis
Corythucha marmorata,Echelatus sempiternus
Corythucha marmorata,Echinargus isola
Corythucha marmorata,Elkalyce texana
Corythucha marmorata,Ellipes minuta
Corythucha marmorata,Emesaya brevipennis
Corythucha marmorata,Epeiromulona hamata
Corythucha marmorata,Euptoieta hegesia
Corythucha marmorata,Eurema boisduvaliana
Corythucha marmorata,Eurema daira
Corythucha marmorata,Eurema lisa
Corythucha marmorata,Ganyra josephina
Corythucha marmorata,Glutophrissa drusilla
Corythucha marmorata,Gorgythion begga
Corythucha marmorata,Graphocephala apicata
Corythucha marmorata,Graphocephala cythura
Corythucha marmorata,Halictus ligatus
Corythucha marmorata,Hamadryas februa
Corythucha marmorata,Hamadryas guatemalena
Corythucha marmorata,Heliconius charithonia
Corythucha marmorata,Heliopetes laviana
Corythucha marmorata,Heliopetes macaira
Corythucha marmorata,Hetaerina americana
Corythucha marmorata,Heterogramma circumflexalis
Corythucha marmorata,Hoodus pelopidas
Corythucha marmorata,Hortensia similis
Corythucha marmorata,Hylephila phyleus
Corythucha marmorata,Ischnura hastata
Corythucha marmorata,Junonia pacoma
Corythucha marmorata,Kricogonia lyside
Corythucha marmorata,Largus cinctus
Corythucha marmorata,Leptotes theonus
Corythucha marmorata,Lerodea eufala
Corythucha marmorata,Libytheana carinenta
Corythucha marmorata,Lucilia cuprina
Corythucha marmorata,Lycaena cyna
Corythucha marmorata,Macaria abydata
Corythucha marmorata,Megalorhipida leucodactylus
Corythucha marmorata,Megalostomis pyropyga
Corythucha marmorata,Mestra amymone
Corythucha marmorata,Miathyria marcella
Corythucha marmorata,Micrathyria didyma
Corythucha marmorata,Monomorium pharaonis
Corythucha marmorata,Nectopsyche candida
Corythucha marmorata,Neocoelidia pallida
Corythucha marmorata,Oarisma minima
Corythucha marmorata,Ocyptamus dimidiatus
Corythucha marmorata,Ornidia obesa
Corythucha marmorata,Orthemis discolor
Corythucha marmorata,Orthemis ferruginea
Corythucha marmorata,Palpada furcata
Corythucha marmorata,Papilio rumiko
Corythucha marmorata,Paratettix aztecus
Corythucha marmorata,Phoebis agarithe
Corythucha marmorata,Phyciodes picta
Corythucha marmorata,Phylloicus aeneus
Corythucha marmorata,Plodia interpunctella
Corythucha marmorata,Polistes dorsalis
Corythucha marmorata,Polites vibex
Corythucha marmorata,Polybia occidentalis
Corythucha marmorata,Pseudoleon superbus
Corythucha marmorata,Pyrgus oileus
Corythucha marmorata,Pyrisitia proterpia
Corythucha marmorata,Sinea diadema
Corythucha marmorata,Siproeta stelenes
Corythucha marmorata,Smicridea fasciatella
Corythucha marmorata,Smyrna blomfildia
Corythucha marmorata,Staphylus mazans
Corythucha marmorata,Strymon albata
Corythucha marmorata,Supella longipalpa
Corythucha marmorata,Taphroscelidia linearis
Corythucha marmorata,Telebasis salva
Corythucha marmorata,Thecla rufofusca
Corythucha marmorata,Timochares ruptifasciata
Corythucha marmorata,Tmolus echion
Corythucha marmorata,Tripudia quadrifera
Corythucha marmorata,Tropisternus collaris
Corythucha marmorata,Umbonia crassicornis
Corythucha marmorata,Urbanus dorantes
Corythucha marmorata,Urbanus procne
Corythucha marmorata,Urbanus proteus
Corythucha marmorata,Utetheisa ornatrix
Corythucha marmorata,Xylocopa fimbriata
Corythucha marmorata,Zelus tetracanthus
Cryptocephalus irroratus,Cycloneda sanguinea
Cryptocephalus irroratus,Danaus eresimus
Cryptocephalus irroratus,Danaus gilippus
Cryptocephalus irroratus,Dichromorpha prominula
Cryptocephalus irroratus,Dicymolomia julianalis
Cryptocephalus irroratus,Dielis tolteca
Cryptocephalus irroratus,Dione vanillae
Cryptocephalus irroratus,Dioprosopa clavatus
Cryptocephalus irroratus,Doxocopa laure
Cryptocephalus irroratus,Dryas iulia
Cryptocephalus irroratus,Dythemis nigrescens
Cryptocephalus irroratus,Dythemis sterilis
Cryptocephalus irroratus,Echelatus sempiternus
Cryptocephalus irroratus,Echinargus isola
Cryptocephalus irroratus,Elkalyce texana
Cryptocephalus irroratus,Ellipes minuta
Cryptocephalus irroratus,Emesaya brevipennis
Cryptocephalus irroratus,Epeiromulona hamata
Cryptocephalus irroratus,Euptoieta hegesia
Cryptocephalus irroratus,Eurema boisduvaliana
Cryptocephalus irroratus,Eurema daira
Cryptocephalus irroratus,Eurema lisa
Cryptocephalus irroratus,Ganyra josephina
Cryptocephalus irroratus,Glutophrissa drusilla
Cryptocephalus irroratus,Gorgythion begga
Cryptocephalus irroratus,Graphocephala apicata
Cryptocephalus irroratus,Graphocephala cythura
Cryptocephalus irroratus,Halictus ligatus
Cryptocephalus irroratus,Hamadryas februa
Cryptocephalus irroratus,Hamadryas guatemalena
Cryptocephalus irroratus,Heliconius charithonia
Cryptocephalus irroratus,Heliopetes laviana
Cryptocephalus irroratus,Heliopetes macaira
Cryptocephalus irroratus,Hetaerina americana
Cryptocephalus irroratus,Heterogramma circumflexalis
Cryptocephalus irroratus,Hoodus pelopidas
Cryptocephalus irroratus,Hortensia similis
Cryptocephalus irroratus,Hylephila phyleus
Cryptocephalus irroratus,Ischnura hastata
Cryptocephalus irroratus,Junonia pacoma
Cryptocephalus irroratus,Kricogonia lyside
Cryptocephalus irroratus,Largus cinctus
Cryptocephalus irroratus,Leptotes theonus
Cryptocephalus irroratus,Lerodea eufala
Cryptocephalus irroratus,Libytheana carinenta
Cryptocephalus irroratus,Lucilia cuprina
Cryptocephalus irroratus,Lycaena cyna
Cryptocephalus irroratus,Macaria abydata
Cryptocephalus irroratus,Megalorhipida leucodactylus
Cryptocephalus irroratus,Megalostomis pyropyga
Cryptocephalus irroratus,Mestra amymone
Cryptocephalus irroratus,Miathyria marcella
Cryptocephalus irroratus,Micrathyria didyma
Cryptocephalus irroratus,Monomorium pharaonis
Cryptocephalus irroratus,Nectopsyche candida
Cryptocephalus irroratus,Neocoelidia pallida
Cryptocephalus irroratus,Oarisma minima
Cryptocephalus irroratus,Ocyptamus dimidiatus
Cryptocephalus irroratus,Ornidia obesa
Cryptocephalus irroratus,Orthemis discolor
Cryptocephalus irroratus,Orthemis ferruginea
Cryptocephalus irroratus,Palpada furcata
Cryptocephalus irroratus,Papilio rumiko
Cryptocephalus irroratus,Paratettix aztecus
Cryptocephalus irroratus,Phoebis agarithe
Cryptocephalus irroratus,Phyciodes picta
Cryptocephalus irroratus,Phylloicus aeneus
Cryptocephalus irroratus,Plodia interpunctella
Cryptocephalus irroratus,Polistes dorsalis
Cryptocephalus irroratus,Polites vibex
Cryptocephalus irroratus,Polybia occidentalis
Cryptocephalus irroratus,Pseudoleon superbus
Cryptocephalus irroratus,Pyrgus oileus
Cryptocephalus irroratus,Pyrisitia proterpia
Cryptocephalus irroratus,Sinea diadema
Cryptocephalus irroratus,Siproeta stelenes
Cryptocephalus irroratus,Smicridea fasciatella
Cryptocephalus irroratus,Smyrna blomfildia
Cryptocephalus irroratus,Staphylus mazans
Cryptocephalus irroratus,Strymon albata
Cryptocephalus irroratus,Supella longipalpa
Cryptocephalus irroratus,Taphroscelidia linearis
Cryptocephalus irroratus,Telebasis salva
Cryptocephalus irroratus,Thecla rufofusca
Cryptocephalus irroratus,Timochares ruptifasciata
Cryptocephalus irroratus,Tmolus echion
Cryptocephalus irroratus,Tripudia quadrifera
Cryptocephalus irroratus,Tropisternus collaris
Cryptocephalus irroratus,Umbonia crassicornis
Cryptocephalus irroratus,Urbanus dorantes
Cryptocephalus irroratus,Urbanus procne
Cryptocephalus irroratus,Urbanus proteus
Cryptocephalus irroratus,Utetheisa ornatrix
Cryptocephalus irroratus,Xylocopa fimbriata
Cryptocephalus irroratus,Zelus tetracanthus
Cycloneda sanguinea,Danaus eresimus
Cycloneda sanguinea,Danaus gilippus
Cycloneda sanguinea,Dichromorpha prominula
Cycloneda sanguinea,Dicymolomia julianalis
Cycloneda sanguinea,Dielis tolteca
Cycloneda sanguinea,Dione vanillae
Cycloneda sanguinea,Dioprosopa clavatus
Cycloneda sanguinea,Doxocopa laure
Cycloneda sanguinea,Dryas iulia
Cycloneda sanguinea,Dythemis nigrescens
Cycloneda sanguinea,Dythemis sterilis
Cycloneda sanguinea,Echelatus sempiternus
Cycloneda sanguinea,Echinargus isola
Cycloneda sanguinea,Elkalyce texana
Cycloneda sanguinea,Ellipes minuta
Cycloneda sanguinea,Emesaya brevipennis
Cycloneda sanguinea,Epeiromulona hamata
Cycloneda sanguinea,Euptoieta hegesia
Cycloneda sanguinea,Eurema boisduvaliana
Cycloneda sanguinea,Eurema daira
Cycloneda sanguinea,Eurema lisa
Cycloneda sanguinea,Ganyra josephina
Cycloneda sanguinea,Glutophrissa drusilla
Cycloneda sanguinea,Gorgythion begga
Cycloneda sanguinea,Graphocephala apicata
Cycloneda sanguinea,Graphocephala cythura
Cycloneda sanguinea,Halictus ligatus
Cycloneda sanguinea,Hamadryas februa
Cycloneda sanguinea,Hamadryas guatemalena
Cycloneda sanguinea,Heliconius charithonia
Cycloneda sanguinea,Heliopetes laviana
Cycloneda sanguinea,Heliopetes macaira
Cycloneda sanguinea,Hetaerina americana
Cycloneda sanguinea,Heterogramma circumflexalis
Cycloneda sanguinea,Hoodus pelopidas
Cycloneda sanguinea,Hortensia similis
Cycloneda sanguinea,Hylephila phyleus
Cycloneda sanguinea,Ischnura hastata
Cycloneda sanguinea,Junonia pacoma
Cycloneda sanguinea,Kricogonia lyside
Cycloneda sanguinea,Largus cinctus
Cycloneda sanguinea,Leptotes theonus
Cycloneda sanguinea,Lerodea eufala
Cycloneda sanguinea,Libytheana carinenta
Cycloneda sanguinea,Lucilia cuprina
Cycloneda sanguinea,Lycaena cyna
Cycloneda sanguinea,Macaria abydata
Cycloneda sanguinea,Megalorhipida leucodactylus
Cycloneda sanguinea,Megalostomis pyropyga
Cycloneda sanguinea,Mestra amymone
Cycloneda sanguinea,Miathyria marcella
Cycloneda sanguinea,Micrathyria didyma
Cycloneda sanguinea,Monomorium pharaonis
Cycloneda sanguinea,Nectopsyche candida
Cycloneda sanguinea,Neocoelidia pallida
Cycloneda sanguinea,Oarisma minima
Cycloneda sanguinea,Ocyptamus dimidiatus
Cycloneda sanguinea,Ornidia obesa
Cycloneda sanguinea,Orthemis discolor
Cycloneda sanguinea,Orthemis ferruginea
Cycloneda sanguinea,Palpada furcata
Cycloneda sanguinea,Papilio rumiko
Cycloneda sanguinea,Paratettix aztecus
Cycloneda sanguinea,Phoebis agarithe
Cycloneda sanguinea,Phyciodes picta
Cycloneda sanguinea,Phylloicus aeneus
Cycloneda sanguinea,Plodia interpunctella
Cycloneda sanguinea,Polistes dorsalis
Cycloneda sanguinea,Polites vibex
Cycloneda sanguinea,Polybia occidentalis
Cycloneda sanguinea,Pseudoleon superbus
Cycloneda sanguinea,Pyrgus oileus
Cycloneda sanguinea,Pyrisitia proterpia
Cycloneda sanguinea,Sinea diadema
Cycloneda sanguinea,Siproeta stelenes
Cycloneda sanguinea,Smicridea fasciatella
Cycloneda sanguinea,Smyrna blomfildia
Cycloneda sanguinea,Staphylus mazans
Cycloneda sanguinea,Strymon albata
Cycloneda sanguinea,Supella longipalpa
Cycloneda sanguinea,Taphroscelidia linearis
Cycloneda sanguinea,Telebasis salva
Cycloneda sanguinea,Thecla rufofusca
Cycloneda sanguinea,Timochares ruptifasciata
Cycloneda sanguinea,Tmolus echion
Cycloneda sanguinea,Tripudia quadrifera
Cycloneda sanguinea,Tropisternus collaris
Cycloneda sanguinea,Umbonia crassicornis
Cycloneda sanguinea,Urbanus dorantes
Cycloneda sanguinea,Urbanus procne
Cycloneda sanguinea,Urbanus proteus
Cycloneda sanguinea,Utetheisa ornatrix
Cycloneda sanguinea,Xylocopa fimbriata
Cycloneda sanguinea,Zelus tetracanthus
Danaus eresimus,Danaus gilippus
Danaus eresimus,Dichromorpha prominula
Danaus eresimus,Dicymolomia julianalis
Danaus eresimus,Dielis tolteca
Danaus eresimus,Dione vanillae
Danaus eresimus,Dioprosopa clavatus
Danaus eresimus,Doxocopa laure
Danaus eresimus,Dryas iulia
Danaus eresimus,Dythemis nigrescens
Danaus eresimus,Dythemis sterilis
Danaus eresimus,Echelatus sempiternus
Danaus eresimus,Echinargus isola
Danaus eresimus,Elkalyce texana
Danaus eresimus,Ellipes minuta
Danaus eresimus,Emesaya brevipennis
Danaus eresimus,Epeiromulona hamata
Danaus eresimus,Euptoieta hegesia
Danaus eresimus,Eurema boisduvaliana
Danaus eresimus,Eurema daira
Danaus eresimus,Eurema lisa
Danaus eresimus,Ganyra josephina
Danaus eresimus,Glutophrissa drusilla
Danaus eresimus,Gorgythion begga
Danaus eresimus,Graphocephala apicata
Danaus eresimus,Graphocephala cythura
Danaus eresimus,Halictus ligatus
Danaus eresimus,Hamadryas februa
Danaus eresimus,Hamadryas guatemalena
Danaus eresimus,Heliconius charithonia
Danaus eresimus,Heliopetes laviana
Danaus eresimus,Heliopetes macaira
Danaus eresimus,Hetaerina americana
Danaus eresimus,Heterogramma circumflexalis
Danaus eresimus,Hoodus pelopidas
Danaus eresimus,Hortensia similis
Danaus eresimus,Hylephila phyleus
Danaus eresimus,Ischnura hastata
Danaus eresimus,Junonia pacoma
Danaus eresimus,Kricogonia lyside
Danaus eresimus,Largus cinctus
Danaus eresimus,Leptotes theonus
Danaus eresimus,Lerodea eufala
Danaus eresimus,Libytheana carinenta
Danaus eresimus,Lucilia cuprina
Danaus eresimus,Lycaena cyna
Danaus eresimus,Macaria abydata
Danaus eresimus,Megalorhipida leucodactylus
Danaus eresimus,Megalostomis pyropyga
Danaus eresimus,Mestra amymone
Danaus eresimus,Miathyria marcella
Danaus eresimus,Micrathyria didyma
Danaus eresimus,Monomorium pharaonis
Danaus eresimus,Nectopsyche candida
Danaus eresimus,Neocoelidia pallida
Danaus eresimus,Oarisma minima
Danaus eresimus,Ocyptamus dimidiatus
Danaus eresimus,Ornidia obesa
Danaus eresimus,Orthemis discolor
Danaus eresimus,Orthemis ferruginea
Danaus eresimus,Palpada furcata
Danaus eresimus,Papilio rumiko
Danaus eresimus,Paratettix aztecus
Danaus eresimus,Phoebis agarithe
Danaus eresimus,Phyciodes picta
Danaus eresimus,Phylloicus aeneus
Danaus eresimus,Plodia interpunctella
Danaus eresimus,Polistes dorsalis
Danaus eresimus,Polites vibex
Danaus eresimus,Polybia occidentalis
Danaus eresimus,Pseudoleon superbus
Danaus eresimus,Pyrgus oileus
Danaus eresimus,Pyrisitia proterpia
Danaus eresimus,Sinea diadema
Danaus eresimus,Siproeta stelenes
Danaus eresimus,Smicridea fasciatella
Danaus eresimus,Smyrna blomfildia
Danaus eresimus,Staphylus mazans
Danaus eresimus,Strymon albata
Danaus eresimus,Supella longipalpa
Danaus eresimus,Taphroscelidia linearis
Danaus eresimus,Telebasis salva
Danaus eresimus,Thecla rufofusca
Danaus eresimus,Timochares ruptifasciata
Danaus eresimus,Tmolus echion
Danaus eresimus,Tripudia quadrifera
Danaus eresimus,Tropisternus collaris
Danaus eresimus,Umbonia crassicornis
Danaus eresimus,Urbanus dorantes
Danaus eresimus,Urbanus procne
Danaus eresimus,Urbanus proteus
Danaus eresimus,Utetheisa ornatrix
Danaus eresimus,Xylocopa fimbriata
Danaus eresimus,Zelus tetracanthus
Danaus gilippus,Dichromorpha prominula
Danaus gilippus,Dicymolomia julianalis
Danaus gilippus,Dielis tolteca
Danaus gilippus,Dione vanillae
Danaus gilippus,Dioprosopa clavatus
Danaus gilippus,Doxocopa laure
Danaus gilippus,Dryas iulia
Danaus gilippus,Dythemis nigrescens
Danaus gilippus,Dythemis sterilis
Danaus gilippus,Echelatus sempiternus
Danaus gilippus,Echinargus isola
Danaus gilippus,Elkalyce texana
Danaus gilippus,Ellipes minuta
Danaus gilippus,Emesaya brevipennis
Danaus gilippus,Epeiromulona hamata
Danaus gilippus,Euptoieta hegesia
Danaus gilippus,Eurema boisduvaliana
Danaus gilippus,Eurema daira
Danaus gilippus,Eurema lisa
Danaus gilippus,Ganyra josephina
Danaus gilippus,Glutophrissa drusilla
Danaus gilippus,Gorgythion begga
Danaus gilippus,Graphocephala apicata
Danaus gilippus,Graphocephala cythura
Danaus gilippus,Halictus ligatus
Danaus gilippus,Hamadryas februa
Danaus gilippus,Hamadryas guatemalena
Danaus gilippus,Heliconius charithonia
Danaus gilippus,Heliopetes laviana
Danaus gilippus,Heliopetes macaira
Danaus gilippus,Hetaerina americana
Danaus gilippus,Heterogramma circumflexalis
Danaus gilippus,Hoodus pelopidas
Danaus gilippus,Hortensia similis
Danaus gilippus,Hylephila phyleus
Danaus gilippus,Ischnura hastata
Danaus gilippus,Junonia pacoma
Danaus gilippus,Kricogonia lyside
Danaus gilippus,Largus cinctus
Danaus gilippus,Leptotes theonus
Danaus gilippus,Lerodea eufala
Danaus gilippus,Libytheana carinenta
Danaus gilippus,Lucilia cuprina
Danaus gilippus,Lycaena cyna
Danaus gilippus,Macaria abydata
Danaus gilippus,Megalorhipida leucodactylus
Danaus gilippus,Megalostomis pyropyga
Danaus gilippus,Mestra amymone
Danaus gilippus,Miathyria marcella
Danaus gilippus,Micrathyria didyma
Danaus gilippus,Monomorium pharaonis
Danaus gilippus,Nectopsyche candida
Danaus gilippus,Neocoelidia pallida
Danaus gilippus,Oarisma minima
Danaus gilippus,Ocyptamus dimidiatus
Danaus gilippus,Ornidia obesa
Danaus gilippus,Orthemis discolor
Danaus gilippus,Orthemis ferruginea
Danaus gilippus,Palpada furcata
Danaus gilippus,Papilio rumiko
Danaus gilippus,Paratettix aztecus
Danaus gilippus,Phoebis agarithe
Danaus gilippus,Phyciodes picta
Danaus gilippus,Phylloicus aeneus
Danaus gilippus,Plodia interpunctella
Danaus gilippus,Polistes dorsalis
Danaus gilippus,Polites vibex
Danaus gilippus,Polybia occidentalis
Danaus gilippus,Pseudoleon superbus
Danaus gilippus,Pyrgus oileus
Danaus gilippus,Pyrisitia proterpia
Danaus gilippus,Sinea diadema
Danaus gilippus,Siproeta stelenes
Danaus gilippus,Smicridea fasciatella
Danaus gilippus,Smyrna blomfildia
Danaus gilippus,Staphylus mazans
Danaus gilippus,Strymon albata
Danaus gilippus,Supella longipalpa
Danaus gilippus,Taphroscelidia linearis
Danaus gilippus,Telebasis salva
Danaus gilippus,Thecla rufofusca
Danaus gilippus,Timochares ruptifasciata
Danaus gilippus,Tmolus echion
Danaus gilippus,Tripudia quadrifera
Danaus gilippus,Tropisternus collaris
Danaus gilippus,Umbonia crassicornis
Danaus gilippus,Urbanus dorantes
Danaus gilippus,Urbanus procne
Danaus gilippus,Urbanus proteus
Danaus gilippus,Utetheisa ornatrix
Danaus gilippus,Xylocopa fimbriata
Danaus gilippus,Zelus tetracanthus
Dichromorpha prominula,Dicymolomia julianalis
Dichromorpha prominula,Dielis tolteca
Dichromorpha prominula,Dione vanillae
Dichromorpha prominula,Dioprosopa clavatus
Dichromorpha prominula,Doxocopa laure
Dichromorpha prominula,Dryas iulia
Dichromorpha prominula,Dythemis nigrescens
Dichromorpha prominula,Dythemis sterilis
Dichromorpha prominula,Echelatus sempiternus
Dichromorpha prominula,Echinargus isola
Dichromorpha prominula,Elkalyce texana
Dichromorpha prominula,Ellipes minuta
Dichromorpha prominula,Emesaya brevipennis
Dichromorpha prominula,Epeiromulona hamata
Dichromorpha prominula,Euptoieta hegesia
Dichromorpha prominula,Eurema boisduvaliana
Dichromorpha prominula,Eurema daira
Dichromorpha prominula,Eurema lisa
Dichromorpha prominula,Ganyra josephina
Dichromorpha prominula,Glutophrissa drusilla
Dichromorpha prominula,Gorgythion begga
Dichromorpha prominula,Graphocephala apicata
Dichromorpha prominula,Graphocephala cythura
Dichromorpha prominula,Halictus ligatus
Dichromorpha prominula,Hamadryas februa
Dichromorpha prominula,Hamadryas guatemalena
Dichromorpha prominula,Heliconius charithonia
Dichromorpha prominula,Heliopetes laviana
Dichromorpha prominula,Heliopetes macaira
Dichromorpha prominula,Hetaerina americana
Dichromorpha prominula,Heterogramma circumflexalis
Dichromorpha prominula,Hoodus pelopidas
Dichromorpha prominula,Hortensia similis
Dichromorpha prominula,Hylephila phyleus
Dichromorpha prominula,Ischnura hastata
Dichromorpha prominula,Junonia pacoma
Dichromorpha prominula,Kricogonia lyside
Dichromorpha prominula,Largus cinctus
Dichromorpha prominula,Leptotes theonus
Dichromorpha prominula,Lerodea eufala
Dichromorpha prominula,Libytheana carinenta
Dichromorpha prominula,Lucilia cuprina
Dichromorpha prominula,Lycaena cyna
Dichromorpha prominula,Macaria abydata
Dichromorpha prominula,Megalorhipida leucodactylus
Dichromorpha prominula,Megalostomis pyropyga
Dichromorpha prominula,Mestra amymone
Dichromorpha prominula,Miathyria marcella
Dichromorpha prominula,Micrathyria didyma
Dichromorpha prominula,Monomorium pharaonis
Dichromorpha prominula,Nectopsyche candida
Dichromorpha prominula,Neocoelidia pallida
Dichromorpha prominula,Oarisma minima
Dichromorpha prominula,Ocyptamus dimidiatus
Dichromorpha prominula,Ornidia obesa
Dichromorpha prominula,Orthemis discolor
Dichromorpha prominula,Orthemis ferruginea
Dichromorpha prominula,Palpada furcata
Dichromorpha prominula,Papilio rumiko
Dichromorpha prominula,Paratettix aztecus
Dichromorpha prominula,Phoebis agarithe
Dichromorpha prominula,Phyciodes picta
Dichromorpha prominula,Phylloicus aeneus
Dichromorpha prominula,Plodia interpunctella
Dichromorpha prominula,Polistes dorsalis
Dichromorpha prominula,Polites vibex
Dichromorpha prominula,Polybia occidentalis
Dichromorpha prominula,Pseudoleon superbus
Dichromorpha prominula,Pyrgus oileus
Dichromorpha prominula,Pyrisitia proterpia
Dichromorpha prominula,Sinea diadema
Dichromorpha prominula,Siproeta stelenes
Dichromorpha prominula,Smicridea fasciatella
Dichromorpha prominula,Smyrna blomfildia
Dichromorpha prominula,Staphylus mazans
Dichromorpha prominula,Strymon albata
Dichromorpha prominula,Supella longipalpa
Dichromorpha prominula,Taphroscelidia linearis
Dichromorpha prominula,Telebasis salva
Dichromorpha prominula,Thecla rufofusca
Dichromorpha prominula,Timochares ruptifasciata
Dichromorpha prominula,Tmolus echion
Dichromorpha prominula,Tripudia quadrifera
Dichromorpha prominula,Tropisternus collaris
Dichromorpha prominula,Umbonia crassicornis
Dichromorpha prominula,Urbanus dorantes
Dichromorpha prominula,Urbanus procne
Dichromorpha prominula,Urbanus proteus
Dichromorpha prominula,Utetheisa ornatrix
Dichromorpha prominula,Xylocopa fimbriata
Dichromorpha prominula,Zelus tetracanthus
Dicymolomia julianalis,Dielis tolteca
Dicymolomia julianalis,Dione vanillae
Dicymolomia julianalis,Dioprosopa clavatus
Dicymolomia julianalis,Doxocopa laure
Dicymolomia julianalis,Dryas iulia
Dicymolomia julianalis,Dythemis nigrescens
Dicymolomia julianalis,Dythemis sterilis
Dicymolomia julianalis,Echelatus sempiternus
Dicymolomia julianalis,Echinargus isola
Dicymolomia julianalis,Elkalyce texana
Dicymolomia julianalis,Ellipes minuta
Dicymolomia julianalis,Emesaya brevipennis
Dicymolomia julianalis,Epeiromulona hamata
Dicymolomia julianalis,Euptoieta hegesia
Dicymolomia julianalis,Eurema boisduvaliana
Dicymolomia julianalis,Eurema daira
Dicymolomia julianalis,Eurema lisa
Dicymolomia julianalis,Ganyra josephina
Dicymolomia julianalis,Glutophrissa drusilla
Dicymolomia julianalis,Gorgythion begga
Dicymolomia julianalis,Graphocephala apicata
Dicymolomia julianalis,Graphocephala cythura
Dicymolomia julianalis,Halictus ligatus
Dicymolomia julianalis,Hamadryas februa
Dicymolomia julianalis,Hamadryas guatemalena
Dicymolomia julianalis,Heliconius charithonia
Dicymolomia julianalis,Heliopetes laviana
Dicymolomia julianalis,Heliopetes macaira
Dicymolomia julianalis,Hetaerina americana
Dicymolomia julianalis,Heterogramma circumflexalis
Dicymolomia julianalis,Hoodus pelopidas
Dicymolomia julianalis,Hortensia similis
Dicymolomia julianalis,Hylephila phyleus
Dicymolomia julianalis,Ischnura hastata
Dicymolomia julianalis,Junonia pacoma
Dicymolomia julianalis,Kricogonia lyside
Dicymolomia julianalis,Largus cinctus
Dicymolomia julianalis,Leptotes theonus
Dicymolomia julianalis,Lerodea eufala
Dicymolomia julianalis,Libytheana carinenta
Dicymolomia julianalis,Lucilia cuprina
Dicymolomia julianalis,Lycaena cyna
Dicymolomia julianalis,Macaria abydata
Dicymolomia julianalis,Megalorhipida leucodactylus
Dicymolomia julianalis,Megalostomis pyropyga
Dicymolomia julianalis,Mestra amymone
Dicymolomia julianalis,Miathyria marcella
Dicymolomia julianalis,Micrathyria didyma
Dicymolomia julianalis,Monomorium pharaonis
Dicymolomia julianalis,Nectopsyche candida
Dicymolomia julianalis,Neocoelidia pallida
Dicymolomia julianalis,Oarisma minima
Dicymolomia julianalis,Ocyptamus dimidiatus
Dicymolomia julianalis,Ornidia obesa
Dicymolomia julianalis,Orthemis discolor
Dicymolomia julianalis,Orthemis ferruginea
Dicymolomia julianalis,Palpada furcata
Dicymolomia julianalis,Papilio rumiko
Dicymolomia julianalis,Paratettix aztecus
Dicymolomia julianalis,Phoebis agarithe
Dicymolomia julianalis,Phyciodes picta
Dicymolomia julianalis,Phylloicus aeneus
Dicymolomia julianalis,Plodia interpunctella
Dicymolomia julianalis,Polistes dorsalis
Dicymolomia julianalis,Polites vibex
Dicymolomia julianalis,Polybia occidentalis
Dicymolomia julianalis,Pseudoleon superbus
Dicymolomia julianalis,Pyrgus oileus
Dicymolomia julianalis,Pyrisitia proterpia
Dicymolomia julianalis,Sinea diadema
Dicymolomia julianalis,Siproeta stelenes
Dicymolomia julianalis,Smicridea fasciatella
Dicymolomia julianalis,Smyrna blomfildia
Dicymolomia julianalis,Staphylus mazans
Dicymolomia julianalis,Strymon albata
Dicymolomia julianalis,Supella longipalpa
Dicymolomia julianalis,Taphroscelidia linearis
Dicymolomia julianalis,Telebasis salva
Dicymolomia julianalis,Thecla rufofusca
Dicymolomia julianalis,Timochares ruptifasciata
Dicymolomia julianalis,Tmolus echion
Dicymolomia julianalis,Tripudia quadrifera
Dicymolomia julianalis,Tropisternus collaris
Dicymolomia julianalis,Umbonia crassicornis
Dicymolomia julianalis,Urbanus dorantes
Dicymolomia julianalis,Urbanus procne
Dicymolomia julianalis,Urbanus proteus
Dicymolomia julianalis,Utetheisa ornatrix
Dicymolomia julianalis,Xylocopa fimbriata
Dicymolomia julianalis,Zelus tetracanthus
Dielis tolteca,Dione vanillae
Dielis tolteca,Dioprosopa clavatus
Dielis tolteca,Doxocopa laure
Dielis tolteca,Dryas iulia
Dielis tolteca,Dythemis nigrescens
Dielis tolteca,Dythemis sterilis
Dielis tolteca,Echelatus sempiternus
Dielis tolteca,Echinargus isola
Dielis tolteca,Elkalyce texana
Dielis tolteca,Ellipes minuta
Dielis tolteca,Emesaya brevipennis
Dielis tolteca,Epeiromulona hamata
Dielis tolteca,Euptoieta hegesia
Dielis tolteca,Eurema boisduvaliana
Dielis tolteca,Eurema daira
Dielis tolteca,Eurema lisa
Dielis tolteca,Ganyra josephina
Dielis tolteca,Glutophrissa drusilla
Dielis tolteca,Gorgythion begga
Dielis tolteca,Graphocephala apicata
Dielis tolteca,Graphocephala cythura
Dielis tolteca,Halictus ligatus
Dielis tolteca,Hamadryas februa
Dielis tolteca,Hamadryas guatemalena
Dielis tolteca,Heliconius charithonia
Dielis tolteca,Heliopetes laviana
Dielis tolteca,Heliopetes macaira
Dielis tolteca,Hetaerina americana
Dielis tolteca,Heterogramma circumflexalis
Dielis tolteca,Hoodus pelopidas
Dielis tolteca,Hortensia similis
Dielis tolteca,Hylephila phyleus
Dielis tolteca,Ischnura hastata
Dielis tolteca,Junonia pacoma
Dielis tolteca,Kricogonia lyside
Dielis tolteca,Largus cinctus
Dielis tolteca,Leptotes theonus
Dielis tolteca,Lerodea eufala
Dielis tolteca,Libytheana carinenta
Dielis tolteca,Lucilia cuprina
Dielis tolteca,Lycaena cyna
Dielis tolteca,Macaria abydata
Dielis tolteca,Megalorhipida leucodactylus
Dielis tolteca,Megalostomis pyropyga
Dielis tolteca,Mestra amymone
Dielis tolteca,Miathyria marcella
Dielis tolteca,Micrathyria didyma
Dielis tolteca,Monomorium pharaonis
Dielis tolteca,Nectopsyche candida
Dielis tolteca,Neocoelidia pallida
Dielis tolteca,Oarisma minima
Dielis tolteca,Ocyptamus dimidiatus
Dielis tolteca,Ornidia obesa
Dielis tolteca,Orthemis discolor
Dielis tolteca,Orthemis ferruginea
Dielis tolteca,Palpada furcata
Dielis tolteca,Papilio rumiko
Dielis tolteca,Paratettix aztecus
Dielis tolteca,Phoebis agarithe
Dielis tolteca,Phyciodes picta
Dielis tolteca,Phylloicus aeneus
Dielis tolteca,Plodia interpunctella
Dielis tolteca,Polistes dorsalis
Dielis tolteca,Polites vibex
Dielis tolteca,Polybia occidentalis
Dielis tolteca,Pseudoleon superbus
Dielis tolteca,Pyrgus oileus
Dielis tolteca,Pyrisitia proterpia
Dielis tolteca,Sinea diadema
Dielis tolteca,Siproeta stelenes
Dielis tolteca,Smicridea fasciatella
Dielis tolteca,Smyrna blomfildia
Dielis tolteca,Staphylus mazans
Dielis tolteca,Strymon albata
Dielis tolteca,Supella longipalpa
Dielis tolteca,Taphroscelidia linearis
Dielis tolteca,Telebasis salva
Dielis tolteca,Thecla rufofusca
Dielis tolteca,Timochares ruptifasciata
Dielis tolteca,Tmolus echion
Dielis tolteca,Tripudia quadrifera
Dielis tolteca,Tropisternus collaris
Dielis tolteca,Umbonia crassicornis
Dielis tolteca,Urbanus dorantes
Dielis tolteca,Urbanus procne
Dielis tolteca,Urbanus proteus
Dielis tolteca,Utetheisa ornatrix
Dielis tolteca,Xylocopa fimbriata
Dielis tolteca,Zelus tetracanthus
Dione vanillae,Dioprosopa clavatus
Dione vanillae,Doxocopa laure
Dione vanillae,Dryas iulia
Dione vanillae,Dythemis nigrescens
Dione vanillae,Dythemis sterilis
Dione vanillae,Echelatus sempiternus
Dione vanillae,Echinargus isola
Dione vanillae,Elkalyce texana
Dione vanillae,Ellipes minuta
Dione vanillae,Emesaya brevipennis
Dione vanillae,Epeiromulona hamata
Dione vanillae,Euptoieta hegesia
Dione vanillae,Eurema boisduvaliana
Dione vanillae,Eurema daira
Dione vanillae,Eurema lisa
Dione vanillae,Ganyra josephina
Dione vanillae,Glutophrissa drusilla
Dione vanillae,Gorgythion begga
Dione vanillae,Graphocephala apicata
Dione vanillae,Graphocephala cythura
Dione vanillae,Halictus ligatus
Dione vanillae,Hamadryas februa
Dione vanillae,Hamadryas guatemalena
Dione vanillae,Heliconius charithonia
Dione vanillae,Heliopetes laviana
Dione vanillae,Heliopetes macaira
Dione vanillae,Hetaerina americana
Dione vanillae,Heterogramma circumflexalis
Dione vanillae,Hoodus pelopidas
Dione vanillae,Hortensia similis
Dione vanillae,Hylephila phyleus
Dione vanillae,Ischnura hastata
Dione vanillae,Junonia pacoma
Dione vanillae,Kricogonia lyside
Dione vanillae,Largus cinctus
Dione vanillae,Leptotes theonus
Dione vanillae,Lerodea eufala
Dione vanillae,Libytheana carinenta
Dione vanillae,Lucilia cuprina
Dione vanillae,Lycaena cyna
Dione vanillae,Macaria abydata
Dione vanillae,Megalorhipida leucodactylus
Dione vanillae,Megalostomis pyropyga
Dione vanillae,Mestra amymone
Dione vanillae,Miathyria marcella
Dione vanillae,Micrathyria didyma
Dione vanillae,Monomorium pharaonis
Dione vanillae,Nectopsyche candida
Dione vanillae,Neocoelidia pallida
Dione vanillae,Oarisma minima
Dione vanillae,Ocyptamus dimidiatus
Dione vanillae,Ornidia obesa
Dione vanillae,Orthemis discolor
Dione vanillae,Orthemis ferruginea
Dione vanillae,Palpada furcata
Dione vanillae,Papilio rumiko
Dione vanillae,Paratettix aztecus
Dione vanillae,Phoebis agarithe
Dione vanillae,Phyciodes picta
Dione vanillae,Phylloicus aeneus
Dione vanillae,Plodia interpunctella
Dione vanillae,Polistes dorsalis
Dione vanillae,Polites vibex
Dione vanillae,Polybia occidentalis
Dione vanillae,Pseudoleon superbus
Dione vanillae,Pyrgus oileus
Dione vanillae,Pyrisitia proterpia
Dione vanillae,Sinea diadema
Dione vanillae,Siproeta stelenes
Dione vanillae,Smicridea fasciatella
Dione vanillae,Smyrna blomfildia
Dione vanillae,Staphylus mazans
Dione vanillae,Strymon albata
Dione vanillae,Supella longipalpa
Dione vanillae,Taphroscelidia linearis
Dione vanillae,Telebasis salva
Dione vanillae,Thecla rufofusca
Dione vanillae,Timochares ruptifasciata
Dione vanillae,Tmolus echion
Dione vanillae,Tripudia quadrifera
Dione vanillae,Tropisternus collaris
Dione vanillae,Umbonia crassicornis
Dione vanillae,Urbanus dorantes
Dione vanillae,Urbanus procne
Dione vanillae,Urbanus proteus
Dione vanillae,Utetheisa ornatrix
Dione vanillae,Xylocopa fimbriata
Dione vanillae,Zelus tetracanthus
Dioprosopa clavatus,Doxocopa laure
Dioprosopa clavatus,Dryas iulia
Dioprosopa clavatus,Dythemis nigrescens
Dioprosopa clavatus,Dythemis sterilis
Dioprosopa clavatus,Echelatus sempiternus
Dioprosopa clavatus,Echinargus isola
Dioprosopa clavatus,Elkalyce texana
Dioprosopa clavatus,Ellipes minuta
Dioprosopa clavatus,Emesaya brevipennis
Dioprosopa clavatus,Epeiromulona hamata
Dioprosopa clavatus,Euptoieta hegesia
Dioprosopa clavatus,Eurema boisduvaliana
Dioprosopa clavatus,Eurema daira
Dioprosopa clavatus,Eurema lisa
Dioprosopa clavatus,Ganyra josephina
Dioprosopa clavatus,Glutophrissa drusilla
Dioprosopa clavatus,Gorgythion begga
Dioprosopa clavatus,Graphocephala apicata
Dioprosopa clavatus,Graphocephala cythura
Dioprosopa clavatus,Halictus ligatus
Dioprosopa clavatus,Hamadryas februa
Dioprosopa clavatus,Hamadryas guatemalena
Dioprosopa clavatus,Heliconius charithonia
Dioprosopa clavatus,Heliopetes laviana
Dioprosopa clavatus,Heliopetes macaira
Dioprosopa clavatus,Hetaerina americana
Dioprosopa clavatus,Heterogramma circumflexalis
Dioprosopa clavatus,Hoodus pelopidas
Dioprosopa clavatus,Hortensia similis
Dioprosopa clavatus,Hylephila phyleus
Dioprosopa clavatus,Ischnura hastata
Dioprosopa clavatus,Junonia pacoma
Dioprosopa clavatus,Kricogonia lyside
Dioprosopa clavatus,Largus cinctus
Dioprosopa clavatus,Leptotes theonus
Dioprosopa clavatus,Lerodea eufala
Dioprosopa clavatus,Libytheana carinenta
Dioprosopa clavatus,Lucilia cuprina
Dioprosopa clavatus,Lycaena cyna
Dioprosopa clavatus,Macaria abydata
Dioprosopa clavatus,Megalorhipida leucodactylus
Dioprosopa clavatus,Megalostomis pyropyga
Dioprosopa clavatus,Mestra amymone
Dioprosopa clavatus,Miathyria marcella
Dioprosopa clavatus,Micrathyria didyma
Dioprosopa clavatus,Monomorium pharaonis
Dioprosopa clavatus,Nectopsyche candida
Dioprosopa clavatus,Neocoelidia pallida
Dioprosopa clavatus,Oarisma minima
Dioprosopa clavatus,Ocyptamus dimidiatus
Dioprosopa clavatus,Ornidia obesa
Dioprosopa clavatus,Orthemis discolor
Dioprosopa clavatus,Orthemis ferruginea
Dioprosopa clavatus,Palpada furcata
Dioprosopa clavatus,Papilio rumiko
Dioprosopa clavatus,Paratettix aztecus
Dioprosopa clavatus,Phoebis agarithe
Dioprosopa clavatus,Phyciodes picta
Dioprosopa clavatus,Phylloicus aeneus
Dioprosopa clavatus,Plodia interpunctella
Dioprosopa clavatus,Polistes dorsalis
Dioprosopa clavatus,Polites vibex
Dioprosopa clavatus,Polybia occidentalis
Dioprosopa clavatus,Pseudoleon superbus
Dioprosopa clavatus,Pyrgus oileus
Dioprosopa clavatus,Pyrisitia proterpia
Dioprosopa clavatus,Sinea diadema
Dioprosopa clavatus,Siproeta stelenes
Dioprosopa clavatus,Smicridea fasciatella
Dioprosopa clavatus,Smyrna blomfildia
Dioprosopa clavatus,Staphylus mazans
Dioprosopa clavatus,Strymon albata
Dioprosopa clavatus,Supella longipalpa
Dioprosopa clavatus,Taphroscelidia linearis
Dioprosopa clavatus,Telebasis salva
Dioprosopa clavatus,Thecla rufofusca
Dioprosopa clavatus,Timochares ruptifasciata
Dioprosopa clavatus,Tmolus echion
Dioprosopa clavatus,Tripudia quadrifera
Dioprosopa clavatus,Tropisternus collaris
Dioprosopa clavatus,Umbonia crassicornis
Dioprosopa clavatus,Urbanus dorantes
Dioprosopa clavatus,Urbanus procne
Dioprosopa clavatus,Urbanus proteus
Dioprosopa clavatus,Utetheisa ornatrix
Dioprosopa clavatus,Xylocopa fimbriata
Dioprosopa clavatus,Zelus tetracanthus
Doxocopa laure,Dryas iulia
Doxocopa laure,Dythemis nigrescens
Doxocopa laure,Dythemis sterilis
Doxocopa laure,Echelatus sempiternus
Doxocopa laure,Echinargus isola
Doxocopa laure,Elkalyce texana
Doxocopa laure,Ellipes minuta
Doxocopa laure,Emesaya brevipennis
Doxocopa laure,Epeiromulona hamata
Doxocopa laure,Euptoieta hegesia
Doxocopa laure,Eurema boisduvaliana
Doxocopa laure,Eurema daira
Doxocopa laure,Eurema lisa
Doxocopa laure,Ganyra josephina
Doxocopa laure,Glutophrissa drusilla
Doxocopa laure,Gorgythion begga
Doxocopa laure,Graphocephala apicata
Doxocopa laure,Graphocephala cythura
Doxocopa laure,Halictus ligatus
Doxocopa laure,Hamadryas februa
Doxocopa laure,Hamadryas guatemalena
Doxocopa laure,Heliconius charithonia
Doxocopa laure,Heliopetes laviana
Doxocopa laure,Heliopetes macaira
Doxocopa laure,Hetaerina americana
Doxocopa laure,Heterogramma circumflexalis
Doxocopa laure,Hoodus pelopidas
Doxocopa laure,Hortensia similis
Doxocopa laure,Hylephila phyleus
Doxocopa laure,Ischnura hastata
Doxocopa laure,Junonia pacoma
Doxocopa laure,Kricogonia lyside
Doxocopa laure,Largus cinctus
Doxocopa laure,Leptotes theonus
Doxocopa laure,Lerodea eufala
Doxocopa laure,Libytheana carinenta
Doxocopa laure,Lucilia cuprina
Doxocopa laure,Lycaena cyna
Doxocopa laure,Macaria abydata
Doxocopa laure,Megalorhipida leucodactylus
Doxocopa laure,Megalostomis pyropyga
Doxocopa laure,Mestra amymone
Doxocopa laure,Miathyria marcella
Doxocopa laure,Micrathyria didyma
Doxocopa laure,Monomorium pharaonis
Doxocopa laure,Nectopsyche candida
Doxocopa laure,Neocoelidia pallida
Doxocopa laure,Oarisma minima
Doxocopa laure,Ocyptamus dimidiatus
Doxocopa laure,Ornidia obesa
Doxocopa laure,Orthemis discolor
Doxocopa laure,Orthemis ferruginea
Doxocopa laure,Palpada furcata
Doxocopa laure,Papilio rumiko
Doxocopa laure,Paratettix aztecus
Doxocopa laure,Phoebis agarithe
Doxocopa laure,Phyciodes picta
Doxocopa laure,Phylloicus aeneus
Doxocopa laure,Plodia interpunctella
Doxocopa laure,Polistes dorsalis
Doxocopa laure,Polites vibex
Doxocopa laure,Polybia occidentalis
Doxocopa laure,Pseudoleon superbus
Doxocopa laure,Pyrgus oileus
Doxocopa laure,Pyrisitia proterpia
Doxocopa laure,Sinea diadema
Doxocopa laure,Siproeta stelenes
Doxocopa laure,Smicridea fasciatella
Doxocopa laure,Smyrna blomfildia
Doxocopa laure,Staphylus mazans
Doxocopa laure,Strymon albata
Doxocopa laure,Supella longipalpa
Doxocopa laure,Taphroscelidia linearis
Doxocopa laure,Telebasis salva
Doxocopa laure,Thecla rufofusca
Doxocopa laure,Timochares ruptifasciata
Doxocopa laure,Tmolus echion
Doxocopa laure,Tripudia quadrifera
Doxocopa laure,Tropisternus collaris
Doxocopa laure,Umbonia crassicornis
Doxocopa laure,Urbanus dorantes
Doxocopa laure,Urbanus procne
Doxocopa laure,Urbanus proteus
Doxocopa laure,Utetheisa ornatrix
Doxocopa laure,Xylocopa fimbriata
Doxocopa laure,Zelus tetracanthus
Dryas iulia,Dythemis nigrescens
Dryas iulia,Dythemis sterilis
Dryas iulia,Echelatus sempiternus
Dryas iulia,Echinargus isola
Dryas iulia,Elkalyce texana
Dryas iulia,Ellipes minuta
Dryas iulia,Emesaya brevipennis
Dryas iulia,Epeiromulona hamata
Dryas iulia,Euptoieta hegesia
Dryas iulia,Eurema boisduvaliana
Dryas iulia,Eurema daira
Dryas iulia,Eurema lisa
Dryas iulia,Ganyra josephina
Dryas iulia,Glutophrissa drusilla
Dryas iulia,Gorgythion begga
Dryas iulia,Graphocephala apicata
Dryas iulia,Graphocephala cythura
Dryas iulia,Halictus ligatus
Dryas iulia,Hamadryas februa
Dryas iulia,Hamadryas guatemalena
Dryas iulia,Heliconius charithonia
Dryas iulia,Heliopetes laviana
Dryas iulia,Heliopetes macaira
Dryas iulia,Hetaerina americana
Dryas iulia,Heterogramma circumflexalis
Dryas iulia,Hoodus pelopidas
Dryas iulia,Hortensia similis
Dryas iulia,Hylephila phyleus
Dryas iulia,Ischnura hastata
Dryas iulia,Junonia pacoma
Dryas iulia,Kricogonia lyside
Dryas iulia,Largus cinctus
Dryas iulia,Leptotes theonus
Dryas iulia,Lerodea eufala
Dryas iulia,Libytheana carinenta
Dryas iulia,Lucilia cuprina
Dryas iulia,Lycaena cyna
Dryas iulia,Macaria abydata
Dryas iulia,Megalorhipida leucodactylus
Dryas iulia,Megalostomis pyropyga
Dryas iulia,Mestra amymone
Dryas iulia,Miathyria marcella
Dryas iulia,Micrathyria didyma
Dryas iulia,Monomorium pharaonis
Dryas iulia,Nectopsyche candida
Dryas iulia,Neocoelidia pallida
Dryas iulia,Oarisma minima
Dryas iulia,Ocyptamus dimidiatus
Dryas iulia,Ornidia obesa
Dryas iulia,Orthemis discolor
Dryas iulia,Orthemis ferruginea
Dryas iulia,Palpada furcata
Dryas iulia,Papilio rumiko
Dryas iulia,Paratettix aztecus
Dryas iulia,Phoebis agarithe
Dryas iulia,Phyciodes picta
Dryas iulia,Phylloicus aeneus
Dryas iulia,Plodia interpunctella
Dryas iulia,Polistes dorsalis
Dryas iulia,Polites vibex
Dryas iulia,Polybia occidentalis
Dryas iulia,Pseudoleon superbus
Dryas iulia,Pyrgus oileus
Dryas iulia,Pyrisitia proterpia
Dryas iulia,Sinea diadema
Dryas iulia,Siproeta stelenes
Dryas iulia,Smicridea fasciatella
Dryas iulia,Smyrna blomfildia
Dryas iulia,Staphylus mazans
Dryas iulia,Strymon albata
Dryas iulia,Supella longipalpa
Dryas iulia,Taphroscelidia linearis
Dryas iulia,Telebasis salva
Dryas iulia,Thecla rufofusca
Dryas iulia,Timochares ruptifasciata
Dryas iulia,Tmolus echion
Dryas iulia,Tripudia quadrifera
Dryas iulia,Tropisternus collaris
Dryas iulia,Umbonia crassicornis
Dryas iulia,Urbanus dorantes
Dryas iulia,Urbanus procne
Dryas iulia,Urbanus proteus
Dryas iulia,Utetheisa ornatrix
Dryas iulia,Xylocopa fimbriata
Dryas iulia,Zelus tetracanthus
Dythemis nigrescens,Dythemis sterilis
Dythemis nigrescens,Echelatus sempiternus
Dythemis nigrescens,Echinargus isola
Dythemis nigrescens,Elkalyce texana
Dythemis nigrescens,Ellipes minuta
Dythemis nigrescens,Emesaya brevipennis
Dythemis nigrescens,Epeiromulona hamata
Dythemis nigrescens,Euptoieta hegesia
Dythemis nigrescens,Eurema boisduvaliana
Dythemis nigrescens,Eurema daira
Dythemis nigrescens,Eurema lisa
Dythemis nigrescens,Ganyra josephina
Dythemis nigrescens,Glutophrissa drusilla
Dythemis nigrescens,Gorgythion begga
Dythemis nigrescens,Graphocephala apicata
Dythemis nigrescens,Graphocephala cythura
Dythemis nigrescens,Halictus ligatus
Dythemis nigrescens,Hamadryas februa
Dythemis nigrescens,Hamadryas guatemalena
Dythemis nigrescens,Heliconius charithonia
Dythemis nigrescens,Heliopetes laviana
Dythemis nigrescens,Heliopetes macaira
Dythemis nigrescens,Hetaerina americana
Dythemis nigrescens,Heterogramma circumflexalis
Dythemis nigrescens,Hoodus pelopidas
Dythemis nigrescens,Hortensia similis
Dythemis nigrescens,Hylephila phyleus
Dythemis nigrescens,Ischnura hastata
Dythemis nigrescens,Junonia pacoma
Dythemis nigrescens,Kricogonia lyside
Dythemis nigrescens,Largus cinctus
Dythemis nigrescens,Leptotes theonus
Dythemis nigrescens,Lerodea eufala
Dythemis nigrescens,Libytheana carinenta
Dythemis nigrescens,Lucilia cuprina
Dythemis nigrescens,Lycaena cyna
Dythemis nigrescens,Macaria abydata
Dythemis nigrescens,Megalorhipida leucodactylus
Dythemis nigrescens,Megalostomis pyropyga
Dythemis nigrescens,Mestra amymone
Dythemis nigrescens,Miathyria marcella
Dythemis nigrescens,Micrathyria didyma
Dythemis nigrescens,Monomorium pharaonis
Dythemis nigrescens,Nectopsyche candida
Dythemis nigrescens,Neocoelidia pallida
Dythemis nigrescens,Oarisma minima
Dythemis nigrescens,Ocyptamus dimidiatus
Dythemis nigrescens,Ornidia obesa
Dythemis nigrescens,Orthemis discolor
Dythemis nigrescens,Orthemis ferruginea
Dythemis nigrescens,Palpada furcata
Dythemis nigrescens,Papilio rumiko
Dythemis nigrescens,Paratettix aztecus
Dythemis nigrescens,Phoebis agarithe
Dythemis nigrescens,Phyciodes picta
Dythemis nigrescens,Phylloicus aeneus
Dythemis nigrescens,Plodia interpunctella
Dythemis nigrescens,Polistes dorsalis
Dythemis nigrescens,Polites vibex
Dythemis nigrescens,Polybia occidentalis
Dythemis nigrescens,Pseudoleon superbus
Dythemis nigrescens,Pyrgus oileus
Dythemis nigrescens,Pyrisitia proterpia
Dythemis nigrescens,Sinea diadema
Dythemis nigrescens,Siproeta stelenes
Dythemis nigrescens,Smicridea fasciatella
Dythemis nigrescens,Smyrna blomfildia
Dythemis nigrescens,Staphylus mazans
Dythemis nigrescens,Strymon albata
Dythemis nigrescens,Supella longipalpa
Dythemis nigrescens,Taphroscelidia linearis
Dythemis nigrescens,Telebasis salva
Dythemis nigrescens,Thecla rufofusca
Dythemis nigrescens,Timochares ruptifasciata
Dythemis nigrescens,Tmolus echion
Dythemis nigrescens,Tripudia quadrifera
Dythemis nigrescens,Tropisternus collaris
Dythemis nigrescens,Umbonia crassicornis
Dythemis nigrescens,Urbanus dorantes
Dythemis nigrescens,Urbanus procne
Dythemis nigrescens,Urbanus proteus
Dythemis nigrescens,Utetheisa ornatrix
Dythemis nigrescens,Xylocopa fimbriata
Dythemis nigrescens,Zelus tetracanthus
Dythemis sterilis,Echelatus sempiternus
Dythemis sterilis,Echinargus isola
Dythemis sterilis,Elkalyce texana
Dythemis sterilis,Ellipes minuta
Dythemis sterilis,Emesaya brevipennis
Dythemis sterilis,Epeiromulona hamata
Dythemis sterilis,Euptoieta hegesia
Dythemis sterilis,Eurema boisduvaliana
Dythemis sterilis,Eurema daira
Dythemis sterilis,Eurema lisa
Dythemis sterilis,Ganyra josephina
Dythemis sterilis,Glutophrissa drusilla
Dythemis sterilis,Gorgythion begga
Dythemis sterilis,Graphocephala apicata
Dythemis sterilis,Graphocephala cythura
Dythemis sterilis,Halictus ligatus
Dythemis sterilis,Hamadryas februa
Dythemis sterilis,Hamadryas guatemalena
Dythemis sterilis,Heliconius charithonia
Dythemis sterilis,Heliopetes laviana
Dythemis sterilis,Heliopetes macaira
Dythemis sterilis,Hetaerina americana
Dythemis sterilis,Heterogramma circumflexalis
Dythemis sterilis,Hoodus pelopidas
Dythemis sterilis,Hortensia similis
Dythemis sterilis,Hylephila phyleus
Dythemis sterilis,Ischnura hastata
Dythemis sterilis,Junonia pacoma
Dythemis sterilis,Kricogonia lyside
Dythemis sterilis,Largus cinctus
Dythemis sterilis,Leptotes theonus
Dythemis sterilis,Lerodea eufala
Dythemis sterilis,Libytheana carinenta
Dythemis sterilis,Lucilia cuprina
Dythemis sterilis,Lycaena cyna
Dythemis sterilis,Macaria abydata
Dythemis sterilis,Megalorhipida leucodactylus
Dythemis sterilis,Megalostomis pyropyga
Dythemis sterilis,Mestra amymone
Dythemis sterilis,Miathyria marcella
Dythemis sterilis,Micrathyria didyma
Dythemis sterilis,Monomorium pharaonis
Dythemis sterilis,Nectopsyche candida
Dythemis sterilis,Neocoelidia pallida
Dythemis sterilis,Oarisma minima
Dythemis sterilis,Ocyptamus dimidiatus
Dythemis sterilis,Ornidia obesa
Dythemis sterilis,Orthemis discolor
Dythemis sterilis,Orthemis ferruginea
Dythemis sterilis,Palpada furcata
Dythemis sterilis,Papilio rumiko
Dythemis sterilis,Paratettix aztecus
Dythemis sterilis,Phoebis agarithe
Dythemis sterilis,Phyciodes picta
Dythemis sterilis,Phylloicus aeneus
Dythemis sterilis,Plodia interpunctella
Dythemis sterilis,Polistes dorsalis
Dythemis sterilis,Polites vibex
Dythemis sterilis,Polybia occidentalis
Dythemis sterilis,Pseudoleon superbus
Dythemis sterilis,Pyrgus oileus
Dythemis sterilis,Pyrisitia proterpia
Dythemis sterilis,Sinea diadema
Dythemis sterilis,Siproeta stelenes
Dythemis sterilis,Smicridea fasciatella
Dythemis sterilis,Smyrna blomfildia
Dythemis sterilis,Staphylus mazans
Dythemis sterilis,Strymon albata
Dythemis sterilis,Supella longipalpa
Dythemis sterilis,Taphroscelidia linearis
Dythemis sterilis,Telebasis salva
Dythemis sterilis,Thecla rufofusca
Dythemis sterilis,Timochares ruptifasciata
Dythemis sterilis,Tmolus echion
Dythemis sterilis,Tripudia quadrifera
Dythemis sterilis,Tropisternus collaris
Dythemis sterilis,Umbonia crassicornis
Dythemis sterilis,Urbanus dorantes
Dythemis sterilis,Urbanus procne
Dythemis sterilis,Urbanus proteus
Dythemis sterilis,Utetheisa ornatrix
Dythemis sterilis,Xylocopa fimbriata
Dythemis sterilis,Zelus tetracanthus
Echelatus sempiternus,Echinargus isola
Echelatus sempiternus,Elkalyce texana
Echelatus sempiternus,Ellipes minuta
Echelatus sempiternus,Emesaya brevipennis
Echelatus sempiternus,Epeiromulona hamata
Echelatus sempiternus,Euptoieta hegesia
Echelatus sempiternus,Eurema boisduvaliana
Echelatus sempiternus,Eurema daira
Echelatus sempiternus,Eurema lisa
Echelatus sempiternus,Ganyra josephina
Echelatus sempiternus,Glutophrissa drusilla
Echelatus sempiternus,Gorgythion begga
Echelatus sempiternus,Graphocephala apicata
Echelatus sempiternus,Graphocephala cythura
Echelatus sempiternus,Halictus ligatus
Echelatus sempiternus,Hamadryas februa
Echelatus sempiternus,Hamadryas guatemalena
Echelatus sempiternus,Heliconius charithonia
Echelatus sempiternus,Heliopetes laviana
Echelatus sempiternus,Heliopetes macaira
Echelatus sempiternus,Hetaerina americana
Echelatus sempiternus,Heterogramma circumflexalis
Echelatus sempiternus,Hoodus pelopidas
Echelatus sempiternus,Hortensia similis
Echelatus sempiternus,Hylephila phyleus
Echelatus sempiternus,Ischnura hastata
Echelatus sempiternus,Junonia pacoma
Echelatus sempiternus,Kricogonia lyside
Echelatus sempiternus,Largus cinctus
Echelatus sempiternus,Leptotes theonus
Echelatus sempiternus,Lerodea eufala
Echelatus sempiternus,Libytheana carinenta
Echelatus sempiternus,Lucilia cuprina
Echelatus sempiternus,Lycaena cyna
Echelatus sempiternus,Macaria abydata
Echelatus sempiternus,Megalorhipida leucodactylus
Echelatus sempiternus,Megalostomis pyropyga
Echelatus sempiternus,Mestra amymone
Echelatus sempiternus,Miathyria marcella
Echelatus sempiternus,Micrathyria didyma
Echelatus sempiternus,Monomorium pharaonis
Echelatus sempiternus,Nectopsyche candida
Echelatus sempiternus,Neocoelidia pallida
Echelatus sempiternus,Oarisma minima
Echelatus sempiternus,Ocyptamus dimidiatus
Echelatus sempiternus,Ornidia obesa
Echelatus sempiternus,Orthemis discolor
Echelatus sempiternus,Orthemis ferruginea
Echelatus sempiternus,Palpada furcata
Echelatus sempiternus,Papilio rumiko
Echelatus sempiternus,Paratettix aztecus
Echelatus sempiternus,Phoebis agarithe
Echelatus sempiternus,Phyciodes picta
Echelatus sempiternus,Phylloicus aeneus
Echelatus sempiternus,Plodia interpunctella
Echelatus sempiternus,Polistes dorsalis
Echelatus sempiternus,Polites vibex
Echelatus sempiternus,Polybia occidentalis
Echelatus sempiternus,Pseudoleon superbus
Echelatus sempiternus,Pyrgus oileus
Echelatus sempiternus,Pyrisitia proterpia
Echelatus sempiternus,Sinea diadema
Echelatus sempiternus,Siproeta stelenes
Echelatus sempiternus,Smicridea fasciatella
Echelatus sempiternus,Smyrna blomfildia
Echelatus sempiternus,Staphylus mazans
Echelatus sempiternus,Strymon albata
Echelatus sempiternus,Supella longipalpa
Echelatus sempiternus,Taphroscelidia linearis
Echelatus sempiternus,Telebasis salva
Echelatus sempiternus,Thecla rufofusca
Echelatus sempiternus,Timochares ruptifasciata
Echelatus sempiternus,Tmolus echion
Echelatus sempiternus,Tripudia quadrifera
Echelatus sempiternus,Tropisternus collaris
Echelatus sempiternus,Umbonia crassicornis
Echelatus sempiternus,Urbanus dorantes
Echelatus sempiternus,Urbanus procne
Echelatus sempiternus,Urbanus proteus
Echelatus sempiternus,Utetheisa ornatrix
Echelatus sempiternus,Xylocopa fimbriata
Echelatus sempiternus,Zelus tetracanthus
Echinargus isola,Elkalyce texana
Echinargus isola,Ellipes minuta
Echinargus isola,Emesaya brevipennis
Echinargus isola,Epeiromulona hamata
Echinargus isola,Euptoieta hegesia
Echinargus isola,Eurema boisduvaliana
Echinargus isola,Eurema daira
Echinargus isola,Eurema lisa
Echinargus isola,Ganyra josephina
Echinargus isola,Glutophrissa drusilla
Echinargus isola,Gorgythion begga
Echinargus isola,Graphocephala apicata
Echinargus isola,Graphocephala cythura
Echinargus isola,Halictus ligatus
Echinargus isola,Hamadryas februa
Echinargus isola,Hamadryas guatemalena
Echinargus isola,Heliconius charithonia
Echinargus isola,Heliopetes laviana
Echinargus isola,Heliopetes macaira
Echinargus isola,Hetaerina americana
Echinargus isola,Heterogramma circumflexalis
Echinargus isola,Hoodus pelopidas
Echinargus isola,Hortensia similis
Echinargus isola,Hylephila phyleus
Echinargus isola,Ischnura hastata
Echinargus isola,Junonia pacoma
Echinargus isola,Kricogonia lyside
Echinargus isola,Largus cinctus
Echinargus isola,Leptotes theonus
Echinargus isola,Lerodea eufala
Echinargus isola,Libytheana carinenta
Echinargus isola,Lucilia cuprina
Echinargus isola,Lycaena cyna
Echinargus isola,Macaria abydata
Echinargus isola,Megalorhipida leucodactylus
Echinargus isola,Megalostomis pyropyga
Echinargus isola,Mestra amymone
Echinargus isola,Miathyria marcella
Echinargus isola,Micrathyria didyma
Echinargus isola,Monomorium pharaonis
Echinargus isola,Nectopsyche candida
Echinargus isola,Neocoelidia pallida
Echinargus isola,Oarisma minima
Echinargus isola,Ocyptamus dimidiatus
Echinargus isola,Ornidia obesa
Echinargus isola,Orthemis discolor
Echinargus isola,Orthemis ferruginea
Echinargus isola,Palpada furcata
Echinargus isola,Papilio rumiko
Echinargus isola,Paratettix aztecus
Echinargus isola,Phoebis agarithe
Echinargus isola,Phyciodes picta
Echinargus isola,Phylloicus aeneus
Echinargus isola,Plodia interpunctella
Echinargus isola,Polistes dorsalis
Echinargus isola,Polites vibex
Echinargus isola,Polybia occidentalis
Echinargus isola,Pseudoleon superbus
Echinargus isola,Pyrgus oileus
Echinargus isola,Pyrisitia proterpia
Echinargus isola,Sinea diadema
Echinargus isola,Siproeta stelenes
Echinargus isola,Smicridea fasciatella
Echinargus isola,Smyrna blomfildia
Echinargus isola,Staphylus mazans
Echinargus isola,Strymon albata
Echinargus isola,Supella longipalpa
Echinargus isola,Taphroscelidia linearis
Echinargus isola,Telebasis salva
Echinargus isola,Thecla rufofusca
Echinargus isola,Timochares ruptifasciata
Echinargus isola,Tmolus echion
Echinargus isola,Tripudia quadrifera
Echinargus isola,Tropisternus collaris
Echinargus isola,Umbonia crassicornis
Echinargus isola,Urbanus dorantes
Echinargus isola,Urbanus procne
Echinargus isola,Urbanus proteus
Echinargus isola,Utetheisa ornatrix
Echinargus isola,Xylocopa fimbriata
Echinargus isola,Zelus tetracanthus
Elkalyce texana,Ellipes minuta
Elkalyce texana,Emesaya brevipennis
Elkalyce texana,Epeiromulona hamata
Elkalyce texana,Euptoieta hegesia
Elkalyce texana,Eurema boisduvaliana
Elkalyce texana,Eurema daira
Elkalyce texana,Eurema lisa
Elkalyce texana,Ganyra josephina
Elkalyce texana,Glutophrissa drusilla
Elkalyce texana,Gorgythion begga
Elkalyce texana,Graphocephala apicata
Elkalyce texana,Graphocephala cythura
Elkalyce texana,Halictus ligatus
Elkalyce texana,Hamadryas februa
Elkalyce texana,Hamadryas guatemalena
Elkalyce texana,Heliconius charithonia
Elkalyce texana,Heliopetes laviana
Elkalyce texana,Heliopetes macaira
Elkalyce texana,Hetaerina americana
Elkalyce texana,Heterogramma circumflexalis
Elkalyce texana,Hoodus pelopidas
Elkalyce texana,Hortensia similis
Elkalyce texana,Hylephila phyleus
Elkalyce texana,Ischnura hastata
Elkalyce texana,Junonia pacoma
Elkalyce texana,Kricogonia lyside
Elkalyce texana,Largus cinctus
Elkalyce texana,Leptotes theonus
Elkalyce texana,Lerodea eufala
Elkalyce texana,Libytheana carinenta
Elkalyce texana,Lucilia cuprina
Elkalyce texana,Lycaena cyna
Elkalyce texana,Macaria abydata
Elkalyce texana,Megalorhipida leucodactylus
Elkalyce texana,Megalostomis pyropyga
Elkalyce texana,Mestra amymone
Elkalyce texana,Miathyria marcella
Elkalyce texana,Micrathyria didyma
Elkalyce texana,Monomorium pharaonis
Elkalyce texana,Nectopsyche candida
Elkalyce texana,Neocoelidia pallida
Elkalyce texana,Oarisma minima
Elkalyce texana,Ocyptamus dimidiatus
Elkalyce texana,Ornidia obesa
Elkalyce texana,Orthemis discolor
Elkalyce texana,Orthemis ferruginea
Elkalyce texana,Palpada furcata
Elkalyce texana,Papilio rumiko
Elkalyce texana,Paratettix aztecus
Elkalyce texana,Phoebis agarithe
Elkalyce texana,Phyciodes picta
Elkalyce texana,Phylloicus aeneus
Elkalyce texana,Plodia interpunctella
Elkalyce texana,Polistes dorsalis
Elkalyce texana,Polites vibex
Elkalyce texana,Polybia occidentalis
Elkalyce texana,Pseudoleon superbus
Elkalyce texana,Pyrgus oileus
Elkalyce texana,Pyrisitia proterpia
Elkalyce texana,Sinea diadema
Elkalyce texana,Siproeta stelenes
Elkalyce texana,Smicridea fasciatella
Elkalyce texana,Smyrna blomfildia
Elkalyce texana,Staphylus mazans
Elkalyce texana,Strymon albata
Elkalyce texana,Supella longipalpa
Elkalyce texana,Taphroscelidia linearis
Elkalyce texana,Telebasis salva
Elkalyce texana,Thecla rufofusca
Elkalyce texana,Timochares ruptifasciata
Elkalyce texana,Tmolus echion
Elkalyce texana,Tripudia quadrifera
Elkalyce texana,Tropisternus collaris
Elkalyce texana,Umbonia crassicornis
Elkalyce texana,Urbanus dorantes
Elkalyce texana,Urbanus procne
Elkalyce texana,Urbanus proteus
Elkalyce texana,Utetheisa ornatrix
Elkalyce texana,Xylocopa fimbriata
Elkalyce texana,Zelus tetracanthus
Ellipes minuta,Emesaya brevipennis
Ellipes minuta,Epeiromulona hamata
Ellipes minuta,Euptoieta hegesia
Ellipes minuta,Eurema boisduvaliana
Ellipes minuta,Eurema daira
Ellipes minuta,Eurema lisa
Ellipes minuta,Ganyra josephina
Ellipes minuta,Glutophrissa drusilla
Ellipes minuta,Gorgythion begga
Ellipes minuta,Graphocephala apicata
Ellipes minuta,Graphocephala cythura
Ellipes minuta,Halictus ligatus
Ellipes minuta,Hamadryas februa
Ellipes minuta,Hamadryas guatemalena
Ellipes minuta,Heliconius charithonia
Ellipes minuta,Heliopetes laviana
Ellipes minuta,Heliopetes macaira
Ellipes minuta,Hetaerina americana
Ellipes minuta,Heterogramma circumflexalis
Ellipes minuta,Hoodus pelopidas
Ellipes minuta,Hortensia similis
Ellipes minuta,Hylephila phyleus
Ellipes minuta,Ischnura hastata
Ellipes minuta,Junonia pacoma
Ellipes minuta,Kricogonia lyside
Ellipes minuta,Largus cinctus
Ellipes minuta,Leptotes theonus
Ellipes minuta,Lerodea eufala
Ellipes minuta,Libytheana carinenta
Ellipes minuta,Lucilia cuprina
Ellipes minuta,Lycaena cyna
Ellipes minuta,Macaria abydata
Ellipes minuta,Megalorhipida leucodactylus
Ellipes minuta,Megalostomis pyropyga
Ellipes minuta,Mestra amymone
Ellipes minuta,Miathyria marcella
Ellipes minuta,Micrathyria didyma
Ellipes minuta,Monomorium pharaonis
Ellipes minuta,Nectopsyche candida
Ellipes minuta,Neocoelidia pallida
Ellipes minuta,Oarisma minima
Ellipes minuta,Ocyptamus dimidiatus
Ellipes minuta,Ornidia obesa
Ellipes minuta,Orthemis discolor
Ellipes minuta,Orthemis ferruginea
Ellipes minuta,Palpada furcata
Ellipes minuta,Papilio rumiko
Ellipes minuta,Paratettix aztecus
Ellipes minuta,Phoebis agarithe
Ellipes minuta,Phyciodes picta
Ellipes minuta,Phylloicus aeneus
Ellipes minuta,Plodia interpunctella
Ellipes minuta,Polistes dorsalis
Ellipes minuta,Polites vibex
Ellipes minuta,Polybia occidentalis
Ellipes minuta,Pseudoleon superbus
Ellipes minuta,Pyrgus oileus
Ellipes minuta,Pyrisitia proterpia
Ellipes minuta,Sinea diadema
Ellipes minuta,Siproeta stelenes
Ellipes minuta,Smicridea fasciatella
Ellipes minuta,Smyrna blomfildia
Ellipes minuta,Staphylus mazans
Ellipes minuta,Strymon albata
Ellipes minuta,Supella longipalpa
Ellipes minuta,Taphroscelidia linearis
Ellipes minuta,Telebasis salva
Ellipes minuta,Thecla rufofusca
Ellipes minuta,Timochares ruptifasciata
Ellipes minuta,Tmolus echion
Ellipes minuta,Tripudia quadrifera
Ellipes minuta,Tropisternus collaris
Ellipes minuta,Umbonia crassicornis
Ellipes minuta,Urbanus dorantes
Ellipes minuta,Urbanus procne
Ellipes minuta,Urbanus proteus
Ellipes minuta,Utetheisa ornatrix
Ellipes minuta,Xylocopa fimbriata
Ellipes minuta,Zelus tetracanthus
Emesaya brevipennis,Epeiromulona hamata
Emesaya brevipennis,Euptoieta hegesia
Emesaya brevipennis,Eurema boisduvaliana
Emesaya brevipennis,Eurema daira
Emesaya brevipennis,Eurema lisa
Emesaya brevipennis,Ganyra josephina
Emesaya brevipennis,Glutophrissa drusilla
Emesaya brevipennis,Gorgythion begga
Emesaya brevipennis,Graphocephala apicata
Emesaya brevipennis,Graphocephala cythura
Emesaya brevipennis,Halictus ligatus
Emesaya brevipennis,Hamadryas februa
Emesaya brevipennis,Hamadryas guatemalena
Emesaya brevipennis,Heliconius charithonia
Emesaya brevipennis,Heliopetes laviana
Emesaya brevipennis,Heliopetes macaira
Emesaya brevipennis,Hetaerina americana
Emesaya brevipennis,Heterogramma circumflexalis
Emesaya brevipennis,Hoodus pelopidas
Emesaya brevipennis,Hortensia similis
Emesaya brevipennis,Hylephila phyleus
Emesaya brevipennis,Ischnura hastata
Emesaya brevipennis,Junonia pacoma
Emesaya brevipennis,Kricogonia lyside
Emesaya brevipennis,Largus cinctus
Emesaya brevipennis,Leptotes theonus
Emesaya brevipennis,Lerodea eufala
Emesaya brevipennis,Libytheana carinenta
Emesaya brevipennis,Lucilia cuprina
Emesaya brevipennis,Lycaena cyna
Emesaya brevipennis,Macaria abydata
Emesaya brevipennis,Megalorhipida leucodactylus
Emesaya brevipennis,Megalostomis pyropyga
Emesaya brevipennis,Mestra amymone
Emesaya brevipennis,Miathyria marcella
Emesaya brevipennis,Micrathyria didyma
Emesaya brevipennis,Monomorium pharaonis
Emesaya brevipennis,Nectopsyche candida
Emesaya brevipennis,Neocoelidia pallida
Emesaya brevipennis,Oarisma minima
Emesaya brevipennis,Ocyptamus dimidiatus
Emesaya brevipennis,Ornidia obesa
Emesaya brevipennis,Orthemis discolor
Emesaya brevipennis,Orthemis ferruginea
Emesaya brevipennis,Palpada furcata
Emesaya brevipennis,Papilio rumiko
Emesaya brevipennis,Paratettix aztecus
Emesaya brevipennis,Phoebis agarithe
Emesaya brevipennis,Phyciodes picta
Emesaya brevipennis,Phylloicus aeneus
Emesaya brevipennis,Plodia interpunctella
Emesaya brevipennis,Polistes dorsalis
Emesaya brevipennis,Polites vibex
Emesaya brevipennis,Polybia occidentalis
Emesaya brevipennis,Pseudoleon superbus
Emesaya brevipennis,Pyrgus oileus
Emesaya brevipennis,Pyrisitia proterpia
Emesaya brevipennis,Sinea diadema
Emesaya brevipennis,Siproeta stelenes
Emesaya brevipennis,Smicridea fasciatella
Emesaya brevipennis,Smyrna blomfildia
Emesaya brevipennis,Staphylus mazans
Emesaya brevipennis,Strymon albata
Emesaya brevipennis,Supella longipalpa
Emesaya brevipennis,Taphroscelidia linearis
Emesaya brevipennis,Telebasis salva
Emesaya brevipennis,Thecla rufofusca
Emesaya brevipennis,Timochares ruptifasciata
Emesaya brevipennis,Tmolus echion
Emesaya brevipennis,Tripudia quadrifera
Emesaya brevipennis,Tropisternus collaris
Emesaya brevipennis,Umbonia crassicornis
Emesaya brevipennis,Urbanus dorantes
Emesaya brevipennis,Urbanus procne
Emesaya brevipennis,Urbanus proteus
Emesaya brevipennis,Utetheisa ornatrix
Emesaya brevipennis,Xylocopa fimbriata
Emesaya brevipennis,Zelus tetracanthus
Epeiromulona hamata,Euptoieta hegesia
Epeiromulona hamata,Eurema boisduvaliana
Epeiromulona hamata,Eurema daira
Epeiromulona hamata,Eurema lisa
Epeiromulona hamata,Ganyra josephina
Epeiromulona hamata,Glutophrissa drusilla
Epeiromulona hamata,Gorgythion begga
Epeiromulona hamata,Graphocephala apicata
Epeiromulona hamata,Graphocephala cythura
Epeiromulona hamata,Halictus ligatus
Epeiromulona hamata,Hamadryas februa
Epeiromulona hamata,Hamadryas guatemalena
Epeiromulona hamata,Heliconius charithonia
Epeiromulona hamata,Heliopetes laviana
Epeiromulona hamata,Heliopetes macaira
Epeiromulona hamata,Hetaerina americana
Epeiromulona hamata,Heterogramma circumflexalis
Epeiromulona hamata,Hoodus pelopidas
Epeiromulona hamata,Hortensia similis
Epeiromulona hamata,Hylephila phyleus
Epeiromulona hamata,Ischnura hastata
Epeiromulona hamata,Junonia pacoma
Epeiromulona hamata,Kricogonia lyside
Epeiromulona hamata,Largus cinctus
Epeiromulona hamata,Leptotes theonus
Epeiromulona hamata,Lerodea eufala
Epeiromulona hamata,Libytheana carinenta
Epeiromulona hamata,Lucilia cuprina
Epeiromulona hamata,Lycaena cyna
Epeiromulona hamata,Macaria abydata
Epeiromulona hamata,Megalorhipida leucodactylus
Epeiromulona hamata,Megalostomis pyropyga
Epeiromulona hamata,Mestra amymone
Epeiromulona hamata,Miathyria marcella
Epeiromulona hamata,Micrathyria didyma
Epeiromulona hamata,Monomorium pharaonis
Epeiromulona hamata,Nectopsyche candida
Epeiromulona hamata,Neocoelidia pallida
Epeiromulona hamata,Oarisma minima
Epeiromulona hamata,Ocyptamus dimidiatus
Epeiromulona hamata,Ornidia obesa
Epeiromulona hamata,Orthemis discolor
Epeiromulona hamata,Orthemis ferruginea
Epeiromulona hamata,Palpada furcata
Epeiromulona hamata,Papilio rumiko
Epeiromulona hamata,Paratettix aztecus
Epeiromulona hamata,Phoebis agarithe
Epeiromulona hamata,Phyciodes picta
Epeiromulona hamata,Phylloicus aeneus
Epeiromulona hamata,Plodia interpunctella
Epeiromulona hamata,Polistes dorsalis
Epeiromulona hamata,Polites vibex
Epeiromulona hamata,Polybia occidentalis
Epeiromulona hamata,Pseudoleon superbus
Epeiromulona hamata,Pyrgus oileus
Epeiromulona hamata,Pyrisitia proterpia
Epeiromulona hamata,Sinea diadema
Epeiromulona hamata,Siproeta stelenes
Epeiromulona hamata,Smicridea fasciatella
Epeiromulona hamata,Smyrna blomfildia
Epeiromulona hamata,Staphylus mazans
Epeiromulona hamata,Strymon albata
Epeiromulona hamata,Supella longipalpa
Epeiromulona hamata,Taphroscelidia linearis
Epeiromulona hamata,Telebasis salva
Epeiromulona hamata,Thecla rufofusca
Epeiromulona hamata,Timochares ruptifasciata
Epeiromulona hamata,Tmolus echion
Epeiromulona hamata,Tripudia quadrifera
Epeiromulona hamata,Tropisternus collaris
Epeiromulona hamata,Umbonia crassicornis
Epeiromulona hamata,Urbanus dorantes
Epeiromulona hamata,Urbanus procne
Epeiromulona hamata,Urbanus proteus
Epeiromulona hamata,Utetheisa ornatrix
Epeiromulona hamata,Xylocopa fimbriata
Epeiromulona hamata,Zelus tetracanthus
Euptoieta hegesia,Eurema boisduvaliana
Euptoieta hegesia,Eurema daira
Euptoieta hegesia,Eurema lisa
Euptoieta hegesia,Ganyra josephina
Euptoieta hegesia,Glutophrissa drusilla
Euptoieta hegesia,Gorgythion begga
Euptoieta hegesia,Graphocephala apicata
Euptoieta hegesia,Graphocephala cythura
Euptoieta hegesia,Halictus ligatus
Euptoieta hegesia,Hamadryas februa
Euptoieta hegesia,Hamadryas guatemalena
Euptoieta hegesia,Heliconius charithonia
Euptoieta hegesia,Heliopetes laviana
Euptoieta hegesia,Heliopetes macaira
Euptoieta hegesia,Hetaerina americana
Euptoieta hegesia,Heterogramma circumflexalis
Euptoieta hegesia,Hoodus pelopidas
Euptoieta hegesia,Hortensia similis
Euptoieta hegesia,Hylephila phyleus
Euptoieta hegesia,Ischnura hastata
Euptoieta hegesia,Junonia pacoma
Euptoieta hegesia,Kricogonia lyside
Euptoieta hegesia,Largus cinctus
Euptoieta hegesia,Leptotes theonus
Euptoieta hegesia,Lerodea eufala
Euptoieta hegesia,Libytheana carinenta
Euptoieta hegesia,Lucilia cuprina
Euptoieta hegesia,Lycaena cyna
Euptoieta hegesia,Macaria abydata
Euptoieta hegesia,Megalorhipida leucodactylus
Euptoieta hegesia,Megalostomis pyropyga
Euptoieta hegesia,Mestra amymone
Euptoieta hegesia,Miathyria marcella
Euptoieta hegesia,Micrathyria didyma
Euptoieta hegesia,Monomorium pharaonis
Euptoieta hegesia,Nectopsyche candida
Euptoieta hegesia,Neocoelidia pallida
Euptoieta hegesia,Oarisma minima
Euptoieta hegesia,Ocyptamus dimidiatus
Euptoieta hegesia,Ornidia obesa
Euptoieta hegesia,Orthemis discolor
Euptoieta hegesia,Orthemis ferruginea
Euptoieta hegesia,Palpada furcata
Euptoieta hegesia,Papilio rumiko
Euptoieta hegesia,Paratettix aztecus
Euptoieta hegesia,Phoebis agarithe
Euptoieta hegesia,Phyciodes picta
Euptoieta hegesia,Phylloicus aeneus
Euptoieta hegesia,Plodia interpunctella
Euptoieta hegesia,Polistes dorsalis
Euptoieta hegesia,Polites vibex
Euptoieta hegesia,Polybia occidentalis
Euptoieta hegesia,Pseudoleon superbus
Euptoieta hegesia,Pyrgus oileus
Euptoieta hegesia,Pyrisitia proterpia
Euptoieta hegesia,Sinea diadema
Euptoieta hegesia,Siproeta stelenes
Euptoieta hegesia,Smicridea fasciatella
Euptoieta hegesia,Smyrna blomfildia
Euptoieta hegesia,Staphylus mazans
Euptoieta hegesia,Strymon albata
Euptoieta hegesia,Supella longipalpa
Euptoieta hegesia,Taphroscelidia linearis
Euptoieta hegesia,Telebasis salva
Euptoieta hegesia,Thecla rufofusca
Euptoieta hegesia,Timochares ruptifasciata
Euptoieta hegesia,Tmolus echion
Euptoieta hegesia,Tripudia quadrifera
Euptoieta hegesia,Tropisternus collaris
Euptoieta hegesia,Umbonia crassicornis
Euptoieta hegesia,Urbanus dorantes
Euptoieta hegesia,Urbanus procne
Euptoieta hegesia,Urbanus proteus
Euptoieta hegesia,Utetheisa ornatrix
Euptoieta hegesia,Xylocopa fimbriata
Euptoieta hegesia,Zelus tetracanthus
Eurema boisduvaliana,Eurema daira
Eurema boisduvaliana,Eurema lisa
Eurema boisduvaliana,Ganyra josephina
Eurema boisduvaliana,Glutophrissa drusilla
Eurema boisduvaliana,Gorgythion begga
Eurema boisduvaliana,Graphocephala apicata
Eurema boisduvaliana,Graphocephala cythura
Eurema boisduvaliana,Halictus ligatus
Eurema boisduvaliana,Hamadryas februa
Eurema boisduvaliana,Hamadryas guatemalena
Eurema boisduvaliana,Heliconius charithonia
Eurema boisduvaliana,Heliopetes laviana
Eurema boisduvaliana,Heliopetes macaira
Eurema boisduvaliana,Hetaerina americana
Eurema boisduvaliana,Heterogramma circumflexalis
Eurema boisduvaliana,Hoodus pelopidas
Eurema boisduvaliana,Hortensia similis
Eurema boisduvaliana,Hylephila phyleus
Eurema boisduvaliana,Ischnura hastata
Eurema boisduvaliana,Junonia pacoma
Eurema boisduvaliana,Kricogonia lyside
Eurema boisduvaliana,Largus cinctus
Eurema boisduvaliana,Leptotes theonus
Eurema boisduvaliana,Lerodea eufala
Eurema boisduvaliana,Libytheana carinenta
Eurema boisduvaliana,Lucilia cuprina
Eurema boisduvaliana,Lycaena cyna
Eurema boisduvaliana,Macaria abydata
Eurema boisduvaliana,Megalorhipida leucodactylus
Eurema boisduvaliana,Megalostomis pyropyga
Eurema boisduvaliana,Mestra amymone
Eurema boisduvaliana,Miathyria marcella
Eurema boisduvaliana,Micrathyria didyma
Eurema boisduvaliana,Monomorium pharaonis
Eurema boisduvaliana,Nectopsyche candida
Eurema boisduvaliana,Neocoelidia pallida
Eurema boisduvaliana,Oarisma minima
Eurema boisduvaliana,Ocyptamus dimidiatus
Eurema boisduvaliana,Ornidia obesa
Eurema boisduvaliana,Orthemis discolor
Eurema boisduvaliana,Orthemis ferruginea
Eurema boisduvaliana,Palpada furcata
Eurema boisduvaliana,Papilio rumiko
Eurema boisduvaliana,Paratettix aztecus
Eurema boisduvaliana,Phoebis agarithe
Eurema boisduvaliana,Phyciodes picta
Eurema boisduvaliana,Phylloicus aeneus
Eurema boisduvaliana,Plodia interpunctella
Eurema boisduvaliana,Polistes dorsalis
Eurema boisduvaliana,Polites vibex
Eurema boisduvaliana,Polybia occidentalis
Eurema boisduvaliana,Pseudoleon superbus
Eurema boisduvaliana,Pyrgus oileus
Eurema boisduvaliana,Pyrisitia proterpia
Eurema boisduvaliana,Sinea diadema
Eurema boisduvaliana,Siproeta stelenes
Eurema boisduvaliana,Smicridea fasciatella
Eurema boisduvaliana,Smyrna blomfildia
Eurema boisduvaliana,Staphylus mazans
Eurema boisduvaliana,Strymon albata
Eurema boisduvaliana,Supella longipalpa
Eurema boisduvaliana,Taphroscelidia linearis
Eurema boisduvaliana,Telebasis salva
Eurema boisduvaliana,Thecla rufofusca
Eurema boisduvaliana,Timochares ruptifasciata
Eurema boisduvaliana,Tmolus echion
Eurema boisduvaliana,Tripudia quadrifera
Eurema boisduvaliana,Tropisternus collaris
Eurema boisduvaliana,Umbonia crassicornis
Eurema boisduvaliana,Urbanus dorantes
Eurema boisduvaliana,Urbanus procne
Eurema boisduvaliana,Urbanus proteus
Eurema boisduvaliana,Utetheisa ornatrix
Eurema boisduvaliana,Xylocopa fimbriata
Eurema boisduvaliana,Zelus tetracanthus
Eurema daira,Eurema lisa
Eurema daira,Ganyra josephina
Eurema daira,Glutophrissa drusilla
Eurema daira,Gorgythion begga
Eurema daira,Graphocephala apicata
Eurema daira,Graphocephala cythura
Eurema daira,Halictus ligatus
Eurema daira,Hamadryas februa
Eurema daira,Hamadryas guatemalena
Eurema daira,Heliconius charithonia
Eurema daira,Heliopetes laviana
Eurema daira,Heliopetes macaira
Eurema daira,Hetaerina americana
Eurema daira,Heterogramma circumflexalis
Eurema daira,Hoodus pelopidas
Eurema daira,Hortensia similis
Eurema daira,Hylephila phyleus
Eurema daira,Ischnura hastata
Eurema daira,Junonia pacoma
Eurema daira,Kricogonia lyside
Eurema daira,Largus cinctus
Eurema daira,Leptotes theonus
Eurema daira,Lerodea eufala
Eurema daira,Libytheana carinenta
Eurema daira,Lucilia cuprina
Eurema daira,Lycaena cyna
Eurema daira,Macaria abydata
Eurema daira,Megalorhipida leucodactylus
Eurema daira,Megalostomis pyropyga
Eurema daira,Mestra amymone
Eurema daira,Miathyria marcella
Eurema daira,Micrathyria didyma
Eurema daira,Monomorium pharaonis
Eurema daira,Nectopsyche candida
Eurema daira,Neocoelidia pallida
Eurema daira,Oarisma minima
Eurema daira,Ocyptamus dimidiatus
Eurema daira,Ornidia obesa
Eurema daira,Orthemis discolor
Eurema daira,Orthemis ferruginea
Eurema daira,Palpada furcata
Eurema daira,Papilio rumiko
Eurema daira,Paratettix aztecus
Eurema daira,Phoebis agarithe
Eurema daira,Phyciodes picta
Eurema daira,Phylloicus aeneus
Eurema daira,Plodia interpunctella
Eurema daira,Polistes dorsalis
Eurema daira,Polites vibex
Eurema daira,Polybia occidentalis
Eurema daira,Pseudoleon superbus
Eurema daira,Pyrgus oileus
Eurema daira,Pyrisitia proterpia
Eurema daira,Sinea diadema
Eurema daira,Siproeta stelenes
Eurema daira,Smicridea fasciatella
Eurema daira,Smyrna blomfildia
Eurema daira,Staphylus mazans
Eurema daira,Strymon albata
Eurema daira,Supella longipalpa
Eurema daira,Taphroscelidia linearis
Eurema daira,Telebasis salva
Eurema daira,Thecla rufofusca
Eurema daira,Timochares ruptifasciata
Eurema daira,Tmolus echion
Eurema daira,Tripudia quadrifera
Eurema daira,Tropisternus collaris
Eurema daira,Umbonia crassicornis
Eurema daira,Urbanus dorantes
Eurema daira,Urbanus procne
Eurema daira,Urbanus proteus
Eurema daira,Utetheisa ornatrix
Eurema daira,Xylocopa fimbriata
Eurema daira,Zelus tetracanthus
Eurema lisa,Ganyra josephina
Eurema lisa,Glutophrissa drusilla
Eurema lisa,Gorgythion begga
Eurema lisa,Graphocephala apicata
Eurema lisa,Graphocephala cythura
Eurema lisa,Halictus ligatus
Eurema lisa,Hamadryas februa
Eurema lisa,Hamadryas guatemalena
Eurema lisa,Heliconius charithonia
Eurema lisa,Heliopetes laviana
Eurema lisa,Heliopetes macaira
Eurema lisa,Hetaerina americana
Eurema lisa,Heterogramma circumflexalis
Eurema lisa,Hoodus pelopidas
Eurema lisa,Hortensia similis
Eurema lisa,Hylephila phyleus
Eurema lisa,Ischnura hastata
Eurema lisa,Junonia pacoma
Eurema lisa,Kricogonia lyside
Eurema lisa,Largus cinctus
Eurema lisa,Leptotes theonus
Eurema lisa,Lerodea eufala
Eurema lisa,Libytheana carinenta
Eurema lisa,Lucilia cuprina
Eurema lisa,Lycaena cyna
Eurema lisa,Macaria abydata
Eurema lisa,Megalorhipida leucodactylus
Eurema lisa,Megalostomis pyropyga
Eurema lisa,Mestra amymone
Eurema lisa,Miathyria marcella
Eurema lisa,Micrathyria didyma
Eurema lisa,Monomorium pharaonis
Eurema lisa,Nectopsyche candida
Eurema lisa,Neocoelidia pallida
Eurema lisa,Oarisma minima
Eurema lisa,Ocyptamus dimidiatus
Eurema lisa,Ornidia obesa
Eurema lisa,Orthemis discolor
Eurema lisa,Orthemis ferruginea
Eurema lisa,Palpada furcata
Eurema lisa,Papilio rumiko
Eurema lisa,Paratettix aztecus
Eurema lisa,Phoebis agarithe
Eurema lisa,Phyciodes picta
Eurema lisa,Phylloicus aeneus
Eurema lisa,Plodia interpunctella
Eurema lisa,Polistes dorsalis
Eurema lisa,Polites vibex
Eurema lisa,Polybia occidentalis
Eurema lisa,Pseudoleon superbus
Eurema lisa,Pyrgus oileus
Eurema lisa,Pyrisitia proterpia
Eurema lisa,Sinea diadema
Eurema lisa,Siproeta stelenes
Eurema lisa,Smicridea fasciatella
Eurema lisa,Smyrna blomfildia
Eurema lisa,Staphylus mazans
Eurema lisa,Strymon albata
Eurema lisa,Supella longipalpa
Eurema lisa,Taphroscelidia linearis
Eurema lisa,Telebasis salva
Eurema lisa,Thecla rufofusca
Eurema lisa,Timochares ruptifasciata
Eurema lisa,Tmolus echion
Eurema lisa,Tripudia quadrifera
Eurema lisa,Tropisternus collaris
Eurema lisa,Umbonia crassicornis
Eurema lisa,Urbanus dorantes
Eurema lisa,Urbanus procne
Eurema lisa,Urbanus proteus
Eurema lisa,Utetheisa ornatrix
Eurema lisa,Xylocopa fimbriata
Eurema lisa,Zelus tetracanthus
Ganyra josephina,Glutophrissa drusilla
Ganyra josephina,Gorgythion begga
Ganyra josephina,Graphocephala apicata
Ganyra josephina,Graphocephala cythura
Ganyra josephina,Halictus ligatus
Ganyra josephina,Hamadryas februa
Ganyra josephina,Hamadryas guatemalena
Ganyra josephina,Heliconius charithonia
Ganyra josephina,Heliopetes laviana
Ganyra josephina,Heliopetes macaira
Ganyra josephina,Hetaerina americana
Ganyra josephina,Heterogramma circumflexalis
Ganyra josephina,Hoodus pelopidas
Ganyra josephina,Hortensia similis
Ganyra josephina,Hylephila phyleus
Ganyra josephina,Ischnura hastata
Ganyra josephina,Junonia pacoma
Ganyra josephina,Kricogonia lyside
Ganyra josephina,Largus cinctus
Ganyra josephina,Leptotes theonus
Ganyra josephina,Lerodea eufala
Ganyra josephina,Libytheana carinenta
Ganyra josephina,Lucilia cuprina
Ganyra josephina,Lycaena cyna
Ganyra josephina,Macaria abydata
Ganyra josephina,Megalorhipida leucodactylus
Ganyra josephina,Megalostomis pyropyga
Ganyra josephina,Mestra amymone
Ganyra josephina,Miathyria marcella
Ganyra josephina,Micrathyria didyma
Ganyra josephina,Monomorium pharaonis
Ganyra josephina,Nectopsyche candida
Ganyra josephina,Neocoelidia pallida
Ganyra josephina,Oarisma minima
Ganyra josephina,Ocyptamus dimidiatus
Ganyra josephina,Ornidia obesa
Ganyra josephina,Orthemis discolor
Ganyra josephina,Orthemis ferruginea
Ganyra josephina,Palpada furcata
Ganyra josephina,Papilio rumiko
Ganyra josephina,Paratettix aztecus
Ganyra josephina,Phoebis agarithe
Ganyra josephina,Phyciodes picta
Ganyra josephina,Phylloicus aeneus
Ganyra josephina,Plodia interpunctella
Ganyra josephina,Polistes dorsalis
Ganyra josephina,Polites vibex
Ganyra josephina,Polybia occidentalis
Ganyra josephina,Pseudoleon superbus
Ganyra josephina,Pyrgus oileus
Ganyra josephina,Pyrisitia proterpia
Ganyra josephina,Sinea diadema
Ganyra josephina,Siproeta stelenes
Ganyra josephina,Smicridea fasciatella
Ganyra josephina,Smyrna blomfildia
Ganyra josephina,Staphylus mazans
Ganyra josephina,Strymon albata
Ganyra josephina,Supella longipalpa
Ganyra josephina,Taphroscelidia linearis
Ganyra josephina,Telebasis salva
Ganyra josephina,Thecla rufofusca
Ganyra josephina,Timochares ruptifasciata
Ganyra josephina,Tmolus echion
Ganyra josephina,Tripudia quadrifera
Ganyra josephina,Tropisternus collaris
Ganyra josephina,Umbonia crassicornis
Ganyra josephina,Urbanus dorantes
Ganyra josephina,Urbanus procne
Ganyra josephina,Urbanus proteus
Ganyra josephina,Utetheisa ornatrix
Ganyra josephina,Xylocopa fimbriata
Ganyra josephina,Zelus tetracanthus
Glutophrissa drusilla,Gorgythion begga
Glutophrissa drusilla,Graphocephala apicata
Glutophrissa drusilla,Graphocephala cythura
Glutophrissa drusilla,Halictus ligatus
Glutophrissa drusilla,Hamadryas februa
Glutophrissa drusilla,Hamadryas guatemalena
Glutophrissa drusilla,Heliconius charithonia
Glutophrissa drusilla,Heliopetes laviana
Glutophrissa drusilla,Heliopetes macaira
Glutophrissa drusilla,Hetaerina americana
Glutophrissa drusilla,Heterogramma circumflexalis
Glutophrissa drusilla,Hoodus pelopidas
Glutophrissa drusilla,Hortensia similis
Glutophrissa drusilla,Hylephila phyleus
Glutophrissa drusilla,Ischnura hastata
Glutophrissa drusilla,Junonia pacoma
Glutophrissa drusilla,Kricogonia lyside
Glutophrissa drusilla,Largus cinctus
Glutophrissa drusilla,Leptotes theonus
Glutophrissa drusilla,Lerodea eufala
Glutophrissa drusilla,Libytheana carinenta
Glutophrissa drusilla,Lucilia cuprina
Glutophrissa drusilla,Lycaena cyna
Glutophrissa drusilla,Macaria abydata
Glutophrissa drusilla,Megalorhipida leucodactylus
Glutophrissa drusilla,Megalostomis pyropyga
Glutophrissa drusilla,Mestra amymone
Glutophrissa drusilla,Miathyria marcella
Glutophrissa drusilla,Micrathyria didyma
Glutophrissa drusilla,Monomorium pharaonis
Glutophrissa drusilla,Nectopsyche candida
Glutophrissa drusilla,Neocoelidia pallida
Glutophrissa drusilla,Oarisma minima
Glutophrissa drusilla,Ocyptamus dimidiatus
Glutophrissa drusilla,Ornidia obesa
Glutophrissa drusilla,Orthemis discolor
Glutophrissa drusilla,Orthemis ferruginea
Glutophrissa drusilla,Palpada furcata
Glutophrissa drusilla,Papilio rumiko
Glutophrissa drusilla,Paratettix aztecus
Glutophrissa drusilla,Phoebis agarithe
Glutophrissa drusilla,Phyciodes picta
Glutophrissa drusilla,Phylloicus aeneus
Glutophrissa drusilla,Plodia interpunctella
Glutophrissa drusilla,Polistes dorsalis
Glutophrissa drusilla,Polites vibex
Glutophrissa drusilla,Polybia occidentalis
Glutophrissa drusilla,Pseudoleon superbus
Glutophrissa drusilla,Pyrgus oileus
Glutophrissa drusilla,Pyrisitia proterpia
Glutophrissa drusilla,Sinea diadema
Glutophrissa drusilla,Siproeta stelenes
Glutophrissa drusilla,Smicridea fasciatella
Glutophrissa drusilla,Smyrna blomfildia
Glutophrissa drusilla,Staphylus mazans
Glutophrissa drusilla,Strymon albata
Glutophrissa drusilla,Supella longipalpa
Glutophrissa drusilla,Taphroscelidia linearis
Glutophrissa drusilla,Telebasis salva
Glutophrissa drusilla,Thecla rufofusca
Glutophrissa drusilla,Timochares ruptifasciata
Glutophrissa drusilla,Tmolus echion
Glutophrissa drusilla,Tripudia quadrifera
Glutophrissa drusilla,Tropisternus collaris
Glutophrissa drusilla,Umbonia crassicornis
Glutophrissa drusilla,Urbanus dorantes
Glutophrissa drusilla,Urbanus procne
Glutophrissa drusilla,Urbanus proteus
Glutophrissa drusilla,Utetheisa ornatrix
Glutophrissa drusilla,Xylocopa fimbriata
Glutophrissa drusilla,Zelus tetracanthus
Gorgythion begga,Graphocephala apicata
Gorgythion begga,Graphocephala cythura
Gorgythion begga,Halictus ligatus
Gorgythion begga,Hamadryas februa
Gorgythion begga,Hamadryas guatemalena
Gorgythion begga,Heliconius charithonia
Gorgythion begga,Heliopetes laviana
Gorgythion begga,Heliopetes macaira
Gorgythion begga,Hetaerina americana
Gorgythion begga,Heterogramma circumflexalis
Gorgythion begga,Hoodus pelopidas
Gorgythion begga,Hortensia similis
Gorgythion begga,Hylephila phyleus
Gorgythion begga,Ischnura hastata
Gorgythion begga,Junonia pacoma
Gorgythion begga,Kricogonia lyside
Gorgythion begga,Largus cinctus
Gorgythion begga,Leptotes theonus
Gorgythion begga,Lerodea eufala
Gorgythion begga,Libytheana carinenta
Gorgythion begga,Lucilia cuprina
Gorgythion begga,Lycaena cyna
Gorgythion begga,Macaria abydata
Gorgythion begga,Megalorhipida leucodactylus
Gorgythion begga,Megalostomis pyropyga
Gorgythion begga,Mestra amymone
Gorgythion begga,Miathyria marcella
Gorgythion begga,Micrathyria didyma
Gorgythion begga,Monomorium pharaonis
Gorgythion begga,Nectopsyche candida
Gorgythion begga,Neocoelidia pallida
Gorgythion begga,Oarisma minima
Gorgythion begga,Ocyptamus dimidiatus
Gorgythion begga,Ornidia obesa
Gorgythion begga,Orthemis discolor
Gorgythion begga,Orthemis ferruginea
Gorgythion begga,Palpada furcata
Gorgythion begga,Papilio rumiko
Gorgythion begga,Paratettix aztecus
Gorgythion begga,Phoebis agarithe
Gorgythion begga,Phyciodes picta
Gorgythion begga,Phylloicus aeneus
Gorgythion begga,Plodia interpunctella
Gorgythion begga,Polistes dorsalis
Gorgythion begga,Polites vibex
Gorgythion begga,Polybia occidentalis
Gorgythion begga,Pseudoleon superbus
Gorgythion begga,Pyrgus oileus
Gorgythion begga,Pyrisitia proterpia
Gorgythion begga,Sinea diadema
Gorgythion begga,Siproeta stelenes
Gorgythion begga,Smicridea fasciatella
Gorgythion begga,Smyrna blomfildia
Gorgythion begga,Staphylus mazans
Gorgythion begga,Strymon albata
Gorgythion begga,Supella longipalpa
Gorgythion begga,Taphroscelidia linearis
Gorgythion begga,Telebasis salva
Gorgythion begga,Thecla rufofusca
Gorgythion begga,Timochares ruptifasciata
Gorgythion begga,Tmolus echion
Gorgythion begga,Tripudia quadrifera
Gorgythion begga,Tropisternus collaris
Gorgythion begga,Umbonia crassicornis
Gorgythion begga,Urbanus dorantes
Gorgythion begga,Urbanus procne
Gorgythion begga,Urbanus proteus
Gorgythion begga,Utetheisa ornatrix
Gorgythion begga,Xylocopa fimbriata
Gorgythion begga,Zelus tetracanthus
Graphocephala apicata,Graphocephala cythura
Graphocephala apicata,Halictus ligatus
Graphocephala apicata,Hamadryas februa
Graphocephala apicata,Hamadryas guatemalena
Graphocephala apicata,Heliconius charithonia
Graphocephala apicata,Heliopetes laviana
Graphocephala apicata,Heliopetes macaira
Graphocephala apicata,Hetaerina americana
Graphocephala apicata,Heterogramma circumflexalis
Graphocephala apicata,Hoodus pelopidas
Graphocephala apicata,Hortensia similis
Graphocephala apicata,Hylephila phyleus
Graphocephala apicata,Ischnura hastata
Graphocephala apicata,Junonia pacoma
Graphocephala apicata,Kricogonia lyside
Graphocephala apicata,Largus cinctus
Graphocephala apicata,Leptotes theonus
Graphocephala apicata,Lerodea eufala
Graphocephala apicata,Libytheana carinenta
Graphocephala apicata,Lucilia cuprina
Graphocephala apicata,Lycaena cyna
Graphocephala apicata,Macaria abydata
Graphocephala apicata,Megalorhipida leucodactylus
Graphocephala apicata,Megalostomis pyropyga
Graphocephala apicata,Mestra amymone
Graphocephala apicata,Miathyria marcella
Graphocephala apicata,Micrathyria didyma
Graphocephala apicata,Monomorium pharaonis
Graphocephala apicata,Nectopsyche candida
Graphocephala apicata,Neocoelidia pallida
Graphocephala apicata,Oarisma minima
Graphocephala apicata,Ocyptamus dimidiatus
Graphocephala apicata,Ornidia obesa
Graphocephala apicata,Orthemis discolor
Graphocephala apicata,Orthemis ferruginea
Graphocephala apicata,Palpada furcata
Graphocephala apicata,Papilio rumiko
Graphocephala apicata,Paratettix aztecus
Graphocephala apicata,Phoebis agarithe
Graphocephala apicata,Phyciodes picta
Graphocephala apicata,Phylloicus aeneus
Graphocephala apicata,Plodia interpunctella
Graphocephala apicata,Polistes dorsalis
Graphocephala apicata,Polites vibex
Graphocephala apicata,Polybia occidentalis
Graphocephala apicata,Pseudoleon superbus
Graphocephala apicata,Pyrgus oileus
Graphocephala apicata,Pyrisitia proterpia
Graphocephala apicata,Sinea diadema
Graphocephala apicata,Siproeta stelenes
Graphocephala apicata,Smicridea fasciatella
Graphocephala apicata,Smyrna blomfildia
Graphocephala apicata,Staphylus mazans
Graphocephala apicata,Strymon albata
Graphocephala apicata,Supella longipalpa
Graphocephala apicata,Taphroscelidia linearis
Graphocephala apicata,Telebasis salva
Graphocephala apicata,Thecla rufofusca
Graphocephala apicata,Timochares ruptifasciata
Graphocephala apicata,Tmolus echion
Graphocephala apicata,Tripudia quadrifera
Graphocephala apicata,Tropisternus collaris
Graphocephala apicata,Umbonia crassicornis
Graphocephala apicata,Urbanus dorantes
Graphocephala apicata,Urbanus procne
Graphocephala apicata,Urbanus proteus
Graphocephala apicata,Utetheisa ornatrix
Graphocephala apicata,Xylocopa fimbriata
Graphocephala apicata,Zelus tetracanthus
Graphocephala cythura,Halictus ligatus
Graphocephala cythura,Hamadryas februa
Graphocephala cythura,Hamadryas guatemalena
Graphocephala cythura,Heliconius charithonia
Graphocephala cythura,Heliopetes laviana
Graphocephala cythura,Heliopetes macaira
Graphocephala cythura,Hetaerina americana
Graphocephala cythura,Heterogramma circumflexalis
Graphocephala cythura,Hoodus pelopidas
Graphocephala cythura,Hortensia similis
Graphocephala cythura,Hylephila phyleus
Graphocephala cythura,Ischnura hastata
Graphocephala cythura,Junonia pacoma
Graphocephala cythura,Kricogonia lyside
Graphocephala cythura,Largus cinctus
Graphocephala cythura,Leptotes theonus
Graphocephala cythura,Lerodea eufala
Graphocephala cythura,Libytheana carinenta
Graphocephala cythura,Lucilia cuprina
Graphocephala cythura,Lycaena cyna
Graphocephala cythura,Macaria abydata
Graphocephala cythura,Megalorhipida leucodactylus
Graphocephala cythura,Megalostomis pyropyga
Graphocephala cythura,Mestra amymone
Graphocephala cythura,Miathyria marcella
Graphocephala cythura,Micrathyria didyma
Graphocephala cythura,Monomorium pharaonis
Graphocephala cythura,Nectopsyche candida
Graphocephala cythura,Neocoelidia pallida
Graphocephala cythura,Oarisma minima
Graphocephala cythura,Ocyptamus dimidiatus
Graphocephala cythura,Ornidia obesa
Graphocephala cythura,Orthemis discolor
Graphocephala cythura,Orthemis ferruginea
Graphocephala cythura,Palpada furcata
Graphocephala cythura,Papilio rumiko
Graphocephala cythura,Paratettix aztecus
Graphocephala cythura,Phoebis agarithe
Graphocephala cythura,Phyciodes picta
Graphocephala cythura,Phylloicus aeneus
Graphocephala cythura,Plodia interpunctella
Graphocephala cythura,Polistes dorsalis
Graphocephala cythura,Polites vibex
Graphocephala cythura,Polybia occidentalis
Graphocephala cythura,Pseudoleon superbus
Graphocephala cythura,Pyrgus oileus
Graphocephala cythura,Pyrisitia proterpia
Graphocephala cythura,Sinea diadema
Graphocephala cythura,Siproeta stelenes
Graphocephala cythura,Smicridea fasciatella
Graphocephala cythura,Smyrna blomfildia
Graphocephala cythura,Staphylus mazans
Graphocephala cythura,Strymon albata
Graphocephala cythura,Supella longipalpa
Graphocephala cythura,Taphroscelidia linearis
Graphocephala cythura,Telebasis salva
Graphocephala cythura,Thecla rufofusca
Graphocephala cythura,Timochares ruptifasciata
Graphocephala cythura,Tmolus echion
Graphocephala cythura,Tripudia quadrifera
Graphocephala cythura,Tropisternus collaris
Graphocephala cythura,Umbonia crassicornis
Graphocephala cythura,Urbanus dorantes
Graphocephala cythura,Urbanus procne
Graphocephala cythura,Urbanus proteus
Graphocephala cythura,Utetheisa ornatrix
Graphocephala cythura,Xylocopa fimbriata
Graphocephala cythura,Zelus tetracanthus
Halictus ligatus,Hamadryas februa
Halictus ligatus,Hamadryas guatemalena
Halictus ligatus,Heliconius charithonia
Halictus ligatus,Heliopetes laviana
Halictus ligatus,Heliopetes macaira
Halictus ligatus,Hetaerina americana
Halictus ligatus,Heterogramma circumflexalis
Halictus ligatus,Hoodus pelopidas
Halictus ligatus,Hortensia similis
Halictus ligatus,Hylephila phyleus
Halictus ligatus,Ischnura hastata
Halictus ligatus,Junonia pacoma
Halictus ligatus,Kricogonia lyside
Halictus ligatus,Largus cinctus
Halictus ligatus,Leptotes theonus
Halictus ligatus,Lerodea eufala
Halictus ligatus,Libytheana carinenta
Halictus ligatus,Lucilia cuprina
Halictus ligatus,Lycaena cyna
Halictus ligatus,Macaria abydata
Halictus ligatus,Megalorhipida leucodactylus
Halictus ligatus,Megalostomis pyropyga
Halictus ligatus,Mestra amymone
Halictus ligatus,Miathyria marcella
Halictus ligatus,Micrathyria didyma
Halictus ligatus,Monomorium pharaonis
Halictus ligatus,Nectopsyche candida
Halictus ligatus,Neocoelidia pallida
Halictus ligatus,Oarisma minima
Halictus ligatus,Ocyptamus dimidiatus
Halictus ligatus,Ornidia obesa
Halictus ligatus,Orthemis discolor
Halictus ligatus,Orthemis ferruginea
Halictus ligatus,Palpada furcata
Halictus ligatus,Papilio rumiko
Halictus ligatus,Paratettix aztecus
Halictus ligatus,Phoebis agarithe
Halictus ligatus,Phyciodes picta
Halictus ligatus,Phylloicus aeneus
Halictus ligatus,Plodia interpunctella
Halictus ligatus,Polistes dorsalis
Halictus ligatus,Polites vibex
Halictus ligatus,Polybia occidentalis
Halictus ligatus,Pseudoleon superbus
Halictus ligatus,Pyrgus oileus
Halictus ligatus,Pyrisitia proterpia
Halictus ligatus,Sinea diadema
Halictus ligatus,Siproeta stelenes
Halictus ligatus,Smicridea fasciatella
Halictus ligatus,Smyrna blomfildia
Halictus ligatus,Staphylus mazans
Halictus ligatus,Strymon albata
Halictus ligatus,Supella longipalpa
Halictus ligatus,Taphroscelidia linearis
Halictus ligatus,Telebasis salva
Halictus ligatus,Thecla rufofusca
Halictus ligatus,Timochares ruptifasciata
Halictus ligatus,Tmolus echion
Halictus ligatus,Tripudia quadrifera
Halictus ligatus,Tropisternus collaris
Halictus ligatus,Umbonia crassicornis
Halictus ligatus,Urbanus dorantes
Halictus ligatus,Urbanus procne
Halictus ligatus,Urbanus proteus
Halictus ligatus,Utetheisa ornatrix
Halictus ligatus,Xylocopa fimbriata
Halictus ligatus,Zelus tetracanthus
Hamadryas februa,Hamadryas guatemalena
Hamadryas februa,Heliconius charithonia
Hamadryas februa,Heliopetes laviana
Hamadryas februa,Heliopetes macaira
Hamadryas februa,Hetaerina americana
Hamadryas februa,Heterogramma circumflexalis
Hamadryas februa,Hoodus pelopidas
Hamadryas februa,Hortensia similis
Hamadryas februa,Hylephila phyleus
Hamadryas februa,Ischnura hastata
Hamadryas februa,Junonia pacoma
Hamadryas februa,Kricogonia lyside
Hamadryas februa,Largus cinctus
Hamadryas februa,Leptotes theonus
Hamadryas februa,Lerodea eufala
Hamadryas februa,Libytheana carinenta
Hamadryas februa,Lucilia cuprina
Hamadryas februa,Lycaena cyna
Hamadryas februa,Macaria abydata
Hamadryas februa,Megalorhipida leucodactylus
Hamadryas februa,Megalostomis pyropyga
Hamadryas februa,Mestra amymone
Hamadryas februa,Miathyria marcella
Hamadryas februa,Micrathyria didyma
Hamadryas februa,Monomorium pharaonis
Hamadryas februa,Nectopsyche candida
Hamadryas februa,Neocoelidia pallida
Hamadryas februa,Oarisma minima
Hamadryas februa,Ocyptamus dimidiatus
Hamadryas februa,Ornidia obesa
Hamadryas februa,Orthemis discolor
Hamadryas februa,Orthemis ferruginea
Hamadryas februa,Palpada furcata
Hamadryas februa,Papilio rumiko
Hamadryas februa,Paratettix aztecus
Hamadryas februa,Phoebis agarithe
Hamadryas februa,Phyciodes picta
Hamadryas februa,Phylloicus aeneus
Hamadryas februa,Plodia interpunctella
Hamadryas februa,Polistes dorsalis
Hamadryas februa,Polites vibex
Hamadryas februa,Polybia occidentalis
Hamadryas februa,Pseudoleon superbus
Hamadryas februa,Pyrgus oileus
Hamadryas februa,Pyrisitia proterpia
Hamadryas februa,Sinea diadema
Hamadryas februa,Siproeta stelenes
Hamadryas februa,Smicridea fasciatella
Hamadryas februa,Smyrna blomfildia
Hamadryas februa,Staphylus mazans
Hamadryas februa,Strymon albata
Hamadryas februa,Supella longipalpa
Hamadryas februa,Taphroscelidia linearis
Hamadryas februa,Telebasis salva
Hamadryas februa,Thecla rufofusca
Hamadryas februa,Timochares ruptifasciata
Hamadryas februa,Tmolus echion
Hamadryas februa,Tripudia quadrifera
Hamadryas februa,Tropisternus collaris
Hamadryas februa,Umbonia crassicornis
Hamadryas februa,Urbanus dorantes
Hamadryas februa,Urbanus procne
Hamadryas februa,Urbanus proteus
Hamadryas februa,Utetheisa ornatrix
Hamadryas februa,Xylocopa fimbriata
Hamadryas februa,Zelus tetracanthus
Hamadryas guatemalena,Heliconius charithonia
Hamadryas guatemalena,Heliopetes laviana
Hamadryas guatemalena,Heliopetes macaira
Hamadryas guatemalena,Hetaerina americana
Hamadryas guatemalena,Heterogramma circumflexalis
Hamadryas guatemalena,Hoodus pelopidas
Hamadryas guatemalena,Hortensia similis
Hamadryas guatemalena,Hylephila phyleus
Hamadryas guatemalena,Ischnura hastata
Hamadryas guatemalena,Junonia pacoma
Hamadryas guatemalena,Kricogonia lyside
Hamadryas guatemalena,Largus cinctus
Hamadryas guatemalena,Leptotes theonus
Hamadryas guatemalena,Lerodea eufala
Hamadryas guatemalena,Libytheana carinenta
Hamadryas guatemalena,Lucilia cuprina
Hamadryas guatemalena,Lycaena cyna
Hamadryas guatemalena,Macaria abydata
Hamadryas guatemalena,Megalorhipida leucodactylus
Hamadryas guatemalena,Megalostomis pyropyga
Hamadryas guatemalena,Mestra amymone
Hamadryas guatemalena,Miathyria marcella
Hamadryas guatemalena,Micrathyria didyma
Hamadryas guatemalena,Monomorium pharaonis
Hamadryas guatemalena,Nectopsyche candida
Hamadryas guatemalena,Neocoelidia pallida
Hamadryas guatemalena,Oarisma minima
Hamadryas guatemalena,Ocyptamus dimidiatus
Hamadryas guatemalena,Ornidia obesa
Hamadryas guatemalena,Orthemis discolor
Hamadryas guatemalena,Orthemis ferruginea
Hamadryas guatemalena,Palpada furcata
Hamadryas guatemalena,Papilio rumiko
Hamadryas guatemalena,Paratettix aztecus
Hamadryas guatemalena,Phoebis agarithe
Hamadryas guatemalena,Phyciodes picta
Hamadryas guatemalena,Phylloicus aeneus
Hamadryas guatemalena,Plodia interpunctella
Hamadryas guatemalena,Polistes dorsalis
Hamadryas guatemalena,Polites vibex
Hamadryas guatemalena,Polybia occidentalis
Hamadryas guatemalena,Pseudoleon superbus
Hamadryas guatemalena,Pyrgus oileus
Hamadryas guatemalena,Pyrisitia proterpia
Hamadryas guatemalena,Sinea diadema
Hamadryas guatemalena,Siproeta stelenes
Hamadryas guatemalena,Smicridea fasciatella
Hamadryas guatemalena,Smyrna blomfildia
Hamadryas guatemalena,Staphylus mazans
Hamadryas guatemalena,Strymon albata
Hamadryas guatemalena,Supella longipalpa
Hamadryas guatemalena,Taphroscelidia linearis
Hamadryas guatemalena,Telebasis salva
Hamadryas guatemalena,Thecla rufofusca
Hamadryas guatemalena,Timochares ruptifasciata
Hamadryas guatemalena,Tmolus echion
Hamadryas guatemalena,Tripudia quadrifera
Hamadryas guatemalena,Tropisternus collaris
Hamadryas guatemalena,Umbonia crassicornis
Hamadryas guatemalena,Urbanus dorantes
Hamadryas guatemalena,Urbanus procne
Hamadryas guatemalena,Urbanus proteus
Hamadryas guatemalena,Utetheisa ornatrix
Hamadryas guatemalena,Xylocopa fimbriata
Hamadryas guatemalena,Zelus tetracanthus
Heliconius charithonia,Heliopetes laviana
Heliconius charithonia,Heliopetes macaira
Heliconius charithonia,Hetaerina americana
Heliconius charithonia,Heterogramma circumflexalis
Heliconius charithonia,Hoodus pelopidas
Heliconius charithonia,Hortensia similis
Heliconius charithonia,Hylephila phyleus
Heliconius charithonia,Ischnura hastata
Heliconius charithonia,Junonia pacoma
Heliconius charithonia,Kricogonia lyside
Heliconius charithonia,Largus cinctus
Heliconius charithonia,Leptotes theonus
Heliconius charithonia,Lerodea eufala
Heliconius charithonia,Libytheana carinenta
Heliconius charithonia,Lucilia cuprina
Heliconius charithonia,Lycaena cyna
Heliconius charithonia,Macaria abydata
Heliconius charithonia,Megalorhipida leucodactylus
Heliconius charithonia,Megalostomis pyropyga
Heliconius charithonia,Mestra amymone
Heliconius charithonia,Miathyria marcella
Heliconius charithonia,Micrathyria didyma
Heliconius charithonia,Monomorium pharaonis
Heliconius charithonia,Nectopsyche candida
Heliconius charithonia,Neocoelidia pallida
Heliconius charithonia,Oarisma minima
Heliconius charithonia,Ocyptamus dimidiatus
Heliconius charithonia,Ornidia obesa
Heliconius charithonia,Orthemis discolor
Heliconius charithonia,Orthemis ferruginea
Heliconius charithonia,Palpada furcata
Heliconius charithonia,Papilio rumiko
Heliconius charithonia,Paratettix aztecus
Heliconius charithonia,Phoebis agarithe
Heliconius charithonia,Phyciodes picta
Heliconius charithonia,Phylloicus aeneus
Heliconius charithonia,Plodia interpunctella
Heliconius charithonia,Polistes dorsalis
Heliconius charithonia,Polites vibex
Heliconius charithonia,Polybia occidentalis
Heliconius charithonia,Pseudoleon superbus
Heliconius charithonia,Pyrgus oileus
Heliconius charithonia,Pyrisitia proterpia
Heliconius charithonia,Sinea diadema
Heliconius charithonia,Siproeta stelenes
Heliconius charithonia,Smicridea fasciatella
Heliconius charithonia,Smyrna blomfildia
Heliconius charithonia,Staphylus mazans
Heliconius charithonia,Strymon albata
Heliconius charithonia,Supella longipalpa
Heliconius charithonia,Taphroscelidia linearis
Heliconius charithonia,Telebasis salva
Heliconius charithonia,Thecla rufofusca
Heliconius charithonia,Timochares ruptifasciata
Heliconius charithonia,Tmolus echion
Heliconius charithonia,Tripudia quadrifera
Heliconius charithonia,Tropisternus collaris
Heliconius charithonia,Umbonia crassicornis
Heliconius charithonia,Urbanus dorantes
Heliconius charithonia,Urbanus procne
Heliconius charithonia,Urbanus proteus
Heliconius charithonia,Utetheisa ornatrix
Heliconius charithonia,Xylocopa fimbriata
Heliconius charithonia,Zelus tetracanthus
Heliopetes laviana,Heliopetes macaira
Heliopetes laviana,Hetaerina americana
Heliopetes laviana,Heterogramma circumflexalis
Heliopetes laviana,Hoodus pelopidas
Heliopetes laviana,Hortensia similis
Heliopetes laviana,Hylephila phyleus
Heliopetes laviana,Ischnura hastata
Heliopetes laviana,Junonia pacoma
Heliopetes laviana,Kricogonia lyside
Heliopetes laviana,Largus cinctus
Heliopetes laviana,Leptotes theonus
Heliopetes laviana,Lerodea eufala
Heliopetes laviana,Libytheana carinenta
Heliopetes laviana,Lucilia cuprina
Heliopetes laviana,Lycaena cyna
Heliopetes laviana,Macaria abydata
Heliopetes laviana,Megalorhipida leucodactylus
Heliopetes laviana,Megalostomis pyropyga
Heliopetes laviana,Mestra amymone
Heliopetes laviana,Miathyria marcella
Heliopetes laviana,Micrathyria didyma
Heliopetes laviana,Monomorium pharaonis
Heliopetes laviana,Nectopsyche candida
Heliopetes laviana,Neocoelidia pallida
Heliopetes laviana,Oarisma minima
Heliopetes laviana,Ocyptamus dimidiatus
Heliopetes laviana,Ornidia obesa
Heliopetes laviana,Orthemis discolor
Heliopetes laviana,Orthemis ferruginea
Heliopetes laviana,Palpada furcata
Heliopetes laviana,Papilio rumiko
Heliopetes laviana,Paratettix aztecus
Heliopetes laviana,Phoebis agarithe
Heliopetes laviana,Phyciodes picta
Heliopetes laviana,Phylloicus aeneus
Heliopetes laviana,Plodia interpunctella
Heliopetes laviana,Polistes dorsalis
Heliopetes laviana,Polites vibex
Heliopetes laviana,Polybia occidentalis
Heliopetes laviana,Pseudoleon superbus
Heliopetes laviana,Pyrgus oileus
Heliopetes laviana,Pyrisitia proterpia
Heliopetes laviana,Sinea diadema
Heliopetes laviana,Siproeta stelenes
Heliopetes laviana,Smicridea fasciatella
Heliopetes laviana,Smyrna blomfildia
Heliopetes laviana,Staphylus mazans
Heliopetes laviana,Strymon albata
Heliopetes laviana,Supella longipalpa
Heliopetes laviana,Taphroscelidia linearis
Heliopetes laviana,Telebasis salva
Heliopetes laviana,Thecla rufofusca
Heliopetes laviana,Timochares ruptifasciata
Heliopetes laviana,Tmolus echion
Heliopetes laviana,Tripudia quadrifera
Heliopetes laviana,Tropisternus collaris
Heliopetes laviana,Umbonia crassicornis
Heliopetes laviana,Urbanus dorantes
Heliopetes laviana,Urbanus procne
Heliopetes laviana,Urbanus proteus
Heliopetes laviana,Utetheisa ornatrix
Heliopetes laviana,Xylocopa fimbriata
Heliopetes laviana,Zelus tetracanthus
Heliopetes macaira,Hetaerina americana
Heliopetes macaira,Heterogramma circumflexalis
Heliopetes macaira,Hoodus pelopidas
Heliopetes macaira,Hortensia similis
Heliopetes macaira,Hylephila phyleus
Heliopetes macaira,Ischnura hastata
Heliopetes macaira,Junonia pacoma
Heliopetes macaira,Kricogonia lyside
Heliopetes macaira,Largus cinctus
Heliopetes macaira,Leptotes theonus
Heliopetes macaira,Lerodea eufala
Heliopetes macaira,Libytheana carinenta
Heliopetes macaira,Lucilia cuprina
Heliopetes macaira,Lycaena cyna
Heliopetes macaira,Macaria abydata
Heliopetes macaira,Megalorhipida leucodactylus
Heliopetes macaira,Megalostomis pyropyga
Heliopetes macaira,Mestra amymone
Heliopetes macaira,Miathyria marcella
Heliopetes macaira,Micrathyria didyma
Heliopetes macaira,Monomorium pharaonis
Heliopetes macaira,Nectopsyche candida
Heliopetes macaira,Neocoelidia pallida
Heliopetes macaira,Oarisma minima
Heliopetes macaira,Ocyptamus dimidiatus
Heliopetes macaira,Ornidia obesa
Heliopetes macaira,Orthemis discolor
Heliopetes macaira,Orthemis ferruginea
Heliopetes macaira,Palpada furcata
Heliopetes macaira,Papilio rumiko
Heliopetes macaira,Paratettix aztecus
Heliopetes macaira,Phoebis agarithe
Heliopetes macaira,Phyciodes picta
Heliopetes macaira,Phylloicus aeneus
Heliopetes macaira,Plodia interpunctella
Heliopetes macaira,Polistes dorsalis
Heliopetes macaira,Polites vibex
Heliopetes macaira,Polybia occidentalis
Heliopetes macaira,Pseudoleon superbus
Heliopetes macaira,Pyrgus oileus
Heliopetes macaira,Pyrisitia proterpia
Heliopetes macaira,Sinea diadema
Heliopetes macaira,Siproeta stelenes
Heliopetes macaira,Smicridea fasciatella
Heliopetes macaira,Smyrna blomfildia
Heliopetes macaira,Staphylus mazans
Heliopetes macaira,Strymon albata
Heliopetes macaira,Supella longipalpa
Heliopetes macaira,Taphroscelidia linearis
Heliopetes macaira,Telebasis salva
Heliopetes macaira,Thecla rufofusca
Heliopetes macaira,Timochares ruptifasciata
Heliopetes macaira,Tmolus echion
Heliopetes macaira,Tripudia quadrifera
Heliopetes macaira,Tropisternus collaris
Heliopetes macaira,Umbonia crassicornis
Heliopetes macaira,Urbanus dorantes
Heliopetes macaira,Urbanus procne
Heliopetes macaira,Urbanus proteus
Heliopetes macaira,Utetheisa ornatrix
Heliopetes macaira,Xylocopa fimbriata
Heliopetes macaira,Zelus tetracanthus
Hetaerina americana,Heterogramma circumflexalis
Hetaerina americana,Hoodus pelopidas
Hetaerina americana,Hortensia similis
Hetaerina americana,Hylephila phyleus
Hetaerina americana,Ischnura hastata
Hetaerina americana,Junonia pacoma
Hetaerina americana,Kricogonia lyside
Hetaerina americana,Largus cinctus
Hetaerina americana,Leptotes theonus
Hetaerina americana,Lerodea eufala
Hetaerina americana,Libytheana carinenta
Hetaerina americana,Lucilia cuprina
Hetaerina americana,Lycaena cyna
Hetaerina americana,Macaria abydata
Hetaerina americana,Megalorhipida leucodactylus
Hetaerina americana,Megalostomis pyropyga
Hetaerina americana,Mestra amymone
Hetaerina americana,Miathyria marcella
Hetaerina americana,Micrathyria didyma
Hetaerina americana,Monomorium pharaonis
Hetaerina americana,Nectopsyche candida
Hetaerina americana,Neocoelidia pallida
Hetaerina americana,Oarisma minima
Hetaerina americana,Ocyptamus dimidiatus
Hetaerina americana,Ornidia obesa
Hetaerina americana,Orthemis discolor
Hetaerina americana,Orthemis ferruginea
Hetaerina americana,Palpada furcata
Hetaerina americana,Papilio rumiko
Hetaerina americana,Paratettix aztecus
Hetaerina americana,Phoebis agarithe
Hetaerina americana,Phyciodes picta
Hetaerina americana,Phylloicus aeneus
Hetaerina americana,Plodia interpunctella
Hetaerina americana,Polistes dorsalis
Hetaerina americana,Polites vibex
Hetaerina americana,Polybia occidentalis
Hetaerina americana,Pseudoleon superbus
Hetaerina americana,Pyrgus oileus
Hetaerina americana,Pyrisitia proterpia
Hetaerina americana,Sinea diadema
Hetaerina americana,Siproeta stelenes
Hetaerina americana,Smicridea fasciatella
Hetaerina americana,Smyrna blomfildia
Hetaerina americana,Staphylus mazans
Hetaerina americana,Strymon albata
Hetaerina americana,Supella longipalpa
Hetaerina americana,Taphroscelidia linearis
Hetaerina americana,Telebasis salva
Hetaerina americana,Thecla rufofusca
Hetaerina americana,Timochares ruptifasciata
Hetaerina americana,Tmolus echion
Hetaerina americana,Tripudia quadrifera
Hetaerina americana,Tropisternus collaris
Hetaerina americana,Umbonia crassicornis
Hetaerina americana,Urbanus dorantes
Hetaerina americana,Urbanus procne
Hetaerina americana,Urbanus proteus
Hetaerina americana,Utetheisa ornatrix
Hetaerina americana,Xylocopa fimbriata
Hetaerina americana,Zelus tetracanthus
Heterogramma circumflexalis,Hoodus pelopidas
Heterogramma circumflexalis,Hortensia similis
Heterogramma circumflexalis,Hylephila phyleus
Heterogramma circumflexalis,Ischnura hastata
Heterogramma circumflexalis,Junonia pacoma
Heterogramma circumflexalis,Kricogonia lyside
Heterogramma circumflexalis,Largus cinctus
Heterogramma circumflexalis,Leptotes theonus
Heterogramma circumflexalis,Lerodea eufala
Heterogramma circumflexalis,Libytheana carinenta
Heterogramma circumflexalis,Lucilia cuprina
Heterogramma circumflexalis,Lycaena cyna
Heterogramma circumflexalis,Macaria abydata
Heterogramma circumflexalis,Megalorhipida leucodactylus
Heterogramma circumflexalis,Megalostomis pyropyga
Heterogramma circumflexalis,Mestra amymone
Heterogramma circumflexalis,Miathyria marcella
Heterogramma circumflexalis,Micrathyria didyma
Heterogramma circumflexalis,Monomorium pharaonis
Heterogramma circumflexalis,Nectopsyche candida
Heterogramma circumflexalis,Neocoelidia pallida
Heterogramma circumflexalis,Oarisma minima
Heterogramma circumflexalis,Ocyptamus dimidiatus
Heterogramma circumflexalis,Ornidia obesa
Heterogramma circumflexalis,Orthemis discolor
Heterogramma circumflexalis,Orthemis ferruginea
Heterogramma circumflexalis,Palpada furcata
Heterogramma circumflexalis,Papilio rumiko
Heterogramma circumflexalis,Paratettix aztecus
Heterogramma circumflexalis,Phoebis agarithe
Heterogramma circumflexalis,Phyciodes picta
Heterogramma circumflexalis,Phylloicus aeneus
Heterogramma circumflexalis,Plodia interpunctella
Heterogramma circumflexalis,Polistes dorsalis
Heterogramma circumflexalis,Polites vibex
Heterogramma circumflexalis,Polybia occidentalis
Heterogramma circumflexalis,Pseudoleon superbus
Heterogramma circumflexalis,Pyrgus oileus
Heterogramma circumflexalis,Pyrisitia proterpia
Heterogramma circumflexalis,Sinea diadema
Heterogramma circumflexalis,Siproeta stelenes
Heterogramma circumflexalis,Smicridea fasciatella
Heterogramma circumflexalis,Smyrna blomfildia
Heterogramma circumflexalis,Staphylus mazans
Heterogramma circumflexalis,Strymon albata
Heterogramma circumflexalis,Supella longipalpa
Heterogramma circumflexalis,Taphroscelidia linearis
Heterogramma circumflexalis,Telebasis salva
Heterogramma circumflexalis,Thecla rufofusca
Heterogramma circumflexalis,Timochares ruptifasciata
Heterogramma circumflexalis,Tmolus echion
Heterogramma circumflexalis,Tripudia quadrifera
Heterogramma circumflexalis,Tropisternus collaris
Heterogramma circumflexalis,Umbonia crassicornis
Heterogramma circumflexalis,Urbanus dorantes
Heterogramma circumflexalis,Urbanus procne
Heterogramma circumflexalis,Urbanus proteus
Heterogramma circumflexalis,Utetheisa ornatrix
Heterogramma circumflexalis,Xylocopa fimbriata
Heterogramma circumflexalis,Zelus tetracanthus
Hoodus pelopidas,Hortensia similis
Hoodus pelopidas,Hylephila phyleus
Hoodus pelopidas,Ischnura hastata
Hoodus pelopidas,Junonia pacoma
Hoodus pelopidas,Kricogonia lyside
Hoodus pelopidas,Largus cinctus
Hoodus pelopidas,Leptotes theonus
Hoodus pelopidas,Lerodea eufala
Hoodus pelopidas,Libytheana carinenta
Hoodus pelopidas,Lucilia cuprina
Hoodus pelopidas,Lycaena cyna
Hoodus pelopidas,Macaria abydata
Hoodus pelopidas,Megalorhipida leucodactylus
Hoodus pelopidas,Megalostomis pyropyga
Hoodus pelopidas,Mestra amymone
Hoodus pelopidas,Miathyria marcella
Hoodus pelopidas,Micrathyria didyma
Hoodus pelopidas,Monomorium pharaonis
Hoodus pelopidas,Nectopsyche candida
Hoodus pelopidas,Neocoelidia pallida
Hoodus pelopidas,Oarisma minima
Hoodus pelopidas,Ocyptamus dimidiatus
Hoodus pelopidas,Ornidia obesa
Hoodus pelopidas,Orthemis discolor
Hoodus pelopidas,Orthemis ferruginea
Hoodus pelopidas,Palpada furcata
Hoodus pelopidas,Papilio rumiko
Hoodus pelopidas,Paratettix aztecus
Hoodus pelopidas,Phoebis agarithe
Hoodus pelopidas,Phyciodes picta
Hoodus pelopidas,Phylloicus aeneus
Hoodus pelopidas,Plodia interpunctella
Hoodus pelopidas,Polistes dorsalis
Hoodus pelopidas,Polites vibex
Hoodus pelopidas,Polybia occidentalis
Hoodus pelopidas,Pseudoleon superbus
Hoodus pelopidas,Pyrgus oileus
Hoodus pelopidas,Pyrisitia proterpia
Hoodus pelopidas,Sinea diadema
Hoodus pelopidas,Siproeta stelenes
Hoodus pelopidas,Smicridea fasciatella
Hoodus pelopidas,Smyrna blomfildia
Hoodus pelopidas,Staphylus mazans
Hoodus pelopidas,Strymon albata
Hoodus pelopidas,Supella longipalpa
Hoodus pelopidas,Taphroscelidia linearis
Hoodus pelopidas,Telebasis salva
Hoodus pelopidas,Thecla rufofusca
Hoodus pelopidas,Timochares ruptifasciata
Hoodus pelopidas,Tmolus echion
Hoodus pelopidas,Tripudia quadrifera
Hoodus pelopidas,Tropisternus collaris
Hoodus pelopidas,Umbonia crassicornis
Hoodus pelopidas,Urbanus dorantes
Hoodus pelopidas,Urbanus procne
Hoodus pelopidas,Urbanus proteus
Hoodus pelopidas,Utetheisa ornatrix
Hoodus pelopidas,Xylocopa fimbriata
Hoodus pelopidas,Zelus tetracanthus
Hortensia similis,Hylephila phyleus
Hortensia similis,Ischnura hastata
Hortensia similis,Junonia pacoma
Hortensia similis,Kricogonia lyside
Hortensia similis,Largus cinctus
Hortensia similis,Leptotes theonus
Hortensia similis,Lerodea eufala
Hortensia similis,Libytheana carinenta
Hortensia similis,Lucilia cuprina
Hortensia similis,Lycaena cyna
Hortensia similis,Macaria abydata
Hortensia similis,Megalorhipida leucodactylus
Hortensia similis,Megalostomis pyropyga
Hortensia similis,Mestra amymone
Hortensia similis,Miathyria marcella
Hortensia similis,Micrathyria didyma
Hortensia similis,Monomorium pharaonis
Hortensia similis,Nectopsyche candida
Hortensia similis,Neocoelidia pallida
Hortensia similis,Oarisma minima
Hortensia similis,Ocyptamus dimidiatus
Hortensia similis,Ornidia obesa
Hortensia similis,Orthemis discolor
Hortensia similis,Orthemis ferruginea
Hortensia similis,Palpada furcata
Hortensia similis,Papilio rumiko
Hortensia similis,Paratettix aztecus
Hortensia similis,Phoebis agarithe
Hortensia similis,Phyciodes picta
Hortensia similis,Phylloicus aeneus
Hortensia similis,Plodia interpunctella
Hortensia similis,Polistes dorsalis
Hortensia similis,Polites vibex
Hortensia similis,Polybia occidentalis
Hortensia similis,Pseudoleon superbus
Hortensia similis,Pyrgus oileus
Hortensia similis,Pyrisitia proterpia
Hortensia similis,Sinea diadema
Hortensia similis,Siproeta stelenes
Hortensia similis,Smicridea fasciatella
Hortensia similis,Smyrna blomfildia
Hortensia similis,Staphylus mazans
Hortensia similis,Strymon albata
Hortensia similis,Supella longipalpa
Hortensia similis,Taphroscelidia linearis
Hortensia similis,Telebasis salva
Hortensia similis,Thecla rufofusca
Hortensia similis,Timochares ruptifasciata
Hortensia similis,Tmolus echion
Hortensia similis,Tripudia quadrifera
Hortensia similis,Tropisternus collaris
Hortensia similis,Umbonia crassicornis
Hortensia similis,Urbanus dorantes
Hortensia similis,Urbanus procne
Hortensia similis,Urbanus proteus
Hortensia similis,Utetheisa ornatrix
Hortensia similis,Xylocopa fimbriata
Hortensia similis,Zelus tetracanthus
Hylephila phyleus,Ischnura hastata
Hylephila phyleus,Junonia pacoma
Hylephila phyleus,Kricogonia lyside
Hylephila phyleus,Largus cinctus
Hylephila phyleus,Leptotes theonus
Hylephila phyleus,Lerodea eufala
Hylephila phyleus,Libytheana carinenta
Hylephila phyleus,Lucilia cuprina
Hylephila phyleus,Lycaena cyna
Hylephila phyleus,Macaria abydata
Hylephila phyleus,Megalorhipida leucodactylus
Hylephila phyleus,Megalostomis pyropyga
Hylephila phyleus,Mestra amymone
Hylephila phyleus,Miathyria marcella
Hylephila phyleus,Micrathyria didyma
Hylephila phyleus,Monomorium pharaonis
Hylephila phyleus,Nectopsyche candida
Hylephila phyleus,Neocoelidia pallida
Hylephila phyleus,Oarisma minima
Hylephila phyleus,Ocyptamus dimidiatus
Hylephila phyleus,Ornidia obesa
Hylephila phyleus,Orthemis discolor
Hylephila phyleus,Orthemis ferruginea
Hylephila phyleus,Palpada furcata
Hylephila phyleus,Papilio rumiko
Hylephila phyleus,Paratettix aztecus
Hylephila phyleus,Phoebis agarithe
Hylephila phyleus,Phyciodes picta
Hylephila phyleus,Phylloicus aeneus
Hylephila phyleus,Plodia interpunctella
Hylephila phyleus,Polistes dorsalis
Hylephila phyleus,Polites vibex
Hylephila phyleus,Polybia occidentalis
Hylephila phyleus,Pseudoleon superbus
Hylephila phyleus,Pyrgus oileus
Hylephila phyleus,Pyrisitia proterpia
Hylephila phyleus,Sinea diadema
Hylephila phyleus,Siproeta stelenes
Hylephila phyleus,Smicridea fasciatella
Hylephila phyleus,Smyrna blomfildia
Hylephila phyleus,Staphylus mazans
Hylephila phyleus,Strymon albata
Hylephila phyleus,Supella longipalpa
Hylephila phyleus,Taphroscelidia linearis
Hylephila phyleus,Telebasis salva
Hylephila phyleus,Thecla rufofusca
Hylephila phyleus,Timochares ruptifasciata
Hylephila phyleus,Tmolus echion
Hylephila phyleus,Tripudia quadrifera
Hylephila phyleus,Tropisternus collaris
Hylephila phyleus,Umbonia crassicornis
Hylephila phyleus,Urbanus dorantes
Hylephila phyleus,Urbanus procne
Hylephila phyleus,Urbanus proteus
Hylephila phyleus,Utetheisa ornatrix
Hylephila phyleus,Xylocopa fimbriata
Hylephila phyleus,Zelus tetracanthus
Ischnura hastata,Junonia pacoma
Ischnura hastata,Kricogonia lyside
Ischnura hastata,Largus cinctus
Ischnura hastata,Leptotes theonus
Ischnura hastata,Lerodea eufala
Ischnura hastata,Libytheana carinenta
Ischnura hastata,Lucilia cuprina
Ischnura hastata,Lycaena cyna
Ischnura hastata,Macaria abydata
Ischnura hastata,Megalorhipida leucodactylus
Ischnura hastata,Megalostomis pyropyga
Ischnura hastata,Mestra amymone
Ischnura hastata,Miathyria marcella
Ischnura hastata,Micrathyria didyma
Ischnura hastata,Monomorium pharaonis
Ischnura hastata,Nectopsyche candida
Ischnura hastata,Neocoelidia pallida
Ischnura hastata,Oarisma minima
Ischnura hastata,Ocyptamus dimidiatus
Ischnura hastata,Ornidia obesa
Ischnura hastata,Orthemis discolor
Ischnura hastata,Orthemis ferruginea
Ischnura hastata,Palpada furcata
Ischnura hastata,Papilio rumiko
Ischnura hastata,Paratettix aztecus
Ischnura hastata,Phoebis agarithe
Ischnura hastata,Phyciodes picta
Ischnura hastata,Phylloicus aeneus
Ischnura hastata,Plodia interpunctella
Ischnura hastata,Polistes dorsalis
Ischnura hastata,Polites vibex
Ischnura hastata,Polybia occidentalis
Ischnura hastata,Pseudoleon superbus
Ischnura hastata,Pyrgus oileus
Ischnura hastata,Pyrisitia proterpia
Ischnura hastata,Sinea diadema
Ischnura hastata,Siproeta stelenes
Ischnura hastata,Smicridea fasciatella
Ischnura hastata,Smyrna blomfildia
Ischnura hastata,Staphylus mazans
Ischnura hastata,Strymon albata
Ischnura hastata,Supella longipalpa
Ischnura hastata,Taphroscelidia linearis
Ischnura hastata,Telebasis salva
Ischnura hastata,Thecla rufofusca
Ischnura hastata,Timochares ruptifasciata
Ischnura hastata,Tmolus echion
Ischnura hastata,Tripudia quadrifera
Ischnura hastata,Tropisternus collaris
Ischnura hastata,Umbonia crassicornis
Ischnura hastata,Urbanus dorantes
Ischnura hastata,Urbanus procne
Ischnura hastata,Urbanus proteus
Ischnura hastata,Utetheisa ornatrix
Ischnura hastata,Xylocopa fimbriata
Ischnura hastata,Zelus tetracanthus
Junonia pacoma,Kricogonia lyside
Junonia pacoma,Largus cinctus
Junonia pacoma,Leptotes theonus
Junonia pacoma,Lerodea eufala
Junonia pacoma,Libytheana carinenta
Junonia pacoma,Lucilia cuprina
Junonia pacoma,Lycaena cyna
Junonia pacoma,Macaria abydata
Junonia pacoma,Megalorhipida leucodactylus
Junonia pacoma,Megalostomis pyropyga
Junonia pacoma,Mestra amymone
Junonia pacoma,Miathyria marcella
Junonia pacoma,Micrathyria didyma
Junonia pacoma,Monomorium pharaonis
Junonia pacoma,Nectopsyche candida
Junonia pacoma,Neocoelidia pallida
Junonia pacoma,Oarisma minima
Junonia pacoma,Ocyptamus dimidiatus
Junonia pacoma,Ornidia obesa
Junonia pacoma,Orthemis discolor
Junonia pacoma,Orthemis ferruginea
Junonia pacoma,Palpada furcata
Junonia pacoma,Papilio rumiko
Junonia pacoma,Paratettix aztecus
Junonia pacoma,Phoebis agarithe
Junonia pacoma,Phyciodes picta
Junonia pacoma,Phylloicus aeneus
Junonia pacoma,Plodia interpunctella
Junonia pacoma,Polistes dorsalis
Junonia pacoma,Polites vibex
Junonia pacoma,Polybia occidentalis
Junonia pacoma,Pseudoleon superbus
Junonia pacoma,Pyrgus oileus
Junonia pacoma,Pyrisitia proterpia
Junonia pacoma,Sinea diadema
Junonia pacoma,Siproeta stelenes
Junonia pacoma,Smicridea fasciatella
Junonia pacoma,Smyrna blomfildia
Junonia pacoma,Staphylus mazans
Junonia pacoma,Strymon albata
Junonia pacoma,Supella longipalpa
Junonia pacoma,Taphroscelidia linearis
Junonia pacoma,Telebasis salva
Junonia pacoma,Thecla rufofusca
Junonia pacoma,Timochares ruptifasciata
Junonia pacoma,Tmolus echion
Junonia pacoma,Tripudia quadrifera
Junonia pacoma,Tropisternus collaris
Junonia pacoma,Umbonia crassicornis
Junonia pacoma,Urbanus dorantes
Junonia pacoma,Urbanus procne
Junonia pacoma,Urbanus proteus
Junonia pacoma,Utetheisa ornatrix
Junonia pacoma,Xylocopa fimbriata
Junonia pacoma,Zelus tetracanthus
Kricogonia lyside,Largus cinctus
Kricogonia lyside,Leptotes theonus
Kricogonia lyside,Lerodea eufala
Kricogonia lyside,Libytheana carinenta
Kricogonia lyside,Lucilia cuprina
Kricogonia lyside,Lycaena cyna
Kricogonia lyside,Macaria abydata
Kricogonia lyside,Megalorhipida leucodactylus
Kricogonia lyside,Megalostomis pyropyga
Kricogonia lyside,Mestra amymone
Kricogonia lyside,Miathyria marcella
Kricogonia lyside,Micrathyria didyma
Kricogonia lyside,Monomorium pharaonis
Kricogonia lyside,Nectopsyche candida
Kricogonia lyside,Neocoelidia pallida
Kricogonia lyside,Oarisma minima
Kricogonia lyside,Ocyptamus dimidiatus
Kricogonia lyside,Ornidia obesa
Kricogonia lyside,Orthemis discolor
Kricogonia lyside,Orthemis ferruginea
Kricogonia lyside,Palpada furcata
Kricogonia lyside,Papilio rumiko
Kricogonia lyside,Paratettix aztecus
Kricogonia lyside,Phoebis agarithe
Kricogonia lyside,Phyciodes picta
Kricogonia lyside,Phylloicus aeneus
Kricogonia lyside,Plodia interpunctella
Kricogonia lyside,Polistes dorsalis
Kricogonia lyside,Polites vibex
Kricogonia lyside,Polybia occidentalis
Kricogonia lyside,Pseudoleon superbus
Kricogonia lyside,Pyrgus oileus
Kricogonia lyside,Pyrisitia proterpia
Kricogonia lyside,Sinea diadema
Kricogonia lyside,Siproeta stelenes
Kricogonia lyside,Smicridea fasciatella
Kricogonia lyside,Smyrna blomfildia
Kricogonia lyside,Staphylus mazans
Kricogonia lyside,Strymon albata
Kricogonia lyside,Supella longipalpa
Kricogonia lyside,Taphroscelidia linearis
Kricogonia lyside,Telebasis salva
Kricogonia lyside,Thecla rufofusca
Kricogonia lyside,Timochares ruptifasciata
Kricogonia lyside,Tmolus echion
Kricogonia lyside,Tripudia quadrifera
Kricogonia lyside,Tropisternus collaris
Kricogonia lyside,Umbonia crassicornis
Kricogonia lyside,Urbanus dorantes
Kricogonia lyside,Urbanus procne
Kricogonia lyside,Urbanus proteus
Kricogonia lyside,Utetheisa ornatrix
Kricogonia lyside,Xylocopa fimbriata
Kricogonia lyside,Zelus tetracanthus
Largus cinctus,Leptotes theonus
Largus cinctus,Lerodea eufala
Largus cinctus,Libytheana carinenta
Largus cinctus,Lucilia cuprina
Largus cinctus,Lycaena cyna
Largus cinctus,Macaria abydata
Largus cinctus,Megalorhipida leucodactylus
Largus cinctus,Megalostomis pyropyga
Largus cinctus,Mestra amymone
Largus cinctus,Miathyria marcella
Largus cinctus,Micrathyria didyma
Largus cinctus,Monomorium pharaonis
Largus cinctus,Nectopsyche candida
Largus cinctus,Neocoelidia pallida
Largus cinctus,Oarisma minima
Largus cinctus,Ocyptamus dimidiatus
Largus cinctus,Ornidia obesa
Largus cinctus,Orthemis discolor
Largus cinctus,Orthemis ferruginea
Largus cinctus,Palpada furcata
Largus cinctus,Papilio rumiko
Largus cinctus,Paratettix aztecus
Largus cinctus,Phoebis agarithe
Largus cinctus,Phyciodes picta
Largus cinctus,Phylloicus aeneus
Largus cinctus,Plodia interpunctella
Largus cinctus,Polistes dorsalis
Largus cinctus,Polites vibex
Largus cinctus,Polybia occidentalis
Largus cinctus,Pseudoleon superbus
Largus cinctus,Pyrgus oileus
Largus cinctus,Pyrisitia proterpia
Largus cinctus,Sinea diadema
Largus cinctus,Siproeta stelenes
Largus cinctus,Smicridea fasciatella
Largus cinctus,Smyrna blomfildia
Largus cinctus,Staphylus mazans
Largus cinctus,Strymon albata
Largus cinctus,Supella longipalpa
Largus cinctus,Taphroscelidia linearis
Largus cinctus,Telebasis salva
Largus cinctus,Thecla rufofusca
Largus cinctus,Timochares ruptifasciata
Largus cinctus,Tmolus echion
Largus cinctus,Tripudia quadrifera
Largus cinctus,Tropisternus collaris
Largus cinctus,Umbonia crassicornis
Largus cinctus,Urbanus dorantes
Largus cinctus,Urbanus procne
Largus cinctus,Urbanus proteus
Largus cinctus,Utetheisa ornatrix
Largus cinctus,Xylocopa fimbriata
Largus cinctus,Zelus tetracanthus
Leptotes theonus,Lerodea eufala
Leptotes theonus,Libytheana carinenta
Leptotes theonus,Lucilia cuprina
Leptotes theonus,Lycaena cyna
Leptotes theonus,Macaria abydata
Leptotes theonus,Megalorhipida leucodactylus
Leptotes theonus,Megalostomis pyropyga
Leptotes theonus,Mestra amymone
Leptotes theonus,Miathyria marcella
Leptotes theonus,Micrathyria didyma
Leptotes theonus,Monomorium pharaonis
Leptotes theonus,Nectopsyche candida
Leptotes theonus,Neocoelidia pallida
Leptotes theonus,Oarisma minima
Leptotes theonus,Ocyptamus dimidiatus
Leptotes theonus,Ornidia obesa
Leptotes theonus,Orthemis discolor
Leptotes theonus,Orthemis ferruginea
Leptotes theonus,Palpada furcata
Leptotes theonus,Papilio rumiko
Leptotes theonus,Paratettix aztecus
Leptotes theonus,Phoebis agarithe
Leptotes theonus,Phyciodes picta
Leptotes theonus,Phylloicus aeneus
Leptotes theonus,Plodia interpunctella
Leptotes theonus,Polistes dorsalis
Leptotes theonus,Polites vibex
Leptotes theonus,Polybia occidentalis
Leptotes theonus,Pseudoleon superbus
Leptotes theonus,Pyrgus oileus
Leptotes theonus,Pyrisitia proterpia
Leptotes theonus,Sinea diadema
Leptotes theonus,Siproeta stelenes
Leptotes theonus,Smicridea fasciatella
Leptotes theonus,Smyrna blomfildia
Leptotes theonus,Staphylus mazans
Leptotes theonus,Strymon albata
Leptotes theonus,Supella longipalpa
Leptotes theonus,Taphroscelidia linearis
Leptotes theonus,Telebasis salva
Leptotes theonus,Thecla rufofusca
Leptotes theonus,Timochares ruptifasciata
Leptotes theonus,Tmolus echion
Leptotes theonus,Tripudia quadrifera
Leptotes theonus,Tropisternus collaris
Leptotes theonus,Umbonia crassicornis
Leptotes theonus,Urbanus dorantes
Leptotes theonus,Urbanus procne
Leptotes theonus,Urbanus proteus
Leptotes theonus,Utetheisa ornatrix
Leptotes theonus,Xylocopa fimbriata
Leptotes theonus,Zelus tetracanthus
Lerodea eufala,Libytheana carinenta
Lerodea eufala,Lucilia cuprina
Lerodea eufala,Lycaena cyna
Lerodea eufala,Macaria abydata
Lerodea eufala,Megalorhipida leucodactylus
Lerodea eufala,Megalostomis pyropyga
Lerodea eufala,Mestra amymone
Lerodea eufala,Miathyria marcella
Lerodea eufala,Micrathyria didyma
Lerodea eufala,Monomorium pharaonis
Lerodea eufala,Nectopsyche candida
Lerodea eufala,Neocoelidia pallida
Lerodea eufala,Oarisma minima
Lerodea eufala,Ocyptamus dimidiatus
Lerodea eufala,Ornidia obesa
Lerodea eufala,Orthemis discolor
Lerodea eufala,Orthemis ferruginea
Lerodea eufala,Palpada furcata
Lerodea eufala,Papilio rumiko
Lerodea eufala,Paratettix aztecus
Lerodea eufala,Phoebis agarithe
Lerodea eufala,Phyciodes picta
Lerodea eufala,Phylloicus aeneus
Lerodea eufala,Plodia interpunctella
Lerodea eufala,Polistes dorsalis
Lerodea eufala,Polites vibex
Lerodea eufala,Polybia occidentalis
Lerodea eufala,Pseudoleon superbus
Lerodea eufala,Pyrgus oileus
Lerodea eufala,Pyrisitia proterpia
Lerodea eufala,Sinea diadema
Lerodea eufala,Siproeta stelenes
Lerodea eufala,Smicridea fasciatella
Lerodea eufala,Smyrna blomfildia
Lerodea eufala,Staphylus mazans
Lerodea eufala,Strymon albata
Lerodea eufala,Supella longipalpa
Lerodea eufala,Taphroscelidia linearis
Lerodea eufala,Telebasis salva
Lerodea eufala,Thecla rufofusca
Lerodea eufala,Timochares ruptifasciata
Lerodea eufala,Tmolus echion
Lerodea eufala,Tripudia quadrifera
Lerodea eufala,Tropisternus collaris
Lerodea eufala,Umbonia crassicornis
Lerodea eufala,Urbanus dorantes
Lerodea eufala,Urbanus procne
Lerodea eufala,Urbanus proteus
Lerodea eufala,Utetheisa ornatrix
Lerodea eufala,Xylocopa fimbriata
Lerodea eufala,Zelus tetracanthus
Libytheana carinenta,Lucilia cuprina
Libytheana carinenta,Lycaena cyna
Libytheana carinenta,Macaria abydata
Libytheana carinenta,Megalorhipida leucodactylus
Libytheana carinenta,Megalostomis pyropyga
Libytheana carinenta,Mestra amymone
Libytheana carinenta,Miathyria marcella
Libytheana carinenta,Micrathyria didyma
Libytheana carinenta,Monomorium pharaonis
Libytheana carinenta,Nectopsyche candida
Libytheana carinenta,Neocoelidia pallida
Libytheana carinenta,Oarisma minima
Libytheana carinenta,Ocyptamus dimidiatus
Libytheana carinenta,Ornidia obesa
Libytheana carinenta,Orthemis discolor
Libytheana carinenta,Orthemis ferruginea
Libytheana carinenta,Palpada furcata
Libytheana carinenta,Papilio rumiko
Libytheana carinenta,Paratettix aztecus
Libytheana carinenta,Phoebis agarithe
Libytheana carinenta,Phyciodes picta
Libytheana carinenta,Phylloicus aeneus
Libytheana carinenta,Plodia interpunctella
Libytheana carinenta,Polistes dorsalis
Libytheana carinenta,Polites vibex
Libytheana carinenta,Polybia occidentalis
Libytheana carinenta,Pseudoleon superbus
Libytheana carinenta,Pyrgus oileus
Libytheana carinenta,Pyrisitia proterpia
Libytheana carinenta,Sinea diadema
Libytheana carinenta,Siproeta stelenes
Libytheana carinenta,Smicridea fasciatella
Libytheana carinenta,Smyrna blomfildia
Libytheana carinenta,Staphylus mazans
Libytheana carinenta,Strymon albata
Libytheana carinenta,Supella longipalpa
Libytheana carinenta,Taphroscelidia linearis
Libytheana carinenta,Telebasis salva
Libytheana carinenta,Thecla rufofusca
Libytheana carinenta,Timochares ruptifasciata
Libytheana carinenta,Tmolus echion
Libytheana carinenta,Tripudia quadrifera
Libytheana carinenta,Tropisternus collaris
Libytheana carinenta,Umbonia crassicornis
Libytheana carinenta,Urbanus dorantes
Libytheana carinenta,Urbanus procne
Libytheana carinenta,Urbanus proteus
Libytheana carinenta,Utetheisa ornatrix
Libytheana carinenta,Xylocopa fimbriata
Libytheana carinenta,Zelus tetracanthus
Lucilia cuprina,Lycaena cyna
Lucilia cuprina,Macaria abydata
Lucilia cuprina,Megalorhipida leucodactylus
Lucilia cuprina,Megalostomis pyropyga
Lucilia cuprina,Mestra amymone
Lucilia cuprina,Miathyria marcella
Lucilia cuprina,Micrathyria didyma
Lucilia cuprina,Monomorium pharaonis
Lucilia cuprina,Nectopsyche candida
Lucilia cuprina,Neocoelidia pallida
Lucilia cuprina,Oarisma minima
Lucilia cuprina,Ocyptamus dimidiatus
Lucilia cuprina,Ornidia obesa
Lucilia cuprina,Orthemis discolor
Lucilia cuprina,Orthemis ferruginea
Lucilia cuprina,Palpada furcata
Lucilia cuprina,Papilio rumiko
Lucilia cuprina,Paratettix aztecus
Lucilia cuprina,Phoebis agarithe
Lucilia cuprina,Phyciodes picta
Lucilia cuprina,Phylloicus aeneus
Lucilia cuprina,Plodia interpunctella
Lucilia cuprina,Polistes dorsalis
Lucilia cuprina,Polites vibex
Lucilia cuprina,Polybia occidentalis
Lucilia cuprina,Pseudoleon superbus
Lucilia cuprina,Pyrgus oileus
Lucilia cuprina,Pyrisitia proterpia
Lucilia cuprina,Sinea diadema
Lucilia cuprina,Siproeta stelenes
Lucilia cuprina,Smicridea fasciatella
Lucilia cuprina,Smyrna blomfildia
Lucilia cuprina,Staphylus mazans
Lucilia cuprina,Strymon albata
Lucilia cuprina,Supella longipalpa
Lucilia cuprina,Taphroscelidia linearis
Lucilia cuprina,Telebasis salva
Lucilia cuprina,Thecla rufofusca
Lucilia cuprina,Timochares ruptifasciata
Lucilia cuprina,Tmolus echion
Lucilia cuprina,Tripudia quadrifera
Lucilia cuprina,Tropisternus collaris
Lucilia cuprina,Umbonia crassicornis
Lucilia cuprina,Urbanus dorantes
Lucilia cuprina,Urbanus procne
Lucilia cuprina,Urbanus proteus
Lucilia cuprina,Utetheisa ornatrix
Lucilia cuprina,Xylocopa fimbriata
Lucilia cuprina,Zelus tetracanthus
Lycaena cyna,Macaria abydata
Lycaena cyna,Megalorhipida leucodactylus
Lycaena cyna,Megalostomis pyropyga
Lycaena cyna,Mestra amymone
Lycaena cyna,Miathyria marcella
Lycaena cyna,Micrathyria didyma
Lycaena cyna,Monomorium pharaonis
Lycaena cyna,Nectopsyche candida
Lycaena cyna,Neocoelidia pallida
Lycaena cyna,Oarisma minima
Lycaena cyna,Ocyptamus dimidiatus
Lycaena cyna,Ornidia obesa
Lycaena cyna,Orthemis discolor
Lycaena cyna,Orthemis ferruginea
Lycaena cyna,Palpada furcata
Lycaena cyna,Papilio rumiko
Lycaena cyna,Paratettix aztecus
Lycaena cyna,Phoebis agarithe
Lycaena cyna,Phyciodes picta
Lycaena cyna,Phylloicus aeneus
Lycaena cyna,Plodia interpunctella
Lycaena cyna,Polistes dorsalis
Lycaena cyna,Polites vibex
Lycaena cyna,Polybia occidentalis
Lycaena cyna,Pseudoleon superbus
Lycaena cyna,Pyrgus oileus
Lycaena cyna,Pyrisitia proterpia
Lycaena cyna,Sinea diadema
Lycaena cyna,Siproeta stelenes
Lycaena cyna,Smicridea fasciatella
Lycaena cyna,Smyrna blomfildia
Lycaena cyna,Staphylus mazans
Lycaena cyna,Strymon albata
Lycaena cyna,Supella longipalpa
Lycaena cyna,Taphroscelidia linearis
Lycaena cyna,Telebasis salva
Lycaena cyna,Thecla rufofusca
Lycaena cyna,Timochares ruptifasciata
Lycaena cyna,Tmolus echion
Lycaena cyna,Tripudia quadrifera
Lycaena cyna,Tropisternus collaris
Lycaena cyna,Umbonia crassicornis
Lycaena cyna,Urbanus dorantes
Lycaena cyna,Urbanus procne
Lycaena cyna,Urbanus proteus
Lycaena cyna,Utetheisa ornatrix
Lycaena cyna,Xylocopa fimbriata
Lycaena cyna,Zelus tetracanthus
Macaria abydata,Megalorhipida leucodactylus
Macaria abydata,Megalostomis pyropyga
Macaria abydata,Mestra amymone
Macaria abydata,Miathyria marcella
Macaria abydata,Micrathyria didyma
Macaria abydata,Monomorium pharaonis
Macaria abydata,Nectopsyche candida
Macaria abydata,Neocoelidia pallida
Macaria abydata,Oarisma minima
Macaria abydata,Ocyptamus dimidiatus
Macaria abydata,Ornidia obesa
Macaria abydata,Orthemis discolor
Macaria abydata,Orthemis ferruginea
Macaria abydata,Palpada furcata
Macaria abydata,Papilio rumiko
Macaria abydata,Paratettix aztecus
Macaria abydata,Phoebis agarithe
Macaria abydata,Phyciodes picta
Macaria abydata,Phylloicus aeneus
Macaria abydata,Plodia interpunctella
Macaria abydata,Polistes dorsalis
Macaria abydata,Polites vibex
Macaria abydata,Polybia occidentalis
Macaria abydata,Pseudoleon superbus
Macaria abydata,Pyrgus oileus
Macaria abydata,Pyrisitia proterpia
Macaria abydata,Sinea diadema
Macaria abydata,Siproeta stelenes
Macaria abydata,Smicridea fasciatella
Macaria abydata,Smyrna blomfildia
Macaria abydata,Staphylus mazans
Macaria abydata,Strymon albata
Macaria abydata,Supella longipalpa
Macaria abydata,Taphroscelidia linearis
Macaria abydata,Telebasis salva
Macaria abydata,Thecla rufofusca
Macaria abydata,Timochares ruptifasciata
Macaria abydata,Tmolus echion
Macaria abydata,Tripudia quadrifera
Macaria abydata,Tropisternus collaris
Macaria abydata,Umbonia crassicornis
Macaria abydata,Urbanus dorantes
Macaria abydata,Urbanus procne
Macaria abydata,Urbanus proteus
Macaria abydata,Utetheisa ornatrix
Macaria abydata,Xylocopa fimbriata
Macaria abydata,Zelus tetracanthus
Megalorhipida leucodactylus,Megalostomis pyropyga
Megalorhipida leucodactylus,Mestra amymone
Megalorhipida leucodactylus,Miathyria marcella
Megalorhipida leucodactylus,Micrathyria didyma
Megalorhipida leucodactylus,Monomorium pharaonis
Megalorhipida leucodactylus,Nectopsyche candida
Megalorhipida leucodactylus,Neocoelidia pallida
Megalorhipida leucodactylus,Oarisma minima
Megalorhipida leucodactylus,Ocyptamus dimidiatus
Megalorhipida leucodactylus,Ornidia obesa
Megalorhipida leucodactylus,Orthemis discolor
Megalorhipida leucodactylus,Orthemis ferruginea
Megalorhipida leucodactylus,Palpada furcata
Megalorhipida leucodactylus,Papilio rumiko
Megalorhipida leucodactylus,Paratettix aztecus
Megalorhipida leucodactylus,Phoebis agarithe
Megalorhipida leucodactylus,Phyciodes picta
Megalorhipida leucodactylus,Phylloicus aeneus
Megalorhipida leucodactylus,Plodia interpunctella
Megalorhipida leucodactylus,Polistes dorsalis
Megalorhipida leucodactylus,Polites vibex
Megalorhipida leucodactylus,Polybia occidentalis
Megalorhipida leucodactylus,Pseudoleon superbus
Megalorhipida leucodactylus,Pyrgus oileus
Megalorhipida leucodactylus,Pyrisitia proterpia
Megalorhipida leucodactylus,Sinea diadema
Megalorhipida leucodactylus,Siproeta stelenes
Megalorhipida leucodactylus,Smicridea fasciatella
Megalorhipida leucodactylus,Smyrna blomfildia
Megalorhipida leucodactylus,Staphylus mazans
Megalorhipida leucodactylus,Strymon albata
Megalorhipida leucodactylus,Supella longipalpa
Megalorhipida leucodactylus,Taphroscelidia linearis
Megalorhipida leucodactylus,Telebasis salva
Megalorhipida leucodactylus,Thecla rufofusca
Megalorhipida leucodactylus,Timochares ruptifasciata
Megalorhipida leucodactylus,Tmolus echion
Megalorhipida leucodactylus,Tripudia quadrifera
Megalorhipida leucodactylus,Tropisternus collaris
Megalorhipida leucodactylus,Umbonia crassicornis
Megalorhipida leucodactylus,Urbanus dorantes
Megalorhipida leucodactylus,Urbanus procne
Megalorhipida leucodactylus,Urbanus proteus
Megalorhipida leucodactylus,Utetheisa ornatrix
Megalorhipida leucodactylus,Xylocopa fimbriata
Megalorhipida leucodactylus,Zelus tetracanthus
Megalostomis pyropyga,Mestra amymone
Megalostomis pyropyga,Miathyria marcella
Megalostomis pyropyga,Micrathyria didyma
Megalostomis pyropyga,Monomorium pharaonis
Megalostomis pyropyga,Nectopsyche candida
Megalostomis pyropyga,Neocoelidia pallida
Megalostomis pyropyga,Oarisma minima
Megalostomis pyropyga,Ocyptamus dimidiatus
Megalostomis pyropyga,Ornidia obesa
Megalostomis pyropyga,Orthemis discolor
Megalostomis pyropyga,Orthemis ferruginea
Megalostomis pyropyga,Palpada furcata
Megalostomis pyropyga,Papilio rumiko
Megalostomis pyropyga,Paratettix aztecus
Megalostomis pyropyga,Phoebis agarithe
Megalostomis pyropyga,Phyciodes picta
Megalostomis pyropyga,Phylloicus aeneus
Megalostomis pyropyga,Plodia interpunctella
Megalostomis pyropyga,Polistes dorsalis
Megalostomis pyropyga,Polites vibex
Megalostomis pyropyga,Polybia occidentalis
Megalostomis pyropyga,Pseudoleon superbus
Megalostomis pyropyga,Pyrgus oileus
Megalostomis pyropyga,Pyrisitia proterpia
Megalostomis pyropyga,Sinea diadema
Megalostomis pyropyga,Siproeta stelenes
Megalostomis pyropyga,Smicridea fasciatella
Megalostomis pyropyga,Smyrna blomfildia
Megalostomis pyropyga,Staphylus mazans
Megalostomis pyropyga,Strymon albata
Megalostomis pyropyga,Supella longipalpa
Megalostomis pyropyga,Taphroscelidia linearis
Megalostomis pyropyga,Telebasis salva
Megalostomis pyropyga,Thecla rufofusca
Megalostomis pyropyga,Timochares ruptifasciata
Megalostomis pyropyga,Tmolus echion
Megalostomis pyropyga,Tripudia quadrifera
Megalostomis pyropyga,Tropisternus collaris
Megalostomis pyropyga,Umbonia crassicornis
Megalostomis pyropyga,Urbanus dorantes
Megalostomis pyropyga,Urbanus procne
Megalostomis pyropyga,Urbanus proteus
Megalostomis pyropyga,Utetheisa ornatrix
Megalostomis pyropyga,Xylocopa fimbriata
Megalostomis pyropyga,Zelus tetracanthus
Mestra amymone,Miathyria marcella
Mestra amymone,Micrathyria didyma
Mestra amymone,Monomorium pharaonis
Mestra amymone,Nectopsyche candida
Mestra amymone,Neocoelidia pallida
Mestra amymone,Oarisma minima
Mestra amymone,Ocyptamus dimidiatus
Mestra amymone,Ornidia obesa
Mestra amymone,Orthemis discolor
Mestra amymone,Orthemis ferruginea
Mestra amymone,Palpada furcata
Mestra amymone,Papilio rumiko
Mestra amymone,Paratettix aztecus
Mestra amymone,Phoebis agarithe
Mestra amymone,Phyciodes picta
Mestra amymone,Phylloicus aeneus
Mestra amymone,Plodia interpunctella
Mestra amymone,Polistes dorsalis
Mestra amymone,Polites vibex
Mestra amymone,Polybia occidentalis
Mestra amymone,Pseudoleon superbus
Mestra amymone,Pyrgus oileus
Mestra amymone,Pyrisitia proterpia
Mestra amymone,Sinea diadema
Mestra amymone,Siproeta stelenes
Mestra amymone,Smicridea fasciatella
Mestra amymone,Smyrna blomfildia
Mestra amymone,Staphylus mazans
Mestra amymone,Strymon albata
Mestra amymone,Supella longipalpa
Mestra amymone,Taphroscelidia linearis
Mestra amymone,Telebasis salva
Mestra amymone,Thecla rufofusca
Mestra amymone,Timochares ruptifasciata
Mestra amymone,Tmolus echion
Mestra amymone,Tripudia quadrifera
Mestra amymone,Tropisternus collaris
Mestra amymone,Umbonia crassicornis
Mestra amymone,Urbanus dorantes
Mestra amymone,Urbanus procne
Mestra amymone,Urbanus proteus
Mestra amymone,Utetheisa ornatrix
Mestra amymone,Xylocopa fimbriata
Mestra amymone,Zelus tetracanthus
Miathyria marcella,Micrathyria didyma
Miathyria marcella,Monomorium pharaonis
Miathyria marcella,Nectopsyche candida
Miathyria marcella,Neocoelidia pallida
Miathyria marcella,Oarisma minima
Miathyria marcella,Ocyptamus dimidiatus
Miathyria marcella,Ornidia obesa
Miathyria marcella,Orthemis discolor
Miathyria marcella,Orthemis ferruginea
Miathyria marcella,Palpada furcata
Miathyria marcella,Papilio rumiko
Miathyria marcella,Paratettix aztecus
Miathyria marcella,Phoebis agarithe
Miathyria marcella,Phyciodes picta
Miathyria marcella,Phylloicus aeneus
Miathyria marcella,Plodia interpunctella
Miathyria marcella,Polistes dorsalis
Miathyria marcella,Polites vibex
Miathyria marcella,Polybia occidentalis
Miathyria marcella,Pseudoleon superbus
Miathyria marcella,Pyrgus oileus
Miathyria marcella,Pyrisitia proterpia
Miathyria marcella,Sinea diadema
Miathyria marcella,Siproeta stelenes
Miathyria marcella,Smicridea fasciatella
Miathyria marcella,Smyrna blomfildia
Miathyria marcella,Staphylus mazans
Miathyria marcella,Strymon albata
Miathyria marcella,Supella longipalpa
Miathyria marcella,Taphroscelidia linearis
Miathyria marcella,Telebasis salva
Miathyria marcella,Thecla rufofusca
Miathyria marcella,Timochares ruptifasciata
Miathyria marcella,Tmolus echion
Miathyria marcella,Tripudia quadrifera
Miathyria marcella,Tropisternus collaris
Miathyria marcella,Umbonia crassicornis
Miathyria marcella,Urbanus dorantes
Miathyria marcella,Urbanus procne
Miathyria marcella,Urbanus proteus
Miathyria marcella,Utetheisa ornatrix
Miathyria marcella,Xylocopa fimbriata
Miathyria marcella,Zelus tetracanthus
Micrathyria didyma,Monomorium pharaonis
Micrathyria didyma,Nectopsyche candida
Micrathyria didyma,Neocoelidia pallida
Micrathyria didyma,Oarisma minima
Micrathyria didyma,Ocyptamus dimidiatus
Micrathyria didyma,Ornidia obesa
Micrathyria didyma,Orthemis discolor
Micrathyria didyma,Orthemis ferruginea
Micrathyria didyma,Palpada furcata
Micrathyria didyma,Papilio rumiko
Micrathyria didyma,Paratettix aztecus
Micrathyria didyma,Phoebis agarithe
Micrathyria didyma,Phyciodes picta
Micrathyria didyma,Phylloicus aeneus
Micrathyria didyma,Plodia interpunctella
Micrathyria didyma,Polistes dorsalis
Micrathyria didyma,Polites vibex
Micrathyria didyma,Polybia occidentalis
Micrathyria didyma,Pseudoleon superbus
Micrathyria didyma,Pyrgus oileus
Micrathyria didyma,Pyrisitia proterpia
Micrathyria didyma,Sinea diadema
Micrathyria didyma,Siproeta stelenes
Micrathyria didyma,Smicridea fasciatella
Micrathyria didyma,Smyrna blomfildia
Micrathyria didyma,Staphylus mazans
Micrathyria didyma,Strymon albata
Micrathyria didyma,Supella longipalpa
Micrathyria didyma,Taphroscelidia linearis
Micrathyria didyma,Telebasis salva
Micrathyria didyma,Thecla rufofusca
Micrathyria didyma,Timochares ruptifasciata
Micrathyria didyma,Tmolus echion
Micrathyria didyma,Tripudia quadrifera
Micrathyria didyma,Tropisternus collaris
Micrathyria didyma,Umbonia crassicornis
Micrathyria didyma,Urbanus dorantes
Micrathyria didyma,Urbanus procne
Micrathyria didyma,Urbanus proteus
Micrathyria didyma,Utetheisa ornatrix
Micrathyria didyma,Xylocopa fimbriata
Micrathyria didyma,Zelus tetracanthus
Monomorium pharaonis,Nectopsyche candida
Monomorium pharaonis,Neocoelidia pallida
Monomorium pharaonis,Oarisma minima
Monomorium pharaonis,Ocyptamus dimidiatus
Monomorium pharaonis,Ornidia obesa
Monomorium pharaonis,Orthemis discolor
Monomorium pharaonis,Orthemis ferruginea
Monomorium pharaonis,Palpada furcata
Monomorium pharaonis,Papilio rumiko
Monomorium pharaonis,Paratettix aztecus
Monomorium pharaonis,Phoebis agarithe
Monomorium pharaonis,Phyciodes picta
Monomorium pharaonis,Phylloicus aeneus
Monomorium pharaonis,Plodia interpunctella
Monomorium pharaonis,Polistes dorsalis
Monomorium pharaonis,Polites vibex
Monomorium pharaonis,Polybia occidentalis
Monomorium pharaonis,Pseudoleon superbus
Monomorium pharaonis,Pyrgus oileus
Monomorium pharaonis,Pyrisitia proterpia
Monomorium pharaonis,Sinea diadema
Monomorium pharaonis,Siproeta stelenes
Monomorium pharaonis,Smicridea fasciatella
Monomorium pharaonis,Smyrna blomfildia
Monomorium pharaonis,Staphylus mazans
Monomorium pharaonis,Strymon albata
Monomorium pharaonis,Supella longipalpa
Monomorium pharaonis,Taphroscelidia linearis
Monomorium pharaonis,Telebasis salva
Monomorium pharaonis,Thecla rufofusca
Monomorium pharaonis,Timochares ruptifasciata
Monomorium pharaonis,Tmolus echion
Monomorium pharaonis,Tripudia quadrifera
Monomorium pharaonis,Tropisternus collaris
Monomorium pharaonis,Umbonia crassicornis
Monomorium pharaonis,Urbanus dorantes
Monomorium pharaonis,Urbanus procne
Monomorium pharaonis,Urbanus proteus
Monomorium pharaonis,Utetheisa ornatrix
Monomorium pharaonis,Xylocopa fimbriata
Monomorium pharaonis,Zelus tetracanthus
Nectopsyche candida,Neocoelidia pallida
Nectopsyche candida,Oarisma minima
Nectopsyche candida,Ocyptamus dimidiatus
Nectopsyche candida,Ornidia obesa
Nectopsyche candida,Orthemis discolor
Nectopsyche candida,Orthemis ferruginea
Nectopsyche candida,Palpada furcata
Nectopsyche candida,Papilio rumiko
Nectopsyche candida,Paratettix aztecus
Nectopsyche candida,Phoebis agarithe
Nectopsyche candida,Phyciodes picta
Nectopsyche candida,Phylloicus aeneus
Nectopsyche candida,Plodia interpunctella
Nectopsyche candida,Polistes dorsalis
Nectopsyche candida,Polites vibex
Nectopsyche candida,Polybia occidentalis
Nectopsyche candida,Pseudoleon superbus
Nectopsyche candida,Pyrgus oileus
Nectopsyche candida,Pyrisitia proterpia
Nectopsyche candida,Sinea diadema
Nectopsyche candida,Siproeta stelenes
Nectopsyche candida,Smicridea fasciatella
Nectopsyche candida,Smyrna blomfildia
Nectopsyche candida,Staphylus mazans
Nectopsyche candida,Strymon albata
Nectopsyche candida,Supella longipalpa
Nectopsyche candida,Taphroscelidia linearis
Nectopsyche candida,Telebasis salva
Nectopsyche candida,Thecla rufofusca
Nectopsyche candida,Timochares ruptifasciata
Nectopsyche candida,Tmolus echion
Nectopsyche candida,Tripudia quadrifera
Nectopsyche candida,Tropisternus collaris
Nectopsyche candida,Umbonia crassicornis
Nectopsyche candida,Urbanus dorantes
Nectopsyche candida,Urbanus procne
Nectopsyche candida,Urbanus proteus
Nectopsyche candida,Utetheisa ornatrix
Nectopsyche candida,Xylocopa fimbriata
Nectopsyche candida,Zelus tetracanthus
Neocoelidia pallida,Oarisma minima
Neocoelidia pallida,Ocyptamus dimidiatus
Neocoelidia pallida,Ornidia obesa
Neocoelidia pallida,Orthemis discolor
Neocoelidia pallida,Orthemis ferruginea
Neocoelidia pallida,Palpada furcata
Neocoelidia pallida,Papilio rumiko
Neocoelidia pallida,Paratettix aztecus
Neocoelidia pallida,Phoebis agarithe
Neocoelidia pallida,Phyciodes picta
Neocoelidia pallida,Phylloicus aeneus
Neocoelidia pallida,Plodia interpunctella
Neocoelidia pallida,Polistes dorsalis
Neocoelidia pallida,Polites vibex
Neocoelidia pallida,Polybia occidentalis
Neocoelidia pallida,Pseudoleon superbus
Neocoelidia pallida,Pyrgus oileus
Neocoelidia pallida,Pyrisitia proterpia
Neocoelidia pallida,Sinea diadema
Neocoelidia pallida,Siproeta stelenes
Neocoelidia pallida,Smicridea fasciatella
Neocoelidia pallida,Smyrna blomfildia
Neocoelidia pallida,Staphylus mazans
Neocoelidia pallida,Strymon albata
Neocoelidia pallida,Supella longipalpa
Neocoelidia pallida,Taphroscelidia linearis
Neocoelidia pallida,Telebasis salva
Neocoelidia pallida,Thecla rufofusca
Neocoelidia pallida,Timochares ruptifasciata
Neocoelidia pallida,Tmolus echion
Neocoelidia pallida,Tripudia quadrifera
Neocoelidia pallida,Tropisternus collaris
Neocoelidia pallida,Umbonia crassicornis
Neocoelidia pallida,Urbanus dorantes
Neocoelidia pallida,Urbanus procne
Neocoelidia pallida,Urbanus proteus
Neocoelidia pallida,Utetheisa ornatrix
Neocoelidia pallida,Xylocopa fimbriata
Neocoelidia pallida,Zelus tetracanthus
Oarisma minima,Ocyptamus dimidiatus
Oarisma minima,Ornidia obesa
Oarisma minima,Orthemis discolor
Oarisma minima,Orthemis ferruginea
Oarisma minima,Palpada furcata
Oarisma minima,Papilio rumiko
Oarisma minima,Paratettix aztecus
Oarisma minima,Phoebis agarithe
Oarisma minima,Phyciodes picta
Oarisma minima,Phylloicus aeneus
Oarisma minima,Plodia interpunctella
Oarisma minima,Polistes dorsalis
Oarisma minima,Polites vibex
Oarisma minima,Polybia occidentalis
Oarisma minima,Pseudoleon superbus
Oarisma minima,Pyrgus oileus
Oarisma minima,Pyrisitia proterpia
Oarisma minima,Sinea diadema
Oarisma minima,Siproeta stelenes
Oarisma minima,Smicridea fasciatella
Oarisma minima,Smyrna blomfildia
Oarisma minima,Staphylus mazans
Oarisma minima,Strymon albata
Oarisma minima,Supella longipalpa
Oarisma minima,Taphroscelidia linearis
Oarisma minima,Telebasis salva
Oarisma minima,Thecla rufofusca
Oarisma minima,Timochares ruptifasciata
Oarisma minima,Tmolus echion
Oarisma minima,Tripudia quadrifera
Oarisma minima,Tropisternus collaris
Oarisma minima,Umbonia crassicornis
Oarisma minima,Urbanus dorantes
Oarisma minima,Urbanus procne
Oarisma minima,Urbanus proteus
Oarisma minima,Utetheisa ornatrix
Oarisma minima,Xylocopa fimbriata
Oarisma minima,Zelus tetracanthus
Ocyptamus dimidiatus,Ornidia obesa
Ocyptamus dimidiatus,Orthemis discolor
Ocyptamus dimidiatus,Orthemis ferruginea
Ocyptamus dimidiatus,Palpada furcata
Ocyptamus dimidiatus,Papilio rumiko
Ocyptamus dimidiatus,Paratettix aztecus
Ocyptamus dimidiatus,Phoebis agarithe
Ocyptamus dimidiatus,Phyciodes picta
Ocyptamus dimidiatus,Phylloicus aeneus
Ocyptamus dimidiatus,Plodia interpunctella
Ocyptamus dimidiatus,Polistes dorsalis
Ocyptamus dimidiatus,Polites vibex
Ocyptamus dimidiatus,Polybia occidentalis
Ocyptamus dimidiatus,Pseudoleon superbus
Ocyptamus dimidiatus,Pyrgus oileus
Ocyptamus dimidiatus,Pyrisitia proterpia
Ocyptamus dimidiatus,Sinea diadema
Ocyptamus dimidiatus,Siproeta stelenes
Ocyptamus dimidiatus,Smicridea fasciatella
Ocyptamus dimidiatus,Smyrna blomfildia
Ocyptamus dimidiatus,Staphylus mazans
Ocyptamus dimidiatus,Strymon albata
Ocyptamus dimidiatus,Supella longipalpa
Ocyptamus dimidiatus,Taphroscelidia linearis
Ocyptamus dimidiatus,Telebasis salva
Ocyptamus dimidiatus,Thecla rufofusca
Ocyptamus dimidiatus,Timochares ruptifasciata
Ocyptamus dimidiatus,Tmolus echion
Ocyptamus dimidiatus,Tripudia quadrifera
Ocyptamus dimidiatus,Tropisternus collaris
Ocyptamus dimidiatus,Umbonia crassicornis
Ocyptamus dimidiatus,Urbanus dorantes
Ocyptamus dimidiatus,Urbanus procne
Ocyptamus dimidiatus,Urbanus proteus
Ocyptamus dimidiatus,Utetheisa ornatrix
Ocyptamus dimidiatus,Xylocopa fimbriata
Ocyptamus dimidiatus,Zelus tetracanthus
Ornidia obesa,Orthemis discolor
Ornidia obesa,Orthemis ferruginea
Ornidia obesa,Palpada furcata
Ornidia obesa,Papilio rumiko
Ornidia obesa,Paratettix aztecus
Ornidia obesa,Phoebis agarithe
Ornidia obesa,Phyciodes picta
Ornidia obesa,Phylloicus aeneus
Ornidia obesa,Plodia interpunctella
Ornidia obesa,Polistes dorsalis
Ornidia obesa,Polites vibex
Ornidia obesa,Polybia occidentalis
Ornidia obesa,Pseudoleon superbus
Ornidia obesa,Pyrgus oileus
Ornidia obesa,Pyrisitia proterpia
Ornidia obesa,Sinea diadema
Ornidia obesa,Siproeta stelenes
Ornidia obesa,Smicridea fasciatella
Ornidia obesa,Smyrna blomfildia
Ornidia obesa,Staphylus mazans
Ornidia obesa,Strymon albata
Ornidia obesa,Supella longipalpa
Ornidia obesa,Taphroscelidia linearis
Ornidia obesa,Telebasis salva
Ornidia obesa,Thecla rufofusca
Ornidia obesa,Timochares ruptifasciata
Ornidia obesa,Tmolus echion
Ornidia obesa,Tripudia quadrifera
Ornidia obesa,Tropisternus collaris
Ornidia obesa,Umbonia crassicornis
Ornidia obesa,Urbanus dorantes
Ornidia obesa,Urbanus procne
Ornidia obesa,Urbanus proteus
Ornidia obesa,Utetheisa ornatrix
Ornidia obesa,Xylocopa fimbriata
Ornidia obesa,Zelus tetracanthus
Orthemis discolor,Orthemis ferruginea
Orthemis discolor,Palpada furcata
Orthemis discolor,Papilio rumiko
Orthemis discolor,Paratettix aztecus
Orthemis discolor,Phoebis agarithe
Orthemis discolor,Phyciodes picta
Orthemis discolor,Phylloicus aeneus
Orthemis discolor,Plodia interpunctella
Orthemis discolor,Polistes dorsalis
Orthemis discolor,Polites vibex
Orthemis discolor,Polybia occidentalis
Orthemis discolor,Pseudoleon superbus
Orthemis discolor,Pyrgus oileus
Orthemis discolor,Pyrisitia proterpia
Orthemis discolor,Sinea diadema
Orthemis discolor,Siproeta stelenes
Orthemis discolor,Smicridea fasciatella
Orthemis discolor,Smyrna blomfildia
Orthemis discolor,Staphylus mazans
Orthemis discolor,Strymon albata
Orthemis discolor,Supella longipalpa
Orthemis discolor,Taphroscelidia linearis
Orthemis discolor,Telebasis salva
Orthemis discolor,Thecla rufofusca
Orthemis discolor,Timochares ruptifasciata
Orthemis discolor,Tmolus echion
Orthemis discolor,Tripudia quadrifera
Orthemis discolor,Tropisternus collaris
Orthemis discolor,Umbonia crassicornis
Orthemis discolor,Urbanus dorantes
Orthemis discolor,Urbanus procne
Orthemis discolor,Urbanus proteus
Orthemis discolor,Utetheisa ornatrix
Orthemis discolor,Xylocopa fimbriata
Orthemis discolor,Zelus tetracanthus
Orthemis ferruginea,Palpada furcata
Orthemis ferruginea,Papilio rumiko
Orthemis ferruginea,Paratettix aztecus
Orthemis ferruginea,Phoebis agarithe
Orthemis ferruginea,Phyciodes picta
Orthemis ferruginea,Phylloicus aeneus
Orthemis ferruginea,Plodia interpunctella
Orthemis ferruginea,Polistes dorsalis
Orthemis ferruginea,Polites vibex
Orthemis ferruginea,Polybia occidentalis
Orthemis ferruginea,Pseudoleon superbus
Orthemis ferruginea,Pyrgus oileus
Orthemis ferruginea,Pyrisitia proterpia
Orthemis ferruginea,Sinea diadema
Orthemis ferruginea,Siproeta stelenes
Orthemis ferruginea,Smicridea fasciatella
Orthemis ferruginea,Smyrna blomfildia
Orthemis ferruginea,Staphylus mazans
Orthemis ferruginea,Strymon albata
Orthemis ferruginea,Supella longipalpa
Orthemis ferruginea,Taphroscelidia linearis
Orthemis ferruginea,Telebasis salva
Orthemis ferruginea,Thecla rufofusca
Orthemis ferruginea,Timochares ruptifasciata
Orthemis ferruginea,Tmolus echion
Orthemis ferruginea,Tripudia quadrifera
Orthemis ferruginea,Tropisternus collaris
Orthemis ferruginea,Umbonia crassicornis
Orthemis ferruginea,Urbanus dorantes
Orthemis ferruginea,Urbanus procne
Orthemis ferruginea,Urbanus proteus
Orthemis ferruginea,Utetheisa ornatrix
Orthemis ferruginea,Xylocopa fimbriata
Orthemis ferruginea,Zelus tetracanthus
Palpada furcata,Papilio rumiko
Palpada furcata,Paratettix aztecus
Palpada furcata,Phoebis agarithe
Palpada furcata,Phyciodes picta
Palpada furcata,Phylloicus aeneus
Palpada furcata,Plodia interpunctella
Palpada furcata,Polistes dorsalis
Palpada furcata,Polites vibex
Palpada furcata,Polybia occidentalis
Palpada furcata,Pseudoleon superbus
Palpada furcata,Pyrgus oileus
Palpada furcata,Pyrisitia proterpia
Palpada furcata,Sinea diadema
Palpada furcata,Siproeta stelenes
Palpada furcata,Smicridea fasciatella
Palpada furcata,Smyrna blomfildia
Palpada furcata,Staphylus mazans
Palpada furcata,Strymon albata
Palpada furcata,Supella longipalpa
Palpada furcata,Taphroscelidia linearis
Palpada furcata,Telebasis salva
Palpada furcata,Thecla rufofusca
Palpada furcata,Timochares ruptifasciata
Palpada furcata,Tmolus echion
Palpada furcata,Tripudia quadrifera
Palpada furcata,Tropisternus collaris
Palpada furcata,Umbonia crassicornis
Palpada furcata,Urbanus dorantes
Palpada furcata,Urbanus procne
Palpada furcata,Urbanus proteus
Palpada furcata,Utetheisa ornatrix
Palpada furcata,Xylocopa fimbriata
Palpada furcata,Zelus tetracanthus
Papilio rumiko,Paratettix aztecus
Papilio rumiko,Phoebis agarithe
Papilio rumiko,Phyciodes picta
Papilio rumiko,Phylloicus aeneus
Papilio rumiko,Plodia interpunctella
Papilio rumiko,Polistes dorsalis
Papilio rumiko,Polites vibex
Papilio rumiko,Polybia occidentalis
Papilio rumiko,Pseudoleon superbus
Papilio rumiko,Pyrgus oileus
Papilio rumiko,Pyrisitia proterpia
Papilio rumiko,Sinea diadema
Papilio rumiko,Siproeta stelenes
Papilio rumiko,Smicridea fasciatella
Papilio rumiko,Smyrna blomfildia
Papilio rumiko,Staphylus mazans
Papilio rumiko,Strymon albata
Papilio rumiko,Supella longipalpa
Papilio rumiko,Taphroscelidia linearis
Papilio rumiko,Telebasis salva
Papilio rumiko,Thecla rufofusca
Papilio rumiko,Timochares ruptifasciata
Papilio rumiko,Tmolus echion
Papilio rumiko,Tripudia quadrifera
Papilio rumiko,Tropisternus collaris
Papilio rumiko,Umbonia crassicornis
Papilio rumiko,Urbanus dorantes
Papilio rumiko,Urbanus procne
Papilio rumiko,Urbanus proteus
Papilio rumiko,Utetheisa ornatrix
Papilio rumiko,Xylocopa fimbriata
Papilio rumiko,Zelus tetracanthus
Paratettix aztecus,Phoebis agarithe
Paratettix aztecus,Phyciodes picta
Paratettix aztecus,Phylloicus aeneus
Paratettix aztecus,Plodia interpunctella
Paratettix aztecus,Polistes dorsalis
Paratettix aztecus,Polites vibex
Paratettix aztecus,Polybia occidentalis
Paratettix aztecus,Pseudoleon superbus
Paratettix aztecus,Pyrgus oileus
Paratettix aztecus,Pyrisitia proterpia
Paratettix aztecus,Sinea diadema
Paratettix aztecus,Siproeta stelenes
Paratettix aztecus,Smicridea fasciatella
Paratettix aztecus,Smyrna blomfildia
Paratettix aztecus,Staphylus mazans
Paratettix aztecus,Strymon albata
Paratettix aztecus,Supella longipalpa
Paratettix aztecus,Taphroscelidia linearis
Paratettix aztecus,Telebasis salva
Paratettix aztecus,Thecla rufofusca
Paratettix aztecus,Timochares ruptifasciata
Paratettix aztecus,Tmolus echion
Paratettix aztecus,Tripudia quadrifera
Paratettix aztecus,Tropisternus collaris
Paratettix aztecus,Umbonia crassicornis
Paratettix aztecus,Urbanus dorantes
Paratettix aztecus,Urbanus procne
Paratettix aztecus,Urbanus proteus
Paratettix aztecus,Utetheisa ornatrix
Paratettix aztecus,Xylocopa fimbriata
Paratettix aztecus,Zelus tetracanthus
Phoebis agarithe,Phyciodes picta
Phoebis agarithe,Phylloicus aeneus
Phoebis agarithe,Plodia interpunctella
Phoebis agarithe,Polistes dorsalis
Phoebis agarithe,Polites vibex
Phoebis agarithe,Polybia occidentalis
Phoebis agarithe,Pseudoleon superbus
Phoebis agarithe,Pyrgus oileus
Phoebis agarithe,Pyrisitia proterpia
Phoebis agarithe,Sinea diadema
Phoebis agarithe,Siproeta stelenes
Phoebis agarithe,Smicridea fasciatella
Phoebis agarithe,Smyrna blomfildia
Phoebis agarithe,Staphylus mazans
Phoebis agarithe,Strymon albata
Phoebis agarithe,Supella longipalpa
Phoebis agarithe,Taphroscelidia linearis
Phoebis agarithe,Telebasis salva
Phoebis agarithe,Thecla rufofusca
Phoebis agarithe,Timochares ruptifasciata
Phoebis agarithe,Tmolus echion
Phoebis agarithe,Tripudia quadrifera
Phoebis agarithe,Tropisternus collaris
Phoebis agarithe,Umbonia crassicornis
Phoebis agarithe,Urbanus dorantes
Phoebis agarithe,Urbanus procne
Phoebis agarithe,Urbanus proteus
Phoebis agarithe,Utetheisa ornatrix
Phoebis agarithe,Xylocopa fimbriata
Phoebis agarithe,Zelus tetracanthus
Phyciodes picta,Phylloicus aeneus
Phyciodes picta,Plodia interpunctella
Phyciodes picta,Polistes dorsalis
Phyciodes picta,Polites vibex
Phyciodes picta,Polybia occidentalis
Phyciodes picta,Pseudoleon superbus
Phyciodes picta,Pyrgus oileus
Phyciodes picta,Pyrisitia proterpia
Phyciodes picta,Sinea diadema
Phyciodes picta,Siproeta stelenes
Phyciodes picta,Smicridea fasciatella
Phyciodes picta,Smyrna blomfildia
Phyciodes picta,Staphylus mazans
Phyciodes picta,Strymon albata
Phyciodes picta,Supella longipalpa
Phyciodes picta,Taphroscelidia linearis
Phyciodes picta,Telebasis salva
Phyciodes picta,Thecla rufofusca
Phyciodes picta,Timochares ruptifasciata
Phyciodes picta,Tmolus echion
Phyciodes picta,Tripudia quadrifera
Phyciodes picta,Tropisternus collaris
Phyciodes picta,Umbonia crassicornis
Phyciodes picta,Urbanus dorantes
Phyciodes picta,Urbanus procne
Phyciodes picta,Urbanus proteus
Phyciodes picta,Utetheisa ornatrix
Phyciodes picta,Xylocopa fimbriata
Phyciodes picta,Zelus tetracanthus
Phylloicus aeneus,Plodia interpunctella
Phylloicus aeneus,Polistes dorsalis
Phylloicus aeneus,Polites vibex
Phylloicus aeneus,Polybia occidentalis
Phylloicus aeneus,Pseudoleon superbus
Phylloicus aeneus,Pyrgus oileus
Phylloicus aeneus,Pyrisitia proterpia
Phylloicus aeneus,Sinea diadema
Phylloicus aeneus,Siproeta stelenes
Phylloicus aeneus,Smicridea fasciatella
Phylloicus aeneus,Smyrna blomfildia
Phylloicus aeneus,Staphylus mazans
Phylloicus aeneus,Strymon albata
Phylloicus aeneus,Supella longipalpa
Phylloicus aeneus,Taphroscelidia linearis
Phylloicus aeneus,Telebasis salva
Phylloicus aeneus,Thecla rufofusca
Phylloicus aeneus,Timochares ruptifasciata
Phylloicus aeneus,Tmolus echion
Phylloicus aeneus,Tripudia quadrifera
Phylloicus aeneus,Tropisternus collaris
Phylloicus aeneus,Umbonia crassicornis
Phylloicus aeneus,Urbanus dorantes
Phylloicus aeneus,Urbanus procne
Phylloicus aeneus,Urbanus proteus
Phylloicus aeneus,Utetheisa ornatrix
Phylloicus aeneus,Xylocopa fimbriata
Phylloicus aeneus,Zelus tetracanthus
Plodia interpunctella,Polistes dorsalis
Plodia interpunctella,Polites vibex
Plodia interpunctella,Polybia occidentalis
Plodia interpunctella,Pseudoleon superbus
Plodia interpunctella,Pyrgus oileus
Plodia interpunctella,Pyrisitia proterpia
Plodia interpunctella,Sinea diadema
Plodia interpunctella,Siproeta stelenes
Plodia interpunctella,Smicridea fasciatella
Plodia interpunctella,Smyrna blomfildia
Plodia interpunctella,Staphylus mazans
Plodia interpunctella,Strymon albata
Plodia interpunctella,Supella longipalpa
Plodia interpunctella,Taphroscelidia linearis
Plodia interpunctella,Telebasis salva
Plodia interpunctella,Thecla rufofusca
Plodia interpunctella,Timochares ruptifasciata
Plodia interpunctella,Tmolus echion
Plodia interpunctella,Tripudia quadrifera
Plodia interpunctella,Tropisternus collaris
Plodia interpunctella,Umbonia crassicornis
Plodia interpunctella,Urbanus dorantes
Plodia interpunctella,Urbanus procne
Plodia interpunctella,Urbanus proteus
Plodia interpunctella,Utetheisa ornatrix
Plodia interpunctella,Xylocopa fimbriata
Plodia interpunctella,Zelus tetracanthus
Polistes dorsalis,Polites vibex
Polistes dorsalis,Polybia occidentalis
Polistes dorsalis,Pseudoleon superbus
Polistes dorsalis,Pyrgus oileus
Polistes dorsalis,Pyrisitia proterpia
Polistes dorsalis,Sinea diadema
Polistes dorsalis,Siproeta stelenes
Polistes dorsalis,Smicridea fasciatella
Polistes dorsalis,Smyrna blomfildia
Polistes dorsalis,Staphylus mazans
Polistes dorsalis,Strymon albata
Polistes dorsalis,Supella longipalpa
Polistes dorsalis,Taphroscelidia linearis
Polistes dorsalis,Telebasis salva
Polistes dorsalis,Thecla rufofusca
Polistes dorsalis,Timochares ruptifasciata
Polistes dorsalis,Tmolus echion
Polistes dorsalis,Tripudia quadrifera
Polistes dorsalis,Tropisternus collaris
Polistes dorsalis,Umbonia crassicornis
Polistes dorsalis,Urbanus dorantes
Polistes dorsalis,Urbanus procne
Polistes dorsalis,Urbanus proteus
Polistes dorsalis,Utetheisa ornatrix
Polistes dorsalis,Xylocopa fimbriata
Polistes dorsalis,Zelus tetracanthus
Polites vibex,Polybia occidentalis
Polites vibex,Pseudoleon superbus
Polites vibex,Pyrgus oileus
Polites vibex,Pyrisitia proterpia
Polites vibex,Sinea diadema
Polites vibex,Siproeta stelenes
Polites vibex,Smicridea fasciatella
Polites vibex,Smyrna blomfildia
Polites vibex,Staphylus mazans
Polites vibex,Strymon albata
Polites vibex,Supella longipalpa
Polites vibex,Taphroscelidia linearis
Polites vibex,Telebasis salva
Polites vibex,Thecla rufofusca
Polites vibex,Timochares ruptifasciata
Polites vibex,Tmolus echion
Polites vibex,Tripudia quadrifera
Polites vibex,Tropisternus collaris
Polites vibex,Umbonia crassicornis
Polites vibex,Urbanus dorantes
Polites vibex,Urbanus procne
Polites vibex,Urbanus proteus
Polites vibex,Utetheisa ornatrix
Polites vibex,Xylocopa fimbriata
Polites vibex,Zelus tetracanthus
Polybia occidentalis,Pseudoleon superbus
Polybia occidentalis,Pyrgus oileus
Polybia occidentalis,Pyrisitia proterpia
Polybia occidentalis,Sinea diadema
Polybia occidentalis,Siproeta stelenes
Polybia occidentalis,Smicridea fasciatella
Polybia occidentalis,Smyrna blomfildia
Polybia occidentalis,Staphylus mazans
Polybia occidentalis,Strymon albata
Polybia occidentalis,Supella longipalpa
Polybia occidentalis,Taphroscelidia linearis
Polybia occidentalis,Telebasis salva
Polybia occidentalis,Thecla rufofusca
Polybia occidentalis,Timochares ruptifasciata
Polybia occidentalis,Tmolus echion
Polybia occidentalis,Tripudia quadrifera
Polybia occidentalis,Tropisternus collaris
Polybia occidentalis,Umbonia crassicornis
Polybia occidentalis,Urbanus dorantes
Polybia occidentalis,Urbanus procne
Polybia occidentalis,Urbanus proteus
Polybia occidentalis,Utetheisa ornatrix
Polybia occidentalis,Xylocopa fimbriata
Polybia occidentalis,Zelus tetracanthus
Pseudoleon superbus,Pyrgus oileus
Pseudoleon superbus,Pyrisitia proterpia
Pseudoleon superbus,Sinea diadema
Pseudoleon superbus,Siproeta stelenes
Pseudoleon superbus,Smicridea fasciatella
Pseudoleon superbus,Smyrna blomfildia
Pseudoleon superbus,Staphylus mazans
Pseudoleon superbus,Strymon albata
Pseudoleon superbus,Supella longipalpa
Pseudoleon superbus,Taphroscelidia linearis
Pseudoleon superbus,Telebasis salva
Pseudoleon superbus,Thecla rufofusca
Pseudoleon superbus,Timochares ruptifasciata
Pseudoleon superbus,Tmolus echion
Pseudoleon superbus,Tripudia quadrifera
Pseudoleon superbus,Tropisternus collaris
Pseudoleon superbus,Umbonia crassicornis
Pseudoleon superbus,Urbanus dorantes
Pseudoleon superbus,Urbanus procne
Pseudoleon superbus,Urbanus proteus
Pseudoleon superbus,Utetheisa ornatrix
Pseudoleon superbus,Xylocopa fimbriata
Pseudoleon superbus,Zelus tetracanthus
Pyrgus oileus,Pyrisitia proterpia
Pyrgus oileus,Sinea diadema
Pyrgus oileus,Siproeta stelenes
Pyrgus oileus,Smicridea fasciatella
Pyrgus oileus,Smyrna blomfildia
Pyrgus oileus,Staphylus mazans
Pyrgus oileus,Strymon albata
Pyrgus oileus,Supella longipalpa
Pyrgus oileus,Taphroscelidia linearis
Pyrgus oileus,Telebasis salva
Pyrgus oileus,Thecla rufofusca
Pyrgus oileus,Timochares ruptifasciata
Pyrgus oileus,Tmolus echion
Pyrgus oileus,Tripudia quadrifera
Pyrgus oileus,Tropisternus collaris
Pyrgus oileus,Umbonia crassicornis
Pyrgus oileus,Urbanus dorantes
Pyrgus oileus,Urbanus procne
Pyrgus oileus,Urbanus proteus
Pyrgus oileus,Utetheisa ornatrix
Pyrgus oileus,Xylocopa fimbriata
Pyrgus oileus,Zelus tetracanthus
Pyrisitia proterpia,Sinea diadema
Pyrisitia proterpia,Siproeta stelenes
Pyrisitia proterpia,Smicridea fasciatella
Pyrisitia proterpia,Smyrna blomfildia
Pyrisitia proterpia,Staphylus mazans
Pyrisitia proterpia,Strymon albata
Pyrisitia proterpia,Supella longipalpa
Pyrisitia proterpia,Taphroscelidia linearis
Pyrisitia proterpia,Telebasis salva
Pyrisitia proterpia,Thecla rufofusca
Pyrisitia proterpia,Timochares ruptifasciata
Pyrisitia proterpia,Tmolus echion
Pyrisitia proterpia,Tripudia quadrifera
Pyrisitia proterpia,Tropisternus collaris
Pyrisitia proterpia,Umbonia crassicornis
Pyrisitia proterpia,Urbanus dorantes
Pyrisitia proterpia,Urbanus procne
Pyrisitia proterpia,Urbanus proteus
Pyrisitia proterpia,Utetheisa ornatrix
Pyrisitia proterpia,Xylocopa fimbriata
Pyrisitia proterpia,Zelus tetracanthus
Sinea diadema,Siproeta stelenes
Sinea diadema,Smicridea fasciatella
Sinea diadema,Smyrna blomfildia
Sinea diadema,Staphylus mazans
Sinea diadema,Strymon albata
Sinea diadema,Supella longipalpa
Sinea diadema,Taphroscelidia linearis
Sinea diadema,Telebasis salva
Sinea diadema,Thecla rufofusca
Sinea diadema,Timochares ruptifasciata
Sinea diadema,Tmolus echion
Sinea diadema,Tripudia quadrifera
Sinea diadema,Tropisternus collaris
Sinea diadema,Umbonia crassicornis
Sinea diadema,Urbanus dorantes
Sinea diadema,Urbanus procne
Sinea diadema,Urbanus proteus
Sinea diadema,Utetheisa ornatrix
Sinea diadema,Xylocopa fimbriata
Sinea diadema,Zelus tetracanthus
Siproeta stelenes,Smicridea fasciatella
Siproeta stelenes,Smyrna blomfildia
Siproeta stelenes,Staphylus mazans
Siproeta stelenes,Strymon albata
Siproeta stelenes,Supella longipalpa
Siproeta stelenes,Taphroscelidia linearis
Siproeta stelenes,Telebasis salva
Siproeta stelenes,Thecla rufofusca
Siproeta stelenes,Timochares ruptifasciata
Siproeta stelenes,Tmolus echion
Siproeta stelenes,Tripudia quadrifera
Siproeta stelenes,Tropisternus collaris
Siproeta stelenes,Umbonia crassicornis
Siproeta stelenes,Urbanus dorantes
Siproeta stelenes,Urbanus procne
Siproeta stelenes,Urbanus proteus
Siproeta stelenes,Utetheisa ornatrix
Siproeta stelenes,Xylocopa fimbriata
Siproeta stelenes,Zelus tetracanthus
Smicridea fasciatella,Smyrna blomfildia
Smicridea fasciatella,Staphylus mazans
Smicridea fasciatella,Strymon albata
Smicridea fasciatella,Supella longipalpa
Smicridea fasciatella,Taphroscelidia linearis
Smicridea fasciatella,Telebasis salva
Smicridea fasciatella,Thecla rufofusca
Smicridea fasciatella,Timochares ruptifasciata
Smicridea fasciatella,Tmolus echion
Smicridea fasciatella,Tripudia quadrifera
Smicridea fasciatella,Tropisternus collaris
Smicridea fasciatella,Umbonia crassicornis
Smicridea fasciatella,Urbanus dorantes
Smicridea fasciatella,Urbanus procne
Smicridea fasciatella,Urbanus proteus
Smicridea fasciatella,Utetheisa ornatrix
Smicridea fasciatella,Xylocopa fimbriata
Smicridea fasciatella,Zelus tetracanthus
Smyrna blomfildia,Staphylus mazans
Smyrna blomfildia,Strymon albata
Smyrna blomfildia,Supella longipalpa
Smyrna blomfildia,Taphroscelidia linearis
Smyrna blomfildia,Telebasis salva
Smyrna blomfildia,Thecla rufofusca
Smyrna blomfildia,Timochares ruptifasciata
Smyrna blomfildia,Tmolus echion
Smyrna blomfildia,Tripudia quadrifera
Smyrna blomfildia,Tropisternus collaris
Smyrna blomfildia,Umbonia crassicornis
Smyrna blomfildia,Urbanus dorantes
Smyrna blomfildia,Urbanus procne
Smyrna blomfildia,Urbanus proteus
Smyrna blomfildia,Utetheisa ornatrix
Smyrna blomfildia,Xylocopa fimbriata
Smyrna blomfildia,Zelus tetracanthus
Staphylus mazans,Strymon albata
Staphylus mazans,Supella longipalpa
Staphylus mazans,Taphroscelidia linearis
Staphylus mazans,Telebasis salva
Staphylus mazans,Thecla rufofusca
Staphylus mazans,Timochares ruptifasciata
Staphylus mazans,Tmolus echion
Staphylus mazans,Tripudia quadrifera
Staphylus mazans,Tropisternus collaris
Staphylus mazans,Umbonia crassicornis
Staphylus mazans,Urbanus dorantes
Staphylus mazans,Urbanus procne
Staphylus mazans,Urbanus proteus
Staphylus mazans,Utetheisa ornatrix
Staphylus mazans,Xylocopa fimbriata
Staphylus mazans,Zelus tetracanthus
Strymon albata,Supella longipalpa
Strymon albata,Taphroscelidia linearis
Strymon albata,Telebasis salva
Strymon albata,Thecla rufofusca
Strymon albata,Timochares ruptifasciata
Strymon albata,Tmolus echion
Strymon albata,Tripudia quadrifera
Strymon albata,Tropisternus collaris
Strymon albata,Umbonia crassicornis
Strymon albata,Urbanus dorantes
Strymon albata,Urbanus procne
Strymon albata,Urbanus proteus
Strymon albata,Utetheisa ornatrix
Strymon albata,Xylocopa fimbriata
Strymon albata,Zelus tetracanthus
Supella longipalpa,Taphroscelidia linearis
Supella longipalpa,Telebasis salva
Supella longipalpa,Thecla rufofusca
Supella longipalpa,Timochares ruptifasciata
Supella longipalpa,Tmolus echion
Supella longipalpa,Tripudia quadrifera
Supella longipalpa,Tropisternus collaris
Supella longipalpa,Umbonia crassicornis
Supella longipalpa,Urbanus dorantes
Supella longipalpa,Urbanus procne
Supella longipalpa,Urbanus proteus
Supella longipalpa,Utetheisa ornatrix
Supella longipalpa,Xylocopa fimbriata
Supella longipalpa,Zelus tetracanthus
Taphroscelidia linearis,Telebasis salva
Taphroscelidia linearis,Thecla rufofusca
Taphroscelidia linearis,Timochares ruptifasciata
Taphroscelidia linearis,Tmolus echion
Taphroscelidia linearis,Tripudia quadrifera
Taphroscelidia linearis,Tropisternus collaris
Taphroscelidia linearis,Umbonia crassicornis
Taphroscelidia linearis,Urbanus dorantes
Taphroscelidia linearis,Urbanus procne
Taphroscelidia linearis,Urbanus proteus
Taphroscelidia linearis,Utetheisa ornatrix
Taphroscelidia linearis,Xylocopa fimbriata
Taphroscelidia linearis,Zelus tetracanthus
Telebasis salva,Thecla rufofusca
Telebasis salva,Timochares ruptifasciata
Telebasis salva,Tmolus echion
Telebasis salva,Tripudia quadrifera
Telebasis salva,Tropisternus collaris
Telebasis salva,Umbonia crassicornis
Telebasis salva,Urbanus dorantes
Telebasis salva,Urbanus procne
Telebasis salva,Urbanus proteus
Telebasis salva,Utetheisa ornatrix
Telebasis salva,Xylocopa fimbriata
Telebasis salva,Zelus tetracanthus
Thecla rufofusca,Timochares ruptifasciata
Thecla rufofusca,Tmolus echion
Thecla rufofusca,Tripudia quadrifera
Thecla rufofusca,Tropisternus collaris
Thecla rufofusca,Umbonia crassicornis
Thecla rufofusca,Urbanus dorantes
Thecla rufofusca,Urbanus procne
Thecla rufofusca,Urbanus proteus
Thecla rufofusca,Utetheisa ornatrix
Thecla rufofusca,Xylocopa fimbriata
Thecla rufofusca,Zelus tetracanthus
Timochares ruptifasciata,Tmolus echion
Timochares ruptifasciata,Tripudia quadrifera
Timochares ruptifasciata,Tropisternus collaris
Timochares ruptifasciata,Umbonia crassicornis
Timochares ruptifasciata,Urbanus dorantes
Timochares ruptifasciata,Urbanus procne
Timochares ruptifasciata,Urbanus proteus
Timochares ruptifasciata,Utetheisa ornatrix
Timochares ruptifasciata,Xylocopa fimbriata
Timochares ruptifasciata,Zelus tetracanthus
Tmolus echion,Tripudia quadrifera
Tmolus echion,Tropisternus collaris
Tmolus echion,Umbonia crassicornis
Tmolus echion,Urbanus dorantes
Tmolus echion,Urbanus procne
Tmolus echion,Urbanus proteus
Tmolus echion,Utetheisa ornatrix
Tmolus echion,Xylocopa fimbriata
Tmolus echion,Zelus tetracanthus
Tripudia quadrifera,Tropisternus collaris
Tripudia quadrifera,Umbonia crassicornis
Tripudia quadrifera,Urbanus dorantes
Tripudia quadrifera,Urbanus procne
Tripudia quadrifera,Urbanus proteus
Tripudia quadrifera,Utetheisa ornatrix
Tripudia quadrifera,Xylocopa fimbriata
Tripudia quadrifera,Zelus tetracanthus
Tropisternus collaris,Umbonia crassicornis
Tropisternus collaris,Urbanus dorantes
Tropisternus collaris,Urbanus procne
Tropisternus collaris,Urbanus proteus
Tropisternus collaris,Utetheisa ornatrix
Tropisternus collaris,Xylocopa fimbriata
Tropisternus collaris,Zelus tetracanthus
Umbonia crassicornis,Urbanus dorantes
Umbonia crassicornis,Urbanus procne
Umbonia crassicornis,Urbanus proteus
Umbonia crassicornis,Utetheisa ornatrix
Umbonia crassicornis,Xylocopa fimbriata
Umbonia crassicornis,Zelus tetracanthus
Urbanus dorantes,Urbanus procne
Urbanus dorantes,Urbanus proteus
Urbanus dorantes,Utetheisa ornatrix
Urbanus dorantes,Xylocopa fimbriata
Urbanus dorantes,Zelus tetracanthus
Urbanus procne,Urbanus proteus
Urbanus procne,Utetheisa ornatrix
Urbanus procne,Xylocopa fimbriata
Urbanus procne,Zelus tetracanthus
Urbanus proteus,Utetheisa ornatrix
Urbanus proteus,Xylocopa fimbriata
Urbanus proteus,Zelus tetracanthus
Utetheisa ornatrix,Xylocopa fimbriata
Utetheisa ornatrix,Zelus tetracanthus
Xylocopa fimbriata,Zelus tetracanthus
Danaus gilippus,Danaus plexippus
Danaus gilippus,Libytheana carinenta
Danaus gilippus,Orthemis ferruginea
Danaus gilippus,Papilio rumiko
Danaus gilippus,Pyrisitia nise
Danaus gilippus,Smicridea fasciatella
Danaus plexippus,Libytheana carinenta
Danaus plexippus,Orthemis ferruginea
Danaus plexippus,Papilio rumiko
Danaus plexippus,Pyrisitia nise
Danaus plexippus,Smicridea fasciatella
Libytheana carinenta,Orthemis ferruginea
Libytheana carinenta,Papilio rumiko
Libytheana carinenta,Pyrisitia nise
Libytheana carinenta,Smicridea fasciatella
Orthemis ferruginea,Papilio rumiko
Orthemis ferruginea,Pyrisitia nise
Orthemis ferruginea,Smicridea fasciatella
Papilio rumiko,Pyrisitia nise
Papilio rumiko,Smicridea fasciatella
Pyrisitia nise,Smicridea fasciatella
Anartia jatrophae,Colobura dirce
Anartia jatrophae,Eresia phillyra
Anartia jatrophae,Membracis mexicana
Anartia jatrophae,Rhynchophorus palmarum
Colobura dirce,Eresia phillyra
Colobura dirce,Membracis mexicana
Colobura dirce,Rhynchophorus palmarum
Eresia phillyra,Membracis mexicana
Eresia phillyra,Rhynchophorus palmarum
Membracis mexicana,Rhynchophorus palmarum
Abracris flavolineata,Achlyodes pallida
Abracris flavolineata,Adelpha basiloides
Abracris flavolineata,Anartia fatima
Abracris flavolineata,Anartia jatrophae
Abracris flavolineata,Anchitrichia spangleri
Abracris flavolineata,Anthanassa tulcis
Abracris flavolineata,Anticarsia gemmatalis
Abracris flavolineata,Apis mellifera
Abracris flavolineata,Ascalapha odorata
Abracris flavolineata,Atopsyche erigia
Abracris flavolineata,Atta cephalotes
Abracris flavolineata,Brachygastra mellifica
Abracris flavolineata,Burnsius burnsi
Abracris flavolineata,Caicella calchas
Abracris flavolineata,Caligo telamonius
Abracris flavolineata,Callicista columella
Abracris flavolineata,Canesia canescens
Abracris flavolineata,Chimarra acuta
Abracris flavolineata,Chimarra angustipennis
Abracris flavolineata,Chimarra bicolor
Abracris flavolineata,Chimarra laguna
Abracris flavolineata,Chimarra onchyrhina
Abracris flavolineata,Chimarra ortiziana
Abracris flavolineata,Chimarra ridleyi
Abracris flavolineata,Chimarra setosa
Abracris flavolineata,Chimarra texana
Abracris flavolineata,Chioides catillus
Abracris flavolineata,Chlosyne lacinia
Abracris flavolineata,Clogmia albipunctatus
Abracris flavolineata,Clytius clytius
Abracris flavolineata,Danaus gilippus
Abracris flavolineata,Danaus plexippus
Abracris flavolineata,Dione moneta
Abracris flavolineata,Dryas iulia
Abracris flavolineata,Emesis tenedia
Abracris flavolineata,Eurema daira
Abracris flavolineata,Hamadryas feronia
Abracris flavolineata,Hamadryas guatemalena
Abracris flavolineata,Heliconius charithonia
Abracris flavolineata,Heliconius ismenius
Abracris flavolineata,Helicopsyche tuxtlensis
Abracris flavolineata,Heliopetes macaira
Abracris flavolineata,Hemiargus ceraunus
Abracris flavolineata,Hypanartia lethe
Abracris flavolineata,Icerya purchasi
Abracris flavolineata,Leptonema acutum
Abracris flavolineata,Leptonema albovirens
Abracris flavolineata,Leptonema pallidum
Abracris flavolineata,Leptonema plicatum
Abracris flavolineata,Macronema variipenne
Abracris flavolineata,Melete lycimnia
Abracris flavolineata,Nectopsyche dorsalis
Abracris flavolineata,Nectopsyche gemmoides
Abracris flavolineata,Nyctelius nyctelius
Abracris flavolineata,Oarisma minima
Abracris flavolineata,Oecetis punctata
Abracris flavolineata,Oncopeltus cingulifer
Abracris flavolineata,Panoquina ocola
Abracris flavolineata,Papilio anchisiades
Abracris flavolineata,Pareuptychia hesione
Abracris flavolineata,Parides erithalion
Abracris flavolineata,Perdita obscuripennis
Abracris flavolineata,Pereute charops
Abracris flavolineata,Philophyllia guttulata
Abracris flavolineata,Phoebis sennae
Abracris flavolineata,Phyciodes picta
Abracris flavolineata,Phylloicus aeneus
Abracris flavolineata,Polistes dorsalis
Abracris flavolineata,Polistes instabilis
Abracris flavolineata,Protoptila bicornuta
Abracris flavolineata,Rhynchophorus palmarum
Abracris flavolineata,Scaptotrigona mexicana
Abracris flavolineata,Scaptotrigona pectoralis
Abracris flavolineata,Siproeta stelenes
Abracris flavolineata,Smicridea calopa
Abracris flavolineata,Smicridea fasciatella
Abracris flavolineata,Smicridea lobata
Abracris flavolineata,Smicridea radula
Abracris flavolineata,Smicridea rara
Abracris flavolineata,Smicropus laeta
Abracris flavolineata,Syngamia florella
Abracris flavolineata,Tapinoma melanocephalum
Abracris flavolineata,Thecla bathildis
Abracris flavolineata,Trigona fulviventris
Abracris flavolineata,Triplectides flintorum
Abracris flavolineata,Turesis lucas
Abracris flavolineata,Umbonia crassicornis
Abracris flavolineata,Urbanus dorantes
Abracris flavolineata,Urbanus procne
Abracris flavolineata,Wormaldia planae
Abracris flavolineata,Xenophanes tryxus
Achlyodes pallida,Adelpha basiloides
Achlyodes pallida,Anartia fatima
Achlyodes pallida,Anartia jatrophae
Achlyodes pallida,Anchitrichia spangleri
Achlyodes pallida,Anthanassa tulcis
Achlyodes pallida,Anticarsia gemmatalis
Achlyodes pallida,Apis mellifera
Achlyodes pallida,Ascalapha odorata
Achlyodes pallida,Atopsyche erigia
Achlyodes pallida,Atta cephalotes
Achlyodes pallida,Brachygastra mellifica
Achlyodes pallida,Burnsius burnsi
Achlyodes pallida,Caicella calchas
Achlyodes pallida,Caligo telamonius
Achlyodes pallida,Callicista columella
Achlyodes pallida,Canesia canescens
Achlyodes pallida,Chimarra acuta
Achlyodes pallida,Chimarra angustipennis
Achlyodes pallida,Chimarra bicolor
Achlyodes pallida,Chimarra laguna
Achlyodes pallida,Chimarra onchyrhina
Achlyodes pallida,Chimarra ortiziana
Achlyodes pallida,Chimarra ridleyi
Achlyodes pallida,Chimarra setosa
Achlyodes pallida,Chimarra texana
Achlyodes pallida,Chioides catillus
Achlyodes pallida,Chlosyne lacinia
Achlyodes pallida,Clogmia albipunctatus
Achlyodes pallida,Clytius clytius
Achlyodes pallida,Danaus gilippus
Achlyodes pallida,Danaus plexippus
Achlyodes pallida,Dione moneta
Achlyodes pallida,Dryas iulia
Achlyodes pallida,Emesis tenedia
Achlyodes pallida,Eurema daira
Achlyodes pallida,Hamadryas feronia
Achlyodes pallida,Hamadryas guatemalena
Achlyodes pallida,Heliconius charithonia
Achlyodes pallida,Heliconius ismenius
Achlyodes pallida,Helicopsyche tuxtlensis
Achlyodes pallida,Heliopetes macaira
Achlyodes pallida,Hemiargus ceraunus
Achlyodes pallida,Hypanartia lethe
Achlyodes pallida,Icerya purchasi
Achlyodes pallida,Leptonema acutum
Achlyodes pallida,Leptonema albovirens
Achlyodes pallida,Leptonema pallidum
Achlyodes pallida,Leptonema plicatum
Achlyodes pallida,Macronema variipenne
Achlyodes pallida,Melete lycimnia
Achlyodes pallida,Nectopsyche dorsalis
Achlyodes pallida,Nectopsyche gemmoides
Achlyodes pallida,Nyctelius nyctelius
Achlyodes pallida,Oarisma minima
Achlyodes pallida,Oecetis punctata
Achlyodes pallida,Oncopeltus cingulifer
Achlyodes pallida,Panoquina ocola
Achlyodes pallida,Papilio anchisiades
Achlyodes pallida,Pareuptychia hesione
Achlyodes pallida,Parides erithalion
Achlyodes pallida,Perdita obscuripennis
Achlyodes pallida,Pereute charops
Achlyodes pallida,Philophyllia guttulata
Achlyodes pallida,Phoebis sennae
Achlyodes pallida,Phyciodes picta
Achlyodes pallida,Phylloicus aeneus
Achlyodes pallida,Polistes dorsalis
Achlyodes pallida,Polistes instabilis
Achlyodes pallida,Protoptila bicornuta
Achlyodes pallida,Rhynchophorus palmarum
Achlyodes pallida,Scaptotrigona mexicana
Achlyodes pallida,Scaptotrigona pectoralis
Achlyodes pallida,Siproeta stelenes
Achlyodes pallida,Smicridea calopa
Achlyodes pallida,Smicridea fasciatella
Achlyodes pallida,Smicridea lobata
Achlyodes pallida,Smicridea radula
Achlyodes pallida,Smicridea rara
Achlyodes pallida,Smicropus laeta
Achlyodes pallida,Syngamia florella
Achlyodes pallida,Tapinoma melanocephalum
Achlyodes pallida,Thecla bathildis
Achlyodes pallida,Trigona fulviventris
Achlyodes pallida,Triplectides flintorum
Achlyodes pallida,Turesis lucas
Achlyodes pallida,Umbonia crassicornis
Achlyodes pallida,Urbanus dorantes
Achlyodes pallida,Urbanus procne
Achlyodes pallida,Wormaldia planae
Achlyodes pallida,Xenophanes tryxus
Adelpha basiloides,Anartia fatima
Adelpha basiloides,Anartia jatrophae
Adelpha basiloides,Anchitrichia spangleri
Adelpha basiloides,Anthanassa tulcis
Adelpha basiloides,Anticarsia gemmatalis
Adelpha basiloides,Apis mellifera
Adelpha basiloides,Ascalapha odorata
Adelpha basiloides,Atopsyche erigia
Adelpha basiloides,Atta cephalotes
Adelpha basiloides,Brachygastra mellifica
Adelpha basiloides,Burnsius burnsi
Adelpha basiloides,Caicella calchas
Adelpha basiloides,Caligo telamonius
Adelpha basiloides,Callicista columella
Adelpha basiloides,Canesia canescens
Adelpha basiloides,Chimarra acuta
Adelpha basiloides,Chimarra angustipennis
Adelpha basiloides,Chimarra bicolor
Adelpha basiloides,Chimarra laguna
Adelpha basiloides,Chimarra onchyrhina
Adelpha basiloides,Chimarra ortiziana
Adelpha basiloides,Chimarra ridleyi
Adelpha basiloides,Chimarra setosa
Adelpha basiloides,Chimarra texana
Adelpha basiloides,Chioides catillus
Adelpha basiloides,Chlosyne lacinia
Adelpha basiloides,Clogmia albipunctatus
Adelpha basiloides,Clytius clytius
Adelpha basiloides,Danaus gilippus
Adelpha basiloides,Danaus plexippus
Adelpha basiloides,Dione moneta
Adelpha basiloides,Dryas iulia
Adelpha basiloides,Emesis tenedia
Adelpha basiloides,Eurema daira
Adelpha basiloides,Hamadryas feronia
Adelpha basiloides,Hamadryas guatemalena
Adelpha basiloides,Heliconius charithonia
Adelpha basiloides,Heliconius ismenius
Adelpha basiloides,Helicopsyche tuxtlensis
Adelpha basiloides,Heliopetes macaira
Adelpha basiloides,Hemiargus ceraunus
Adelpha basiloides,Hypanartia lethe
Adelpha basiloides,Icerya purchasi
Adelpha basiloides,Leptonema acutum
Adelpha basiloides,Leptonema albovirens
Adelpha basiloides,Leptonema pallidum
Adelpha basiloides,Leptonema plicatum
Adelpha basiloides,Macronema variipenne
Adelpha basiloides,Melete lycimnia
Adelpha basiloides,Nectopsyche dorsalis
Adelpha basiloides,Nectopsyche gemmoides
Adelpha basiloides,Nyctelius nyctelius
Adelpha basiloides,Oarisma minima
Adelpha basiloides,Oecetis punctata
Adelpha basiloides,Oncopeltus cingulifer
Adelpha basiloides,Panoquina ocola
Adelpha basiloides,Papilio anchisiades
Adelpha basiloides,Pareuptychia hesione
Adelpha basiloides,Parides erithalion
Adelpha basiloides,Perdita obscuripennis
Adelpha basiloides,Pereute charops
Adelpha basiloides,Philophyllia guttulata
Adelpha basiloides,Phoebis sennae
Adelpha basiloides,Phyciodes picta
Adelpha basiloides,Phylloicus aeneus
Adelpha basiloides,Polistes dorsalis
Adelpha basiloides,Polistes instabilis
Adelpha basiloides,Protoptila bicornuta
Adelpha basiloides,Rhynchophorus palmarum
Adelpha basiloides,Scaptotrigona mexicana
Adelpha basiloides,Scaptotrigona pectoralis
Adelpha basiloides,Siproeta stelenes
Adelpha basiloides,Smicridea calopa
Adelpha basiloides,Smicridea fasciatella
Adelpha basiloides,Smicridea lobata
Adelpha basiloides,Smicridea radula
Adelpha basiloides,Smicridea rara
Adelpha basiloides,Smicropus laeta
Adelpha basiloides,Syngamia florella
Adelpha basiloides,Tapinoma melanocephalum
Adelpha basiloides,Thecla bathildis
Adelpha basiloides,Trigona fulviventris
Adelpha basiloides,Triplectides flintorum
Adelpha basiloides,Turesis lucas
Adelpha basiloides,Umbonia crassicornis
Adelpha basiloides,Urbanus dorantes
Adelpha basiloides,Urbanus procne
Adelpha basiloides,Wormaldia planae
Adelpha basiloides,Xenophanes tryxus
Anartia fatima,Anartia jatrophae
Anartia fatima,Anchitrichia spangleri
Anartia fatima,Anthanassa tulcis
Anartia fatima,Anticarsia gemmatalis
Anartia fatima,Apis mellifera
Anartia fatima,Ascalapha odorata
Anartia fatima,Atopsyche erigia
Anartia fatima,Atta cephalotes
Anartia fatima,Brachygastra mellifica
Anartia fatima,Burnsius burnsi
Anartia fatima,Caicella calchas
Anartia fatima,Caligo telamonius
Anartia fatima,Callicista columella
Anartia fatima,Canesia canescens
Anartia fatima,Chimarra acuta
Anartia fatima,Chimarra angustipennis
Anartia fatima,Chimarra bicolor
Anartia fatima,Chimarra laguna
Anartia fatima,Chimarra onchyrhina
Anartia fatima,Chimarra ortiziana
Anartia fatima,Chimarra ridleyi
Anartia fatima,Chimarra setosa
Anartia fatima,Chimarra texana
Anartia fatima,Chioides catillus
Anartia fatima,Chlosyne lacinia
Anartia fatima,Clogmia albipunctatus
Anartia fatima,Clytius clytius
Anartia fatima,Danaus gilippus
Anartia fatima,Danaus plexippus
Anartia fatima,Dione moneta
Anartia fatima,Dryas iulia
Anartia fatima,Emesis tenedia
Anartia fatima,Eurema daira
Anartia fatima,Hamadryas feronia
Anartia fatima,Hamadryas guatemalena
Anartia fatima,Heliconius charithonia
Anartia fatima,Heliconius ismenius
Anartia fatima,Helicopsyche tuxtlensis
Anartia fatima,Heliopetes macaira
Anartia fatima,Hemiargus ceraunus
Anartia fatima,Hypanartia lethe
Anartia fatima,Icerya purchasi
Anartia fatima,Leptonema acutum
Anartia fatima,Leptonema albovirens
Anartia fatima,Leptonema pallidum
Anartia fatima,Leptonema plicatum
Anartia fatima,Macronema variipenne
Anartia fatima,Melete lycimnia
Anartia fatima,Nectopsyche dorsalis
Anartia fatima,Nectopsyche gemmoides
Anartia fatima,Nyctelius nyctelius
Anartia fatima,Oarisma minima
Anartia fatima,Oecetis punctata
Anartia fatima,Oncopeltus cingulifer
Anartia fatima,Panoquina ocola
Anartia fatima,Papilio anchisiades
Anartia fatima,Pareuptychia hesione
Anartia fatima,Parides erithalion
Anartia fatima,Perdita obscuripennis
Anartia fatima,Pereute charops
Anartia fatima,Philophyllia guttulata
Anartia fatima,Phoebis sennae
Anartia fatima,Phyciodes picta
Anartia fatima,Phylloicus aeneus
Anartia fatima,Polistes dorsalis
Anartia fatima,Polistes instabilis
Anartia fatima,Protoptila bicornuta
Anartia fatima,Rhynchophorus palmarum
Anartia fatima,Scaptotrigona mexicana
Anartia fatima,Scaptotrigona pectoralis
Anartia fatima,Siproeta stelenes
Anartia fatima,Smicridea calopa
Anartia fatima,Smicridea fasciatella
Anartia fatima,Smicridea lobata
Anartia fatima,Smicridea radula
Anartia fatima,Smicridea rara
Anartia fatima,Smicropus laeta
Anartia fatima,Syngamia florella
Anartia fatima,Tapinoma melanocephalum
Anartia fatima,Thecla bathildis
Anartia fatima,Trigona fulviventris
Anartia fatima,Triplectides flintorum
Anartia fatima,Turesis lucas
Anartia fatima,Umbonia crassicornis
Anartia fatima,Urbanus dorantes
Anartia fatima,Urbanus procne
Anartia fatima,Wormaldia planae
Anartia fatima,Xenophanes tryxus
Anartia jatrophae,Anchitrichia spangleri
Anartia jatrophae,Anthanassa tulcis
Anartia jatrophae,Anticarsia gemmatalis
Anartia jatrophae,Apis mellifera
Anartia jatrophae,Ascalapha odorata
Anartia jatrophae,Atopsyche erigia
Anartia jatrophae,Atta cephalotes
Anartia jatrophae,Brachygastra mellifica
Anartia jatrophae,Burnsius burnsi
Anartia jatrophae,Caicella calchas
Anartia jatrophae,Caligo telamonius
Anartia jatrophae,Callicista columella
Anartia jatrophae,Canesia canescens
Anartia jatrophae,Chimarra acuta
Anartia jatrophae,Chimarra angustipennis
Anartia jatrophae,Chimarra bicolor
Anartia jatrophae,Chimarra laguna
Anartia jatrophae,Chimarra onchyrhina
Anartia jatrophae,Chimarra ortiziana
Anartia jatrophae,Chimarra ridleyi
Anartia jatrophae,Chimarra setosa
Anartia jatrophae,Chimarra texana
Anartia jatrophae,Chioides catillus
Anartia jatrophae,Chlosyne lacinia
Anartia jatrophae,Clogmia albipunctatus
Anartia jatrophae,Clytius clytius
Anartia jatrophae,Danaus gilippus
Anartia jatrophae,Danaus plexippus
Anartia jatrophae,Dione moneta
Anartia jatrophae,Dryas iulia
Anartia jatrophae,Emesis tenedia
Anartia jatrophae,Eurema daira
Anartia jatrophae,Hamadryas feronia
Anartia jatrophae,Hamadryas guatemalena
Anartia jatrophae,Heliconius charithonia
Anartia jatrophae,Heliconius ismenius
Anartia jatrophae,Helicopsyche tuxtlensis
Anartia jatrophae,Heliopetes macaira
Anartia jatrophae,Hemiargus ceraunus
Anartia jatrophae,Hypanartia lethe
Anartia jatrophae,Icerya purchasi
Anartia jatrophae,Leptonema acutum
Anartia jatrophae,Leptonema albovirens
Anartia jatrophae,Leptonema pallidum
Anartia jatrophae,Leptonema plicatum
Anartia jatrophae,Macronema variipenne
Anartia jatrophae,Melete lycimnia
Anartia jatrophae,Nectopsyche dorsalis
Anartia jatrophae,Nectopsyche gemmoides
Anartia jatrophae,Nyctelius nyctelius
Anartia jatrophae,Oarisma minima
Anartia jatrophae,Oecetis punctata
Anartia jatrophae,Oncopeltus cingulifer
Anartia jatrophae,Panoquina ocola
Anartia jatrophae,Papilio anchisiades
Anartia jatrophae,Pareuptychia hesione
Anartia jatrophae,Parides erithalion
Anartia jatrophae,Perdita obscuripennis
Anartia jatrophae,Pereute charops
Anartia jatrophae,Philophyllia guttulata
Anartia jatrophae,Phoebis sennae
Anartia jatrophae,Phyciodes picta
Anartia jatrophae,Phylloicus aeneus
Anartia jatrophae,Polistes dorsalis
Anartia jatrophae,Polistes instabilis
Anartia jatrophae,Protoptila bicornuta
Anartia jatrophae,Rhynchophorus palmarum
Anartia jatrophae,Scaptotrigona mexicana
Anartia jatrophae,Scaptotrigona pectoralis
Anartia jatrophae,Siproeta stelenes
Anartia jatrophae,Smicridea calopa
Anartia jatrophae,Smicridea fasciatella
Anartia jatrophae,Smicridea lobata
Anartia jatrophae,Smicridea radula
Anartia jatrophae,Smicridea rara
Anartia jatrophae,Smicropus laeta
Anartia jatrophae,Syngamia florella
Anartia jatrophae,Tapinoma melanocephalum
Anartia jatrophae,Thecla bathildis
Anartia jatrophae,Trigona fulviventris
Anartia jatrophae,Triplectides flintorum
Anartia jatrophae,Turesis lucas
Anartia jatrophae,Umbonia crassicornis
Anartia jatrophae,Urbanus dorantes
Anartia jatrophae,Urbanus procne
Anartia jatrophae,Wormaldia planae
Anartia jatrophae,Xenophanes tryxus
Anchitrichia spangleri,Anthanassa tulcis
Anchitrichia spangleri,Anticarsia gemmatalis
Anchitrichia spangleri,Apis mellifera
Anchitrichia spangleri,Ascalapha odorata
Anchitrichia spangleri,Atopsyche erigia
Anchitrichia spangleri,Atta cephalotes
Anchitrichia spangleri,Brachygastra mellifica
Anchitrichia spangleri,Burnsius burnsi
Anchitrichia spangleri,Caicella calchas
Anchitrichia spangleri,Caligo telamonius
Anchitrichia spangleri,Callicista columella
Anchitrichia spangleri,Canesia canescens
Anchitrichia spangleri,Chimarra acuta
Anchitrichia spangleri,Chimarra angustipennis
Anchitrichia spangleri,Chimarra bicolor
Anchitrichia spangleri,Chimarra laguna
Anchitrichia spangleri,Chimarra onchyrhina
Anchitrichia spangleri,Chimarra ortiziana
Anchitrichia spangleri,Chimarra ridleyi
Anchitrichia spangleri,Chimarra setosa
Anchitrichia spangleri,Chimarra texana
Anchitrichia spangleri,Chioides catillus
Anchitrichia spangleri,Chlosyne lacinia
Anchitrichia spangleri,Clogmia albipunctatus
Anchitrichia spangleri,Clytius clytius
Anchitrichia spangleri,Danaus gilippus
Anchitrichia spangleri,Danaus plexippus
Anchitrichia spangleri,Dione moneta
Anchitrichia spangleri,Dryas iulia
Anchitrichia spangleri,Emesis tenedia
Anchitrichia spangleri,Eurema daira
Anchitrichia spangleri,Hamadryas feronia
Anchitrichia spangleri,Hamadryas guatemalena
Anchitrichia spangleri,Heliconius charithonia
Anchitrichia spangleri,Heliconius ismenius
Anchitrichia spangleri,Helicopsyche tuxtlensis
Anchitrichia spangleri,Heliopetes macaira
Anchitrichia spangleri,Hemiargus ceraunus
Anchitrichia spangleri,Hypanartia lethe
Anchitrichia spangleri,Icerya purchasi
Anchitrichia spangleri,Leptonema acutum
Anchitrichia spangleri,Leptonema albovirens
Anchitrichia spangleri,Leptonema pallidum
Anchitrichia spangleri,Leptonema plicatum
Anchitrichia spangleri,Macronema variipenne
Anchitrichia spangleri,Melete lycimnia
Anchitrichia spangleri,Nectopsyche dorsalis
Anchitrichia spangleri,Nectopsyche gemmoides
Anchitrichia spangleri,Nyctelius nyctelius
Anchitrichia spangleri,Oarisma minima
Anchitrichia spangleri,Oecetis punctata
Anchitrichia spangleri,Oncopeltus cingulifer
Anchitrichia spangleri,Panoquina ocola
Anchitrichia spangleri,Papilio anchisiades
Anchitrichia spangleri,Pareuptychia hesione
Anchitrichia spangleri,Parides erithalion
Anchitrichia spangleri,Perdita obscuripennis
Anchitrichia spangleri,Pereute charops
Anchitrichia spangleri,Philophyllia guttulata
Anchitrichia spangleri,Phoebis sennae
Anchitrichia spangleri,Phyciodes picta
Anchitrichia spangleri,Phylloicus aeneus
Anchitrichia spangleri,Polistes dorsalis
Anchitrichia spangleri,Polistes instabilis
Anchitrichia spangleri,Protoptila bicornuta
Anchitrichia spangleri,Rhynchophorus palmarum
Anchitrichia spangleri,Scaptotrigona mexicana
Anchitrichia spangleri,Scaptotrigona pectoralis
Anchitrichia spangleri,Siproeta stelenes
Anchitrichia spangleri,Smicridea calopa
Anchitrichia spangleri,Smicridea fasciatella
Anchitrichia spangleri,Smicridea lobata
Anchitrichia spangleri,Smicridea radula
Anchitrichia spangleri,Smicridea rara
Anchitrichia spangleri,Smicropus laeta
Anchitrichia spangleri,Syngamia florella
Anchitrichia spangleri,Tapinoma melanocephalum
Anchitrichia spangleri,Thecla bathildis
Anchitrichia spangleri,Trigona fulviventris
Anchitrichia spangleri,Triplectides flintorum
Anchitrichia spangleri,Turesis lucas
Anchitrichia spangleri,Umbonia crassicornis
Anchitrichia spangleri,Urbanus dorantes
Anchitrichia spangleri,Urbanus procne
Anchitrichia spangleri,Wormaldia planae
Anchitrichia spangleri,Xenophanes tryxus
Anthanassa tulcis,Anticarsia gemmatalis
Anthanassa tulcis,Apis mellifera
Anthanassa tulcis,Ascalapha odorata
Anthanassa tulcis,Atopsyche erigia
Anthanassa tulcis,Atta cephalotes
Anthanassa tulcis,Brachygastra mellifica
Anthanassa tulcis,Burnsius burnsi
Anthanassa tulcis,Caicella calchas
Anthanassa tulcis,Caligo telamonius
Anthanassa tulcis,Callicista columella
Anthanassa tulcis,Canesia canescens
Anthanassa tulcis,Chimarra acuta
Anthanassa tulcis,Chimarra angustipennis
Anthanassa tulcis,Chimarra bicolor
Anthanassa tulcis,Chimarra laguna
Anthanassa tulcis,Chimarra onchyrhina
Anthanassa tulcis,Chimarra ortiziana
Anthanassa tulcis,Chimarra ridleyi
Anthanassa tulcis,Chimarra setosa
Anthanassa tulcis,Chimarra texana
Anthanassa tulcis,Chioides catillus
Anthanassa tulcis,Chlosyne lacinia
Anthanassa tulcis,Clogmia albipunctatus
Anthanassa tulcis,Clytius clytius
Anthanassa tulcis,Danaus gilippus
Anthanassa tulcis,Danaus plexippus
Anthanassa tulcis,Dione moneta
Anthanassa tulcis,Dryas iulia
Anthanassa tulcis,Emesis tenedia
Anthanassa tulcis,Eurema daira
Anthanassa tulcis,Hamadryas feronia
Anthanassa tulcis,Hamadryas guatemalena
Anthanassa tulcis,Heliconius charithonia
Anthanassa tulcis,Heliconius ismenius
Anthanassa tulcis,Helicopsyche tuxtlensis
Anthanassa tulcis,Heliopetes macaira
Anthanassa tulcis,Hemiargus ceraunus
Anthanassa tulcis,Hypanartia lethe
Anthanassa tulcis,Icerya purchasi
Anthanassa tulcis,Leptonema acutum
Anthanassa tulcis,Leptonema albovirens
Anthanassa tulcis,Leptonema pallidum
Anthanassa tulcis,Leptonema plicatum
Anthanassa tulcis,Macronema variipenne
Anthanassa tulcis,Melete lycimnia
Anthanassa tulcis,Nectopsyche dorsalis
Anthanassa tulcis,Nectopsyche gemmoides
Anthanassa tulcis,Nyctelius nyctelius
Anthanassa tulcis,Oarisma minima
Anthanassa tulcis,Oecetis punctata
Anthanassa tulcis,Oncopeltus cingulifer
Anthanassa tulcis,Panoquina ocola
Anthanassa tulcis,Papilio anchisiades
Anthanassa tulcis,Pareuptychia hesione
Anthanassa tulcis,Parides erithalion
Anthanassa tulcis,Perdita obscuripennis
Anthanassa tulcis,Pereute charops
Anthanassa tulcis,Philophyllia guttulata
Anthanassa tulcis,Phoebis sennae
Anthanassa tulcis,Phyciodes picta
Anthanassa tulcis,Phylloicus aeneus
Anthanassa tulcis,Polistes dorsalis
Anthanassa tulcis,Polistes instabilis
Anthanassa tulcis,Protoptila bicornuta
Anthanassa tulcis,Rhynchophorus palmarum
Anthanassa tulcis,Scaptotrigona mexicana
Anthanassa tulcis,Scaptotrigona pectoralis
Anthanassa tulcis,Siproeta stelenes
Anthanassa tulcis,Smicridea calopa
Anthanassa tulcis,Smicridea fasciatella
Anthanassa tulcis,Smicridea lobata
Anthanassa tulcis,Smicridea radula
Anthanassa tulcis,Smicridea rara
Anthanassa tulcis,Smicropus laeta
Anthanassa tulcis,Syngamia florella
Anthanassa tulcis,Tapinoma melanocephalum
Anthanassa tulcis,Thecla bathildis
Anthanassa tulcis,Trigona fulviventris
Anthanassa tulcis,Triplectides flintorum
Anthanassa tulcis,Turesis lucas
Anthanassa tulcis,Umbonia crassicornis
Anthanassa tulcis,Urbanus dorantes
Anthanassa tulcis,Urbanus procne
Anthanassa tulcis,Wormaldia planae
Anthanassa tulcis,Xenophanes tryxus
Anticarsia gemmatalis,Apis mellifera
Anticarsia gemmatalis,Ascalapha odorata
Anticarsia gemmatalis,Atopsyche erigia
Anticarsia gemmatalis,Atta cephalotes
Anticarsia gemmatalis,Brachygastra mellifica
Anticarsia gemmatalis,Burnsius burnsi
Anticarsia gemmatalis,Caicella calchas
Anticarsia gemmatalis,Caligo telamonius
Anticarsia gemmatalis,Callicista columella
Anticarsia gemmatalis,Canesia canescens
Anticarsia gemmatalis,Chimarra acuta
Anticarsia gemmatalis,Chimarra angustipennis
Anticarsia gemmatalis,Chimarra bicolor
Anticarsia gemmatalis,Chimarra laguna
Anticarsia gemmatalis,Chimarra onchyrhina
Anticarsia gemmatalis,Chimarra ortiziana
Anticarsia gemmatalis,Chimarra ridleyi
Anticarsia gemmatalis,Chimarra setosa
Anticarsia gemmatalis,Chimarra texana
Anticarsia gemmatalis,Chioides catillus
Anticarsia gemmatalis,Chlosyne lacinia
Anticarsia gemmatalis,Clogmia albipunctatus
Anticarsia gemmatalis,Clytius clytius
Anticarsia gemmatalis,Danaus gilippus
Anticarsia gemmatalis,Danaus plexippus
Anticarsia gemmatalis,Dione moneta
Anticarsia gemmatalis,Dryas iulia
Anticarsia gemmatalis,Emesis tenedia
Anticarsia gemmatalis,Eurema daira
Anticarsia gemmatalis,Hamadryas feronia
Anticarsia gemmatalis,Hamadryas guatemalena
Anticarsia gemmatalis,Heliconius charithonia
Anticarsia gemmatalis,Heliconius ismenius
Anticarsia gemmatalis,Helicopsyche tuxtlensis
Anticarsia gemmatalis,Heliopetes macaira
Anticarsia gemmatalis,Hemiargus ceraunus
Anticarsia gemmatalis,Hypanartia lethe
Anticarsia gemmatalis,Icerya purchasi
Anticarsia gemmatalis,Leptonema acutum
Anticarsia gemmatalis,Leptonema albovirens
Anticarsia gemmatalis,Leptonema pallidum
Anticarsia gemmatalis,Leptonema plicatum
Anticarsia gemmatalis,Macronema variipenne
Anticarsia gemmatalis,Melete lycimnia
Anticarsia gemmatalis,Nectopsyche dorsalis
Anticarsia gemmatalis,Nectopsyche gemmoides
Anticarsia gemmatalis,Nyctelius nyctelius
Anticarsia gemmatalis,Oarisma minima
Anticarsia gemmatalis,Oecetis punctata
Anticarsia gemmatalis,Oncopeltus cingulifer
Anticarsia gemmatalis,Panoquina ocola
Anticarsia gemmatalis,Papilio anchisiades
Anticarsia gemmatalis,Pareuptychia hesione
Anticarsia gemmatalis,Parides erithalion
Anticarsia gemmatalis,Perdita obscuripennis
Anticarsia gemmatalis,Pereute charops
Anticarsia gemmatalis,Philophyllia guttulata
Anticarsia gemmatalis,Phoebis sennae
Anticarsia gemmatalis,Phyciodes picta
Anticarsia gemmatalis,Phylloicus aeneus
Anticarsia gemmatalis,Polistes dorsalis
Anticarsia gemmatalis,Polistes instabilis
Anticarsia gemmatalis,Protoptila bicornuta
Anticarsia gemmatalis,Rhynchophorus palmarum
Anticarsia gemmatalis,Scaptotrigona mexicana
Anticarsia gemmatalis,Scaptotrigona pectoralis
Anticarsia gemmatalis,Siproeta stelenes
Anticarsia gemmatalis,Smicridea calopa
Anticarsia gemmatalis,Smicridea fasciatella
Anticarsia gemmatalis,Smicridea lobata
Anticarsia gemmatalis,Smicridea radula
Anticarsia gemmatalis,Smicridea rara
Anticarsia gemmatalis,Smicropus laeta
Anticarsia gemmatalis,Syngamia florella
Anticarsia gemmatalis,Tapinoma melanocephalum
Anticarsia gemmatalis,Thecla bathildis
Anticarsia gemmatalis,Trigona fulviventris
Anticarsia gemmatalis,Triplectides flintorum
Anticarsia gemmatalis,Turesis lucas
Anticarsia gemmatalis,Umbonia crassicornis
Anticarsia gemmatalis,Urbanus dorantes
Anticarsia gemmatalis,Urbanus procne
Anticarsia gemmatalis,Wormaldia planae
Anticarsia gemmatalis,Xenophanes tryxus
Apis mellifera,Ascalapha odorata
Apis mellifera,Atopsyche erigia
Apis mellifera,Atta cephalotes
Apis mellifera,Brachygastra mellifica
Apis mellifera,Burnsius burnsi
Apis mellifera,Caicella calchas
Apis mellifera,Caligo telamonius
Apis mellifera,Callicista columella
Apis mellifera,Canesia canescens
Apis mellifera,Chimarra acuta
Apis mellifera,Chimarra angustipennis
Apis mellifera,Chimarra bicolor
Apis mellifera,Chimarra laguna
Apis mellifera,Chimarra onchyrhina
Apis mellifera,Chimarra ortiziana
Apis mellifera,Chimarra ridleyi
Apis mellifera,Chimarra setosa
Apis mellifera,Chimarra texana
Apis mellifera,Chioides catillus
Apis mellifera,Chlosyne lacinia
Apis mellifera,Clogmia albipunctatus
Apis mellifera,Clytius clytius
Apis mellifera,Danaus gilippus
Apis mellifera,Danaus plexippus
Apis mellifera,Dione moneta
Apis mellifera,Dryas iulia
Apis mellifera,Emesis tenedia
Apis mellifera,Eurema daira
Apis mellifera,Hamadryas feronia
Apis mellifera,Hamadryas guatemalena
Apis mellifera,Heliconius charithonia
Apis mellifera,Heliconius ismenius
Apis mellifera,Helicopsyche tuxtlensis
Apis mellifera,Heliopetes macaira
Apis mellifera,Hemiargus ceraunus
Apis mellifera,Hypanartia lethe
Apis mellifera,Icerya purchasi
Apis mellifera,Leptonema acutum
Apis mellifera,Leptonema albovirens
Apis mellifera,Leptonema pallidum
Apis mellifera,Leptonema plicatum
Apis mellifera,Macronema variipenne
Apis mellifera,Melete lycimnia
Apis mellifera,Nectopsyche dorsalis
Apis mellifera,Nectopsyche gemmoides
Apis mellifera,Nyctelius nyctelius
Apis mellifera,Oarisma minima
Apis mellifera,Oecetis punctata
Apis mellifera,Oncopeltus cingulifer
Apis mellifera,Panoquina ocola
Apis mellifera,Papilio anchisiades
Apis mellifera,Pareuptychia hesione
Apis mellifera,Parides erithalion
Apis mellifera,Perdita obscuripennis
Apis mellifera,Pereute charops
Apis mellifera,Philophyllia guttulata
Apis mellifera,Phoebis sennae
Apis mellifera,Phyciodes picta
Apis mellifera,Phylloicus aeneus
Apis mellifera,Polistes dorsalis
Apis mellifera,Polistes instabilis
Apis mellifera,Protoptila bicornuta
Apis mellifera,Rhynchophorus palmarum
Apis mellifera,Scaptotrigona mexicana
Apis mellifera,Scaptotrigona pectoralis
Apis mellifera,Siproeta stelenes
Apis mellifera,Smicridea calopa
Apis mellifera,Smicridea fasciatella
Apis mellifera,Smicridea lobata
Apis mellifera,Smicridea radula
Apis mellifera,Smicridea rara
Apis mellifera,Smicropus laeta
Apis mellifera,Syngamia florella
Apis mellifera,Tapinoma melanocephalum
Apis mellifera,Thecla bathildis
Apis mellifera,Trigona fulviventris
Apis mellifera,Triplectides flintorum
Apis mellifera,Turesis lucas
Apis mellifera,Umbonia crassicornis
Apis mellifera,Urbanus dorantes
Apis mellifera,Urbanus procne
Apis mellifera,Wormaldia planae
Apis mellifera,Xenophanes tryxus
Ascalapha odorata,Atopsyche erigia
Ascalapha odorata,Atta cephalotes
Ascalapha odorata,Brachygastra mellifica
Ascalapha odorata,Burnsius burnsi
Ascalapha odorata,Caicella calchas
Ascalapha odorata,Caligo telamonius
Ascalapha odorata,Callicista columella
Ascalapha odorata,Canesia canescens
Ascalapha odorata,Chimarra acuta
Ascalapha odorata,Chimarra angustipennis
Ascalapha odorata,Chimarra bicolor
Ascalapha odorata,Chimarra laguna
Ascalapha odorata,Chimarra onchyrhina
Ascalapha odorata,Chimarra ortiziana
Ascalapha odorata,Chimarra ridleyi
Ascalapha odorata,Chimarra setosa
Ascalapha odorata,Chimarra texana
Ascalapha odorata,Chioides catillus
Ascalapha odorata,Chlosyne lacinia
Ascalapha odorata,Clogmia albipunctatus
Ascalapha odorata,Clytius clytius
Ascalapha odorata,Danaus gilippus
Ascalapha odorata,Danaus plexippus
Ascalapha odorata,Dione moneta
Ascalapha odorata,Dryas iulia
Ascalapha odorata,Emesis tenedia
Ascalapha odorata,Eurema daira
Ascalapha odorata,Hamadryas feronia
Ascalapha odorata,Hamadryas guatemalena
Ascalapha odorata,Heliconius charithonia
Ascalapha odorata,Heliconius ismenius
Ascalapha odorata,Helicopsyche tuxtlensis
Ascalapha odorata,Heliopetes macaira
Ascalapha odorata,Hemiargus ceraunus
Ascalapha odorata,Hypanartia lethe
Ascalapha odorata,Icerya purchasi
Ascalapha odorata,Leptonema acutum
Ascalapha odorata,Leptonema albovirens
Ascalapha odorata,Leptonema pallidum
Ascalapha odorata,Leptonema plicatum
Ascalapha odorata,Macronema variipenne
Ascalapha odorata,Melete lycimnia
Ascalapha odorata,Nectopsyche dorsalis
Ascalapha odorata,Nectopsyche gemmoides
Ascalapha odorata,Nyctelius nyctelius
Ascalapha odorata,Oarisma minima
Ascalapha odorata,Oecetis punctata
Ascalapha odorata,Oncopeltus cingulifer
Ascalapha odorata,Panoquina ocola
Ascalapha odorata,Papilio anchisiades
Ascalapha odorata,Pareuptychia hesione
Ascalapha odorata,Parides erithalion
Ascalapha odorata,Perdita obscuripennis
Ascalapha odorata,Pereute charops
Ascalapha odorata,Philophyllia guttulata
Ascalapha odorata,Phoebis sennae
Ascalapha odorata,Phyciodes picta
Ascalapha odorata,Phylloicus aeneus
Ascalapha odorata,Polistes dorsalis
Ascalapha odorata,Polistes instabilis
Ascalapha odorata,Protoptila bicornuta
Ascalapha odorata,Rhynchophorus palmarum
Ascalapha odorata,Scaptotrigona mexicana
Ascalapha odorata,Scaptotrigona pectoralis
Ascalapha odorata,Siproeta stelenes
Ascalapha odorata,Smicridea calopa
Ascalapha odorata,Smicridea fasciatella
Ascalapha odorata,Smicridea lobata
Ascalapha odorata,Smicridea radula
Ascalapha odorata,Smicridea rara
Ascalapha odorata,Smicropus laeta
Ascalapha odorata,Syngamia florella
Ascalapha odorata,Tapinoma melanocephalum
Ascalapha odorata,Thecla bathildis
Ascalapha odorata,Trigona fulviventris
Ascalapha odorata,Triplectides flintorum
Ascalapha odorata,Turesis lucas
Ascalapha odorata,Umbonia crassicornis
Ascalapha odorata,Urbanus dorantes
Ascalapha odorata,Urbanus procne
Ascalapha odorata,Wormaldia planae
Ascalapha odorata,Xenophanes tryxus
Atopsyche erigia,Atta cephalotes
Atopsyche erigia,Brachygastra mellifica
Atopsyche erigia,Burnsius burnsi
Atopsyche erigia,Caicella calchas
Atopsyche erigia,Caligo telamonius
Atopsyche erigia,Callicista columella
Atopsyche erigia,Canesia canescens
Atopsyche erigia,Chimarra acuta
Atopsyche erigia,Chimarra angustipennis
Atopsyche erigia,Chimarra bicolor
Atopsyche erigia,Chimarra laguna
Atopsyche erigia,Chimarra onchyrhina
Atopsyche erigia,Chimarra ortiziana
Atopsyche erigia,Chimarra ridleyi
Atopsyche erigia,Chimarra setosa
Atopsyche erigia,Chimarra texana
Atopsyche erigia,Chioides catillus
Atopsyche erigia,Chlosyne lacinia
Atopsyche erigia,Clogmia albipunctatus
Atopsyche erigia,Clytius clytius
Atopsyche erigia,Danaus gilippus
Atopsyche erigia,Danaus plexippus
Atopsyche erigia,Dione moneta
Atopsyche erigia,Dryas iulia
Atopsyche erigia,Emesis tenedia
Atopsyche erigia,Eurema daira
Atopsyche erigia,Hamadryas feronia
Atopsyche erigia,Hamadryas guatemalena
Atopsyche erigia,Heliconius charithonia
Atopsyche erigia,Heliconius ismenius
Atopsyche erigia,Helicopsyche tuxtlensis
Atopsyche erigia,Heliopetes macaira
Atopsyche erigia,Hemiargus ceraunus
Atopsyche erigia,Hypanartia lethe
Atopsyche erigia,Icerya purchasi
Atopsyche erigia,Leptonema acutum
Atopsyche erigia,Leptonema albovirens
Atopsyche erigia,Leptonema pallidum
Atopsyche erigia,Leptonema plicatum
Atopsyche erigia,Macronema variipenne
Atopsyche erigia,Melete lycimnia
Atopsyche erigia,Nectopsyche dorsalis
Atopsyche erigia,Nectopsyche gemmoides
Atopsyche erigia,Nyctelius nyctelius
Atopsyche erigia,Oarisma minima
Atopsyche erigia,Oecetis punctata
Atopsyche erigia,Oncopeltus cingulifer
Atopsyche erigia,Panoquina ocola
Atopsyche erigia,Papilio anchisiades
Atopsyche erigia,Pareuptychia hesione
Atopsyche erigia,Parides erithalion
Atopsyche erigia,Perdita obscuripennis
Atopsyche erigia,Pereute charops
Atopsyche erigia,Philophyllia guttulata
Atopsyche erigia,Phoebis sennae
Atopsyche erigia,Phyciodes picta
Atopsyche erigia,Phylloicus aeneus
Atopsyche erigia,Polistes dorsalis
Atopsyche erigia,Polistes instabilis
Atopsyche erigia,Protoptila bicornuta
Atopsyche erigia,Rhynchophorus palmarum
Atopsyche erigia,Scaptotrigona mexicana
Atopsyche erigia,Scaptotrigona pectoralis
Atopsyche erigia,Siproeta stelenes
Atopsyche erigia,Smicridea calopa
Atopsyche erigia,Smicridea fasciatella
Atopsyche erigia,Smicridea lobata
Atopsyche erigia,Smicridea radula
Atopsyche erigia,Smicridea rara
Atopsyche erigia,Smicropus laeta
Atopsyche erigia,Syngamia florella
Atopsyche erigia,Tapinoma melanocephalum
Atopsyche erigia,Thecla bathildis
Atopsyche erigia,Trigona fulviventris
Atopsyche erigia,Triplectides flintorum
Atopsyche erigia,Turesis lucas
Atopsyche erigia,Umbonia crassicornis
Atopsyche erigia,Urbanus dorantes
Atopsyche erigia,Urbanus procne
Atopsyche erigia,Wormaldia planae
Atopsyche erigia,Xenophanes tryxus
Atta cephalotes,Brachygastra mellifica
Atta cephalotes,Burnsius burnsi
Atta cephalotes,Caicella calchas
Atta cephalotes,Caligo telamonius
Atta cephalotes,Callicista columella
Atta cephalotes,Canesia canescens
Atta cephalotes,Chimarra acuta
Atta cephalotes,Chimarra angustipennis
Atta cephalotes,Chimarra bicolor
Atta cephalotes,Chimarra laguna
Atta cephalotes,Chimarra onchyrhina
Atta cephalotes,Chimarra ortiziana
Atta cephalotes,Chimarra ridleyi
Atta cephalotes,Chimarra setosa
Atta cephalotes,Chimarra texana
Atta cephalotes,Chioides catillus
Atta cephalotes,Chlosyne lacinia
Atta cephalotes,Clogmia albipunctatus
Atta cephalotes,Clytius clytius
Atta cephalotes,Danaus gilippus
Atta cephalotes,Danaus plexippus
Atta cephalotes,Dione moneta
Atta cephalotes,Dryas iulia
Atta cephalotes,Emesis tenedia
Atta cephalotes,Eurema daira
Atta cephalotes,Hamadryas feronia
Atta cephalotes,Hamadryas guatemalena
Atta cephalotes,Heliconius charithonia
Atta cephalotes,Heliconius ismenius
Atta cephalotes,Helicopsyche tuxtlensis
Atta cephalotes,Heliopetes macaira
Atta cephalotes,Hemiargus ceraunus
Atta cephalotes,Hypanartia lethe
Atta cephalotes,Icerya purchasi
Atta cephalotes,Leptonema acutum
Atta cephalotes,Leptonema albovirens
Atta cephalotes,Leptonema pallidum
Atta cephalotes,Leptonema plicatum
Atta cephalotes,Macronema variipenne
Atta cephalotes,Melete lycimnia
Atta cephalotes,Nectopsyche dorsalis
Atta cephalotes,Nectopsyche gemmoides
Atta cephalotes,Nyctelius nyctelius
Atta cephalotes,Oarisma minima
Atta cephalotes,Oecetis punctata
Atta cephalotes,Oncopeltus cingulifer
Atta cephalotes,Panoquina ocola
Atta cephalotes,Papilio anchisiades
Atta cephalotes,Pareuptychia hesione
Atta cephalotes,Parides erithalion
Atta cephalotes,Perdita obscuripennis
Atta cephalotes,Pereute charops
Atta cephalotes,Philophyllia guttulata
Atta cephalotes,Phoebis sennae
Atta cephalotes,Phyciodes picta
Atta cephalotes,Phylloicus aeneus
Atta cephalotes,Polistes dorsalis
Atta cephalotes,Polistes instabilis
Atta cephalotes,Protoptila bicornuta
Atta cephalotes,Rhynchophorus palmarum
Atta cephalotes,Scaptotrigona mexicana
Atta cephalotes,Scaptotrigona pectoralis
Atta cephalotes,Siproeta stelenes
Atta cephalotes,Smicridea calopa
Atta cephalotes,Smicridea fasciatella
Atta cephalotes,Smicridea lobata
Atta cephalotes,Smicridea radula
Atta cephalotes,Smicridea rara
Atta cephalotes,Smicropus laeta
Atta cephalotes,Syngamia florella
Atta cephalotes,Tapinoma melanocephalum
Atta cephalotes,Thecla bathildis
Atta cephalotes,Trigona fulviventris
Atta cephalotes,Triplectides flintorum
Atta cephalotes,Turesis lucas
Atta cephalotes,Umbonia crassicornis
Atta cephalotes,Urbanus dorantes
Atta cephalotes,Urbanus procne
Atta cephalotes,Wormaldia planae
Atta cephalotes,Xenophanes tryxus
Brachygastra mellifica,Burnsius burnsi
Brachygastra mellifica,Caicella calchas
Brachygastra mellifica,Caligo telamonius
Brachygastra mellifica,Callicista columella
Brachygastra mellifica,Canesia canescens
Brachygastra mellifica,Chimarra acuta
Brachygastra mellifica,Chimarra angustipennis
Brachygastra mellifica,Chimarra bicolor
Brachygastra mellifica,Chimarra laguna
Brachygastra mellifica,Chimarra onchyrhina
Brachygastra mellifica,Chimarra ortiziana
Brachygastra mellifica,Chimarra ridleyi
Brachygastra mellifica,Chimarra setosa
Brachygastra mellifica,Chimarra texana
Brachygastra mellifica,Chioides catillus
Brachygastra mellifica,Chlosyne lacinia
Brachygastra mellifica,Clogmia albipunctatus
Brachygastra mellifica,Clytius clytius
Brachygastra mellifica,Danaus gilippus
Brachygastra mellifica,Danaus plexippus
Brachygastra mellifica,Dione moneta
Brachygastra mellifica,Dryas iulia
Brachygastra mellifica,Emesis tenedia
Brachygastra mellifica,Eurema daira
Brachygastra mellifica,Hamadryas feronia
Brachygastra mellifica,Hamadryas guatemalena
Brachygastra mellifica,Heliconius charithonia
Brachygastra mellifica,Heliconius ismenius
Brachygastra mellifica,Helicopsyche tuxtlensis
Brachygastra mellifica,Heliopetes macaira
Brachygastra mellifica,Hemiargus ceraunus
Brachygastra mellifica,Hypanartia lethe
Brachygastra mellifica,Icerya purchasi
Brachygastra mellifica,Leptonema acutum
Brachygastra mellifica,Leptonema albovirens
Brachygastra mellifica,Leptonema pallidum
Brachygastra mellifica,Leptonema plicatum
Brachygastra mellifica,Macronema variipenne
Brachygastra mellifica,Melete lycimnia
Brachygastra mellifica,Nectopsyche dorsalis
Brachygastra mellifica,Nectopsyche gemmoides
Brachygastra mellifica,Nyctelius nyctelius
Brachygastra mellifica,Oarisma minima
Brachygastra mellifica,Oecetis punctata
Brachygastra mellifica,Oncopeltus cingulifer
Brachygastra mellifica,Panoquina ocola
Brachygastra mellifica,Papilio anchisiades
Brachygastra mellifica,Pareuptychia hesione
Brachygastra mellifica,Parides erithalion
Brachygastra mellifica,Perdita obscuripennis
Brachygastra mellifica,Pereute charops
Brachygastra mellifica,Philophyllia guttulata
Brachygastra mellifica,Phoebis sennae
Brachygastra mellifica,Phyciodes picta
Brachygastra mellifica,Phylloicus aeneus
Brachygastra mellifica,Polistes dorsalis
Brachygastra mellifica,Polistes instabilis
Brachygastra mellifica,Protoptila bicornuta
Brachygastra mellifica,Rhynchophorus palmarum
Brachygastra mellifica,Scaptotrigona mexicana
Brachygastra mellifica,Scaptotrigona pectoralis
Brachygastra mellifica,Siproeta stelenes
Brachygastra mellifica,Smicridea calopa
Brachygastra mellifica,Smicridea fasciatella
Brachygastra mellifica,Smicridea lobata
Brachygastra mellifica,Smicridea radula
Brachygastra mellifica,Smicridea rara
Brachygastra mellifica,Smicropus laeta
Brachygastra mellifica,Syngamia florella
Brachygastra mellifica,Tapinoma melanocephalum
Brachygastra mellifica,Thecla bathildis
Brachygastra mellifica,Trigona fulviventris
Brachygastra mellifica,Triplectides flintorum
Brachygastra mellifica,Turesis lucas
Brachygastra mellifica,Umbonia crassicornis
Brachygastra mellifica,Urbanus dorantes
Brachygastra mellifica,Urbanus procne
Brachygastra mellifica,Wormaldia planae
Brachygastra mellifica,Xenophanes tryxus
Burnsius burnsi,Caicella calchas
Burnsius burnsi,Caligo telamonius
Burnsius burnsi,Callicista columella
Burnsius burnsi,Canesia canescens
Burnsius burnsi,Chimarra acuta
Burnsius burnsi,Chimarra angustipennis
Burnsius burnsi,Chimarra bicolor
Burnsius burnsi,Chimarra laguna
Burnsius burnsi,Chimarra onchyrhina
Burnsius burnsi,Chimarra ortiziana
Burnsius burnsi,Chimarra ridleyi
Burnsius burnsi,Chimarra setosa
Burnsius burnsi,Chimarra texana
Burnsius burnsi,Chioides catillus
Burnsius burnsi,Chlosyne lacinia
Burnsius burnsi,Clogmia albipunctatus
Burnsius burnsi,Clytius clytius
Burnsius burnsi,Danaus gilippus
Burnsius burnsi,Danaus plexippus
Burnsius burnsi,Dione moneta
Burnsius burnsi,Dryas iulia
Burnsius burnsi,Emesis tenedia
Burnsius burnsi,Eurema daira
Burnsius burnsi,Hamadryas feronia
Burnsius burnsi,Hamadryas guatemalena
Burnsius burnsi,Heliconius charithonia
Burnsius burnsi,Heliconius ismenius
Burnsius burnsi,Helicopsyche tuxtlensis
Burnsius burnsi,Heliopetes macaira
Burnsius burnsi,Hemiargus ceraunus
Burnsius burnsi,Hypanartia lethe
Burnsius burnsi,Icerya purchasi
Burnsius burnsi,Leptonema acutum
Burnsius burnsi,Leptonema albovirens
Burnsius burnsi,Leptonema pallidum
Burnsius burnsi,Leptonema plicatum
Burnsius burnsi,Macronema variipenne
Burnsius burnsi,Melete lycimnia
Burnsius burnsi,Nectopsyche dorsalis
Burnsius burnsi,Nectopsyche gemmoides
Burnsius burnsi,Nyctelius nyctelius
Burnsius burnsi,Oarisma minima
Burnsius burnsi,Oecetis punctata
Burnsius burnsi,Oncopeltus cingulifer
Burnsius burnsi,Panoquina ocola
Burnsius burnsi,Papilio anchisiades
Burnsius burnsi,Pareuptychia hesione
Burnsius burnsi,Parides erithalion
Burnsius burnsi,Perdita obscuripennis
Burnsius burnsi,Pereute charops
Burnsius burnsi,Philophyllia guttulata
Burnsius burnsi,Phoebis sennae
Burnsius burnsi,Phyciodes picta
Burnsius burnsi,Phylloicus aeneus
Burnsius burnsi,Polistes dorsalis
Burnsius burnsi,Polistes instabilis
Burnsius burnsi,Protoptila bicornuta
Burnsius burnsi,Rhynchophorus palmarum
Burnsius burnsi,Scaptotrigona mexicana
Burnsius burnsi,Scaptotrigona pectoralis
Burnsius burnsi,Siproeta stelenes
Burnsius burnsi,Smicridea calopa
Burnsius burnsi,Smicridea fasciatella
Burnsius burnsi,Smicridea lobata
Burnsius burnsi,Smicridea radula
Burnsius burnsi,Smicridea rara
Burnsius burnsi,Smicropus laeta
Burnsius burnsi,Syngamia florella
Burnsius burnsi,Tapinoma melanocephalum
Burnsius burnsi,Thecla bathildis
Burnsius burnsi,Trigona fulviventris
Burnsius burnsi,Triplectides flintorum
Burnsius burnsi,Turesis lucas
Burnsius burnsi,Umbonia crassicornis
Burnsius burnsi,Urbanus dorantes
Burnsius burnsi,Urbanus procne
Burnsius burnsi,Wormaldia planae
Burnsius burnsi,Xenophanes tryxus
Caicella calchas,Caligo telamonius
Caicella calchas,Callicista columella
Caicella calchas,Canesia canescens
Caicella calchas,Chimarra acuta
Caicella calchas,Chimarra angustipennis
Caicella calchas,Chimarra bicolor
Caicella calchas,Chimarra laguna
Caicella calchas,Chimarra onchyrhina
Caicella calchas,Chimarra ortiziana
Caicella calchas,Chimarra ridleyi
Caicella calchas,Chimarra setosa
Caicella calchas,Chimarra texana
Caicella calchas,Chioides catillus
Caicella calchas,Chlosyne lacinia
Caicella calchas,Clogmia albipunctatus
Caicella calchas,Clytius clytius
Caicella calchas,Danaus gilippus
Caicella calchas,Danaus plexippus
Caicella calchas,Dione moneta
Caicella calchas,Dryas iulia
Caicella calchas,Emesis tenedia
Caicella calchas,Eurema daira
Caicella calchas,Hamadryas feronia
Caicella calchas,Hamadryas guatemalena
Caicella calchas,Heliconius charithonia
Caicella calchas,Heliconius ismenius
Caicella calchas,Helicopsyche tuxtlensis
Caicella calchas,Heliopetes macaira
Caicella calchas,Hemiargus ceraunus
Caicella calchas,Hypanartia lethe
Caicella calchas,Icerya purchasi
Caicella calchas,Leptonema acutum
Caicella calchas,Leptonema albovirens
Caicella calchas,Leptonema pallidum
Caicella calchas,Leptonema plicatum
Caicella calchas,Macronema variipenne
Caicella calchas,Melete lycimnia
Caicella calchas,Nectopsyche dorsalis
Caicella calchas,Nectopsyche gemmoides
Caicella calchas,Nyctelius nyctelius
Caicella calchas,Oarisma minima
Caicella calchas,Oecetis punctata
Caicella calchas,Oncopeltus cingulifer
Caicella calchas,Panoquina ocola
Caicella calchas,Papilio anchisiades
Caicella calchas,Pareuptychia hesione
Caicella calchas,Parides erithalion
Caicella calchas,Perdita obscuripennis
Caicella calchas,Pereute charops
Caicella calchas,Philophyllia guttulata
Caicella calchas,Phoebis sennae
Caicella calchas,Phyciodes picta
Caicella calchas,Phylloicus aeneus
Caicella calchas,Polistes dorsalis
Caicella calchas,Polistes instabilis
Caicella calchas,Protoptila bicornuta
Caicella calchas,Rhynchophorus palmarum
Caicella calchas,Scaptotrigona mexicana
Caicella calchas,Scaptotrigona pectoralis
Caicella calchas,Siproeta stelenes
Caicella calchas,Smicridea calopa
Caicella calchas,Smicridea fasciatella
Caicella calchas,Smicridea lobata
Caicella calchas,Smicridea radula
Caicella calchas,Smicridea rara
Caicella calchas,Smicropus laeta
Caicella calchas,Syngamia florella
Caicella calchas,Tapinoma melanocephalum
Caicella calchas,Thecla bathildis
Caicella calchas,Trigona fulviventris
Caicella calchas,Triplectides flintorum
Caicella calchas,Turesis lucas
Caicella calchas,Umbonia crassicornis
Caicella calchas,Urbanus dorantes
Caicella calchas,Urbanus procne
Caicella calchas,Wormaldia planae
Caicella calchas,Xenophanes tryxus
Caligo telamonius,Callicista columella
Caligo telamonius,Canesia canescens
Caligo telamonius,Chimarra acuta
Caligo telamonius,Chimarra angustipennis
Caligo telamonius,Chimarra bicolor
Caligo telamonius,Chimarra laguna
Caligo telamonius,Chimarra onchyrhina
Caligo telamonius,Chimarra ortiziana
Caligo telamonius,Chimarra ridleyi
Caligo telamonius,Chimarra setosa
Caligo telamonius,Chimarra texana
Caligo telamonius,Chioides catillus
Caligo telamonius,Chlosyne lacinia
Caligo telamonius,Clogmia albipunctatus
Caligo telamonius,Clytius clytius
Caligo telamonius,Danaus gilippus
Caligo telamonius,Danaus plexippus
Caligo telamonius,Dione moneta
Caligo telamonius,Dryas iulia
Caligo telamonius,Emesis tenedia
Caligo telamonius,Eurema daira
Caligo telamonius,Hamadryas feronia
Caligo telamonius,Hamadryas guatemalena
Caligo telamonius,Heliconius charithonia
Caligo telamonius,Heliconius ismenius
Caligo telamonius,Helicopsyche tuxtlensis
Caligo telamonius,Heliopetes macaira
Caligo telamonius,Hemiargus ceraunus
Caligo telamonius,Hypanartia lethe
Caligo telamonius,Icerya purchasi
Caligo telamonius,Leptonema acutum
Caligo telamonius,Leptonema albovirens
Caligo telamonius,Leptonema pallidum
Caligo telamonius,Leptonema plicatum
Caligo telamonius,Macronema variipenne
Caligo telamonius,Melete lycimnia
Caligo telamonius,Nectopsyche dorsalis
Caligo telamonius,Nectopsyche gemmoides
Caligo telamonius,Nyctelius nyctelius
Caligo telamonius,Oarisma minima
Caligo telamonius,Oecetis punctata
Caligo telamonius,Oncopeltus cingulifer
Caligo telamonius,Panoquina ocola
Caligo telamonius,Papilio anchisiades
Caligo telamonius,Pareuptychia hesione
Caligo telamonius,Parides erithalion
Caligo telamonius,Perdita obscuripennis
Caligo telamonius,Pereute charops
Caligo telamonius,Philophyllia guttulata
Caligo telamonius,Phoebis sennae
Caligo telamonius,Phyciodes picta
Caligo telamonius,Phylloicus aeneus
Caligo telamonius,Polistes dorsalis
Caligo telamonius,Polistes instabilis
Caligo telamonius,Protoptila bicornuta
Caligo telamonius,Rhynchophorus palmarum
Caligo telamonius,Scaptotrigona mexicana
Caligo telamonius,Scaptotrigona pectoralis
Caligo telamonius,Siproeta stelenes
Caligo telamonius,Smicridea calopa
Caligo telamonius,Smicridea fasciatella
Caligo telamonius,Smicridea lobata
Caligo telamonius,Smicridea radula
Caligo telamonius,Smicridea rara
Caligo telamonius,Smicropus laeta
Caligo telamonius,Syngamia florella
Caligo telamonius,Tapinoma melanocephalum
Caligo telamonius,Thecla bathildis
Caligo telamonius,Trigona fulviventris
Caligo telamonius,Triplectides flintorum
Caligo telamonius,Turesis lucas
Caligo telamonius,Umbonia crassicornis
Caligo telamonius,Urbanus dorantes
Caligo telamonius,Urbanus procne
Caligo telamonius,Wormaldia planae
Caligo telamonius,Xenophanes tryxus
Callicista columella,Canesia canescens
Callicista columella,Chimarra acuta
Callicista columella,Chimarra angustipennis
Callicista columella,Chimarra bicolor
Callicista columella,Chimarra laguna
Callicista columella,Chimarra onchyrhina
Callicista columella,Chimarra ortiziana
Callicista columella,Chimarra ridleyi
Callicista columella,Chimarra setosa
Callicista columella,Chimarra texana
Callicista columella,Chioides catillus
Callicista columella,Chlosyne lacinia
Callicista columella,Clogmia albipunctatus
Callicista columella,Clytius clytius
Callicista columella,Danaus gilippus
Callicista columella,Danaus plexippus
Callicista columella,Dione moneta
Callicista columella,Dryas iulia
Callicista columella,Emesis tenedia
Callicista columella,Eurema daira
Callicista columella,Hamadryas feronia
Callicista columella,Hamadryas guatemalena
Callicista columella,Heliconius charithonia
Callicista columella,Heliconius ismenius
Callicista columella,Helicopsyche tuxtlensis
Callicista columella,Heliopetes macaira
Callicista columella,Hemiargus ceraunus
Callicista columella,Hypanartia lethe
Callicista columella,Icerya purchasi
Callicista columella,Leptonema acutum
Callicista columella,Leptonema albovirens
Callicista columella,Leptonema pallidum
Callicista columella,Leptonema plicatum
Callicista columella,Macronema variipenne
Callicista columella,Melete lycimnia
Callicista columella,Nectopsyche dorsalis
Callicista columella,Nectopsyche gemmoides
Callicista columella,Nyctelius nyctelius
Callicista columella,Oarisma minima
Callicista columella,Oecetis punctata
Callicista columella,Oncopeltus cingulifer
Callicista columella,Panoquina ocola
Callicista columella,Papilio anchisiades
Callicista columella,Pareuptychia hesione
Callicista columella,Parides erithalion
Callicista columella,Perdita obscuripennis
Callicista columella,Pereute charops
Callicista columella,Philophyllia guttulata
Callicista columella,Phoebis sennae
Callicista columella,Phyciodes picta
Callicista columella,Phylloicus aeneus
Callicista columella,Polistes dorsalis
Callicista columella,Polistes instabilis
Callicista columella,Protoptila bicornuta
Callicista columella,Rhynchophorus palmarum
Callicista columella,Scaptotrigona mexicana
Callicista columella,Scaptotrigona pectoralis
Callicista columella,Siproeta stelenes
Callicista columella,Smicridea calopa
Callicista columella,Smicridea fasciatella
Callicista columella,Smicridea lobata
Callicista columella,Smicridea radula
Callicista columella,Smicridea rara
Callicista columella,Smicropus laeta
Callicista columella,Syngamia florella
Callicista columella,Tapinoma melanocephalum
Callicista columella,Thecla bathildis
Callicista columella,Trigona fulviventris
Callicista columella,Triplectides flintorum
Callicista columella,Turesis lucas
Callicista columella,Umbonia crassicornis
Callicista columella,Urbanus dorantes
Callicista columella,Urbanus procne
Callicista columella,Wormaldia planae
Callicista columella,Xenophanes tryxus
Canesia canescens,Chimarra acuta
Canesia canescens,Chimarra angustipennis
Canesia canescens,Chimarra bicolor
Canesia canescens,Chimarra laguna
Canesia canescens,Chimarra onchyrhina
Canesia canescens,Chimarra ortiziana
Canesia canescens,Chimarra ridleyi
Canesia canescens,Chimarra setosa
Canesia canescens,Chimarra texana
Canesia canescens,Chioides catillus
Canesia canescens,Chlosyne lacinia
Canesia canescens,Clogmia albipunctatus
Canesia canescens,Clytius clytius
Canesia canescens,Danaus gilippus
Canesia canescens,Danaus plexippus
Canesia canescens,Dione moneta
Canesia canescens,Dryas iulia
Canesia canescens,Emesis tenedia
Canesia canescens,Eurema daira
Canesia canescens,Hamadryas feronia
Canesia canescens,Hamadryas guatemalena
Canesia canescens,Heliconius charithonia
Canesia canescens,Heliconius ismenius
Canesia canescens,Helicopsyche tuxtlensis
Canesia canescens,Heliopetes macaira
Canesia canescens,Hemiargus ceraunus
Canesia canescens,Hypanartia lethe
Canesia canescens,Icerya purchasi
Canesia canescens,Leptonema acutum
Canesia canescens,Leptonema albovirens
Canesia canescens,Leptonema pallidum
Canesia canescens,Leptonema plicatum
Canesia canescens,Macronema variipenne
Canesia canescens,Melete lycimnia
Canesia canescens,Nectopsyche dorsalis
Canesia canescens,Nectopsyche gemmoides
Canesia canescens,Nyctelius nyctelius
Canesia canescens,Oarisma minima
Canesia canescens,Oecetis punctata
Canesia canescens,Oncopeltus cingulifer
Canesia canescens,Panoquina ocola
Canesia canescens,Papilio anchisiades
Canesia canescens,Pareuptychia hesione
Canesia canescens,Parides erithalion
Canesia canescens,Perdita obscuripennis
Canesia canescens,Pereute charops
Canesia canescens,Philophyllia guttulata
Canesia canescens,Phoebis sennae
Canesia canescens,Phyciodes picta
Canesia canescens,Phylloicus aeneus
Canesia canescens,Polistes dorsalis
Canesia canescens,Polistes instabilis
Canesia canescens,Protoptila bicornuta
Canesia canescens,Rhynchophorus palmarum
Canesia canescens,Scaptotrigona mexicana
Canesia canescens,Scaptotrigona pectoralis
Canesia canescens,Siproeta stelenes
Canesia canescens,Smicridea calopa
Canesia canescens,Smicridea fasciatella
Canesia canescens,Smicridea lobata
Canesia canescens,Smicridea radula
Canesia canescens,Smicridea rara
Canesia canescens,Smicropus laeta
Canesia canescens,Syngamia florella
Canesia canescens,Tapinoma melanocephalum
Canesia canescens,Thecla bathildis
Canesia canescens,Trigona fulviventris
Canesia canescens,Triplectides flintorum
Canesia canescens,Turesis lucas
Canesia canescens,Umbonia crassicornis
Canesia canescens,Urbanus dorantes
Canesia canescens,Urbanus procne
Canesia canescens,Wormaldia planae
Canesia canescens,Xenophanes tryxus
Chimarra acuta,Chimarra angustipennis
Chimarra acuta,Chimarra bicolor
Chimarra acuta,Chimarra laguna
Chimarra acuta,Chimarra onchyrhina
Chimarra acuta,Chimarra ortiziana
Chimarra acuta,Chimarra ridleyi
Chimarra acuta,Chimarra setosa
Chimarra acuta,Chimarra texana
Chimarra acuta,Chioides catillus
Chimarra acuta,Chlosyne lacinia
Chimarra acuta,Clogmia albipunctatus
Chimarra acuta,Clytius clytius
Chimarra acuta,Danaus gilippus
Chimarra acuta,Danaus plexippus
Chimarra acuta,Dione moneta
Chimarra acuta,Dryas iulia
Chimarra acuta,Emesis tenedia
Chimarra acuta,Eurema daira
Chimarra acuta,Hamadryas feronia
Chimarra acuta,Hamadryas guatemalena
Chimarra acuta,Heliconius charithonia
Chimarra acuta,Heliconius ismenius
Chimarra acuta,Helicopsyche tuxtlensis
Chimarra acuta,Heliopetes macaira
Chimarra acuta,Hemiargus ceraunus
Chimarra acuta,Hypanartia lethe
Chimarra acuta,Icerya purchasi
Chimarra acuta,Leptonema acutum
Chimarra acuta,Leptonema albovirens
Chimarra acuta,Leptonema pallidum
Chimarra acuta,Leptonema plicatum
Chimarra acuta,Macronema variipenne
Chimarra acuta,Melete lycimnia
Chimarra acuta,Nectopsyche dorsalis
Chimarra acuta,Nectopsyche gemmoides
Chimarra acuta,Nyctelius nyctelius
Chimarra acuta,Oarisma minima
Chimarra acuta,Oecetis punctata
Chimarra acuta,Oncopeltus cingulifer
Chimarra acuta,Panoquina ocola
Chimarra acuta,Papilio anchisiades
Chimarra acuta,Pareuptychia hesione
Chimarra acuta,Parides erithalion
Chimarra acuta,Perdita obscuripennis
Chimarra acuta,Pereute charops
Chimarra acuta,Philophyllia guttulata
Chimarra acuta,Phoebis sennae
Chimarra acuta,Phyciodes picta
Chimarra acuta,Phylloicus aeneus
Chimarra acuta,Polistes dorsalis
Chimarra acuta,Polistes instabilis
Chimarra acuta,Protoptila bicornuta
Chimarra acuta,Rhynchophorus palmarum
Chimarra acuta,Scaptotrigona mexicana
Chimarra acuta,Scaptotrigona pectoralis
Chimarra acuta,Siproeta stelenes
Chimarra acuta,Smicridea calopa
Chimarra acuta,Smicridea fasciatella
Chimarra acuta,Smicridea lobata
Chimarra acuta,Smicridea radula
Chimarra acuta,Smicridea rara
Chimarra acuta,Smicropus laeta
Chimarra acuta,Syngamia florella
Chimarra acuta,Tapinoma melanocephalum
Chimarra acuta,Thecla bathildis
Chimarra acuta,Trigona fulviventris
Chimarra acuta,Triplectides flintorum
Chimarra acuta,Turesis lucas
Chimarra acuta,Umbonia crassicornis
Chimarra acuta,Urbanus dorantes
Chimarra acuta,Urbanus procne
Chimarra acuta,Wormaldia planae
Chimarra acuta,Xenophanes tryxus
Chimarra angustipennis,Chimarra bicolor
Chimarra angustipennis,Chimarra laguna
Chimarra angustipennis,Chimarra onchyrhina
Chimarra angustipennis,Chimarra ortiziana
Chimarra angustipennis,Chimarra ridleyi
Chimarra angustipennis,Chimarra setosa
Chimarra angustipennis,Chimarra texana
Chimarra angustipennis,Chioides catillus
Chimarra angustipennis,Chlosyne lacinia
Chimarra angustipennis,Clogmia albipunctatus
Chimarra angustipennis,Clytius clytius
Chimarra angustipennis,Danaus gilippus
Chimarra angustipennis,Danaus plexippus
Chimarra angustipennis,Dione moneta
Chimarra angustipennis,Dryas iulia
Chimarra angustipennis,Emesis tenedia
Chimarra angustipennis,Eurema daira
Chimarra angustipennis,Hamadryas feronia
Chimarra angustipennis,Hamadryas guatemalena
Chimarra angustipennis,Heliconius charithonia
Chimarra angustipennis,Heliconius ismenius
Chimarra angustipennis,Helicopsyche tuxtlensis
Chimarra angustipennis,Heliopetes macaira
Chimarra angustipennis,Hemiargus ceraunus
Chimarra angustipennis,Hypanartia lethe
Chimarra angustipennis,Icerya purchasi
Chimarra angustipennis,Leptonema acutum
Chimarra angustipennis,Leptonema albovirens
Chimarra angustipennis,Leptonema pallidum
Chimarra angustipennis,Leptonema plicatum
Chimarra angustipennis,Macronema variipenne
Chimarra angustipennis,Melete lycimnia
Chimarra angustipennis,Nectopsyche dorsalis
Chimarra angustipennis,Nectopsyche gemmoides
Chimarra angustipennis,Nyctelius nyctelius
Chimarra angustipennis,Oarisma minima
Chimarra angustipennis,Oecetis punctata
Chimarra angustipennis,Oncopeltus cingulifer
Chimarra angustipennis,Panoquina ocola
Chimarra angustipennis,Papilio anchisiades
Chimarra angustipennis,Pareuptychia hesione
Chimarra angustipennis,Parides erithalion
Chimarra angustipennis,Perdita obscuripennis
Chimarra angustipennis,Pereute charops
Chimarra angustipennis,Philophyllia guttulata
Chimarra angustipennis,Phoebis sennae
Chimarra angustipennis,Phyciodes picta
Chimarra angustipennis,Phylloicus aeneus
Chimarra angustipennis,Polistes dorsalis
Chimarra angustipennis,Polistes instabilis
Chimarra angustipennis,Protoptila bicornuta
Chimarra angustipennis,Rhynchophorus palmarum
Chimarra angustipennis,Scaptotrigona mexicana
Chimarra angustipennis,Scaptotrigona pectoralis
Chimarra angustipennis,Siproeta stelenes
Chimarra angustipennis,Smicridea calopa
Chimarra angustipennis,Smicridea fasciatella
Chimarra angustipennis,Smicridea lobata
Chimarra angustipennis,Smicridea radula
Chimarra angustipennis,Smicridea rara
Chimarra angustipennis,Smicropus laeta
Chimarra angustipennis,Syngamia florella
Chimarra angustipennis,Tapinoma melanocephalum
Chimarra angustipennis,Thecla bathildis
Chimarra angustipennis,Trigona fulviventris
Chimarra angustipennis,Triplectides flintorum
Chimarra angustipennis,Turesis lucas
Chimarra angustipennis,Umbonia crassicornis
Chimarra angustipennis,Urbanus dorantes
Chimarra angustipennis,Urbanus procne
Chimarra angustipennis,Wormaldia planae
Chimarra angustipennis,Xenophanes tryxus
Chimarra bicolor,Chimarra laguna
Chimarra bicolor,Chimarra onchyrhina
Chimarra bicolor,Chimarra ortiziana
Chimarra bicolor,Chimarra ridleyi
Chimarra bicolor,Chimarra setosa
Chimarra bicolor,Chimarra texana
Chimarra bicolor,Chioides catillus
Chimarra bicolor,Chlosyne lacinia
Chimarra bicolor,Clogmia albipunctatus
Chimarra bicolor,Clytius clytius
Chimarra bicolor,Danaus gilippus
Chimarra bicolor,Danaus plexippus
Chimarra bicolor,Dione moneta
Chimarra bicolor,Dryas iulia
Chimarra bicolor,Emesis tenedia
Chimarra bicolor,Eurema daira
Chimarra bicolor,Hamadryas feronia
Chimarra bicolor,Hamadryas guatemalena
Chimarra bicolor,Heliconius charithonia
Chimarra bicolor,Heliconius ismenius
Chimarra bicolor,Helicopsyche tuxtlensis
Chimarra bicolor,Heliopetes macaira
Chimarra bicolor,Hemiargus ceraunus
Chimarra bicolor,Hypanartia lethe
Chimarra bicolor,Icerya purchasi
Chimarra bicolor,Leptonema acutum
Chimarra bicolor,Leptonema albovirens
Chimarra bicolor,Leptonema pallidum
Chimarra bicolor,Leptonema plicatum
Chimarra bicolor,Macronema variipenne
Chimarra bicolor,Melete lycimnia
Chimarra bicolor,Nectopsyche dorsalis
Chimarra bicolor,Nectopsyche gemmoides
Chimarra bicolor,Nyctelius nyctelius
Chimarra bicolor,Oarisma minima
Chimarra bicolor,Oecetis punctata
Chimarra bicolor,Oncopeltus cingulifer
Chimarra bicolor,Panoquina ocola
Chimarra bicolor,Papilio anchisiades
Chimarra bicolor,Pareuptychia hesione
Chimarra bicolor,Parides erithalion
Chimarra bicolor,Perdita obscuripennis
Chimarra bicolor,Pereute charops
Chimarra bicolor,Philophyllia guttulata
Chimarra bicolor,Phoebis sennae
Chimarra bicolor,Phyciodes picta
Chimarra bicolor,Phylloicus aeneus
Chimarra bicolor,Polistes dorsalis
Chimarra bicolor,Polistes instabilis
Chimarra bicolor,Protoptila bicornuta
Chimarra bicolor,Rhynchophorus palmarum
Chimarra bicolor,Scaptotrigona mexicana
Chimarra bicolor,Scaptotrigona pectoralis
Chimarra bicolor,Siproeta stelenes
Chimarra bicolor,Smicridea calopa
Chimarra bicolor,Smicridea fasciatella
Chimarra bicolor,Smicridea lobata
Chimarra bicolor,Smicridea radula
Chimarra bicolor,Smicridea rara
Chimarra bicolor,Smicropus laeta
Chimarra bicolor,Syngamia florella
Chimarra bicolor,Tapinoma melanocephalum
Chimarra bicolor,Thecla bathildis
Chimarra bicolor,Trigona fulviventris
Chimarra bicolor,Triplectides flintorum
Chimarra bicolor,Turesis lucas
Chimarra bicolor,Umbonia crassicornis
Chimarra bicolor,Urbanus dorantes
Chimarra bicolor,Urbanus procne
Chimarra bicolor,Wormaldia planae
Chimarra bicolor,Xenophanes tryxus
Chimarra laguna,Chimarra onchyrhina
Chimarra laguna,Chimarra ortiziana
Chimarra laguna,Chimarra ridleyi
Chimarra laguna,Chimarra setosa
Chimarra laguna,Chimarra texana
Chimarra laguna,Chioides catillus
Chimarra laguna,Chlosyne lacinia
Chimarra laguna,Clogmia albipunctatus
Chimarra laguna,Clytius clytius
Chimarra laguna,Danaus gilippus
Chimarra laguna,Danaus plexippus
Chimarra laguna,Dione moneta
Chimarra laguna,Dryas iulia
Chimarra laguna,Emesis tenedia
Chimarra laguna,Eurema daira
Chimarra laguna,Hamadryas feronia
Chimarra laguna,Hamadryas guatemalena
Chimarra laguna,Heliconius charithonia
Chimarra laguna,Heliconius ismenius
Chimarra laguna,Helicopsyche tuxtlensis
Chimarra laguna,Heliopetes macaira
Chimarra laguna,Hemiargus ceraunus
Chimarra laguna,Hypanartia lethe
Chimarra laguna,Icerya purchasi
Chimarra laguna,Leptonema acutum
Chimarra laguna,Leptonema albovirens
Chimarra laguna,Leptonema pallidum
Chimarra laguna,Leptonema plicatum
Chimarra laguna,Macronema variipenne
Chimarra laguna,Melete lycimnia
Chimarra laguna,Nectopsyche dorsalis
Chimarra laguna,Nectopsyche gemmoides
Chimarra laguna,Nyctelius nyctelius
Chimarra laguna,Oarisma minima
Chimarra laguna,Oecetis punctata
Chimarra laguna,Oncopeltus cingulifer
Chimarra laguna,Panoquina ocola
Chimarra laguna,Papilio anchisiades
Chimarra laguna,Pareuptychia hesione
Chimarra laguna,Parides erithalion
Chimarra laguna,Perdita obscuripennis
Chimarra laguna,Pereute charops
Chimarra laguna,Philophyllia guttulata
Chimarra laguna,Phoebis sennae
Chimarra laguna,Phyciodes picta
Chimarra laguna,Phylloicus aeneus
Chimarra laguna,Polistes dorsalis
Chimarra laguna,Polistes instabilis
Chimarra laguna,Protoptila bicornuta
Chimarra laguna,Rhynchophorus palmarum
Chimarra laguna,Scaptotrigona mexicana
Chimarra laguna,Scaptotrigona pectoralis
Chimarra laguna,Siproeta stelenes
Chimarra laguna,Smicridea calopa
Chimarra laguna,Smicridea fasciatella
Chimarra laguna,Smicridea lobata
Chimarra laguna,Smicridea radula
Chimarra laguna,Smicridea rara
Chimarra laguna,Smicropus laeta
Chimarra laguna,Syngamia florella
Chimarra laguna,Tapinoma melanocephalum
Chimarra laguna,Thecla bathildis
Chimarra laguna,Trigona fulviventris
Chimarra laguna,Triplectides flintorum
Chimarra laguna,Turesis lucas
Chimarra laguna,Umbonia crassicornis
Chimarra laguna,Urbanus dorantes
Chimarra laguna,Urbanus procne
Chimarra laguna,Wormaldia planae
Chimarra laguna,Xenophanes tryxus
Chimarra onchyrhina,Chimarra ortiziana
Chimarra onchyrhina,Chimarra ridleyi
Chimarra onchyrhina,Chimarra setosa
Chimarra onchyrhina,Chimarra texana
Chimarra onchyrhina,Chioides catillus
Chimarra onchyrhina,Chlosyne lacinia
Chimarra onchyrhina,Clogmia albipunctatus
Chimarra onchyrhina,Clytius clytius
Chimarra onchyrhina,Danaus gilippus
Chimarra onchyrhina,Danaus plexippus
Chimarra onchyrhina,Dione moneta
Chimarra onchyrhina,Dryas iulia
Chimarra onchyrhina,Emesis tenedia
Chimarra onchyrhina,Eurema daira
Chimarra onchyrhina,Hamadryas feronia
Chimarra onchyrhina,Hamadryas guatemalena
Chimarra onchyrhina,Heliconius charithonia
Chimarra onchyrhina,Heliconius ismenius
Chimarra onchyrhina,Helicopsyche tuxtlensis
Chimarra onchyrhina,Heliopetes macaira
Chimarra onchyrhina,Hemiargus ceraunus
Chimarra onchyrhina,Hypanartia lethe
Chimarra onchyrhina,Icerya purchasi
Chimarra onchyrhina,Leptonema acutum
Chimarra onchyrhina,Leptonema albovirens
Chimarra onchyrhina,Leptonema pallidum
Chimarra onchyrhina,Leptonema plicatum
Chimarra onchyrhina,Macronema variipenne
Chimarra onchyrhina,Melete lycimnia
Chimarra onchyrhina,Nectopsyche dorsalis
Chimarra onchyrhina,Nectopsyche gemmoides
Chimarra onchyrhina,Nyctelius nyctelius
Chimarra onchyrhina,Oarisma minima
Chimarra onchyrhina,Oecetis punctata
Chimarra onchyrhina,Oncopeltus cingulifer
Chimarra onchyrhina,Panoquina ocola
Chimarra onchyrhina,Papilio anchisiades
Chimarra onchyrhina,Pareuptychia hesione
Chimarra onchyrhina,Parides erithalion
Chimarra onchyrhina,Perdita obscuripennis
Chimarra onchyrhina,Pereute charops
Chimarra onchyrhina,Philophyllia guttulata
Chimarra onchyrhina,Phoebis sennae
Chimarra onchyrhina,Phyciodes picta
Chimarra onchyrhina,Phylloicus aeneus
Chimarra onchyrhina,Polistes dorsalis
Chimarra onchyrhina,Polistes instabilis
Chimarra onchyrhina,Protoptila bicornuta
Chimarra onchyrhina,Rhynchophorus palmarum
Chimarra onchyrhina,Scaptotrigona mexicana
Chimarra onchyrhina,Scaptotrigona pectoralis
Chimarra onchyrhina,Siproeta stelenes
Chimarra onchyrhina,Smicridea calopa
Chimarra onchyrhina,Smicridea fasciatella
Chimarra onchyrhina,Smicridea lobata
Chimarra onchyrhina,Smicridea radula
Chimarra onchyrhina,Smicridea rara
Chimarra onchyrhina,Smicropus laeta
Chimarra onchyrhina,Syngamia florella
Chimarra onchyrhina,Tapinoma melanocephalum
Chimarra onchyrhina,Thecla bathildis
Chimarra onchyrhina,Trigona fulviventris
Chimarra onchyrhina,Triplectides flintorum
Chimarra onchyrhina,Turesis lucas
Chimarra onchyrhina,Umbonia crassicornis
Chimarra onchyrhina,Urbanus dorantes
Chimarra onchyrhina,Urbanus procne
Chimarra onchyrhina,Wormaldia planae
Chimarra onchyrhina,Xenophanes tryxus
Chimarra ortiziana,Chimarra ridleyi
Chimarra ortiziana,Chimarra setosa
Chimarra ortiziana,Chimarra texana
Chimarra ortiziana,Chioides catillus
Chimarra ortiziana,Chlosyne lacinia
Chimarra ortiziana,Clogmia albipunctatus
Chimarra ortiziana,Clytius clytius
Chimarra ortiziana,Danaus gilippus
Chimarra ortiziana,Danaus plexippus
Chimarra ortiziana,Dione moneta
Chimarra ortiziana,Dryas iulia
Chimarra ortiziana,Emesis tenedia
Chimarra ortiziana,Eurema daira
Chimarra ortiziana,Hamadryas feronia
Chimarra ortiziana,Hamadryas guatemalena
Chimarra ortiziana,Heliconius charithonia
Chimarra ortiziana,Heliconius ismenius
Chimarra ortiziana,Helicopsyche tuxtlensis
Chimarra ortiziana,Heliopetes macaira
Chimarra ortiziana,Hemiargus ceraunus
Chimarra ortiziana,Hypanartia lethe
Chimarra ortiziana,Icerya purchasi
Chimarra ortiziana,Leptonema acutum
Chimarra ortiziana,Leptonema albovirens
Chimarra ortiziana,Leptonema pallidum
Chimarra ortiziana,Leptonema plicatum
Chimarra ortiziana,Macronema variipenne
Chimarra ortiziana,Melete lycimnia
Chimarra ortiziana,Nectopsyche dorsalis
Chimarra ortiziana,Nectopsyche gemmoides
Chimarra ortiziana,Nyctelius nyctelius
Chimarra ortiziana,Oarisma minima
Chimarra ortiziana,Oecetis punctata
Chimarra ortiziana,Oncopeltus cingulifer
Chimarra ortiziana,Panoquina ocola
Chimarra ortiziana,Papilio anchisiades
Chimarra ortiziana,Pareuptychia hesione
Chimarra ortiziana,Parides erithalion
Chimarra ortiziana,Perdita obscuripennis
Chimarra ortiziana,Pereute charops
Chimarra ortiziana,Philophyllia guttulata
Chimarra ortiziana,Phoebis sennae
Chimarra ortiziana,Phyciodes picta
Chimarra ortiziana,Phylloicus aeneus
Chimarra ortiziana,Polistes dorsalis
Chimarra ortiziana,Polistes instabilis
Chimarra ortiziana,Protoptila bicornuta
Chimarra ortiziana,Rhynchophorus palmarum
Chimarra ortiziana,Scaptotrigona mexicana
Chimarra ortiziana,Scaptotrigona pectoralis
Chimarra ortiziana,Siproeta stelenes
Chimarra ortiziana,Smicridea calopa
Chimarra ortiziana,Smicridea fasciatella
Chimarra ortiziana,Smicridea lobata
Chimarra ortiziana,Smicridea radula
Chimarra ortiziana,Smicridea rara
Chimarra ortiziana,Smicropus laeta
Chimarra ortiziana,Syngamia florella
Chimarra ortiziana,Tapinoma melanocephalum
Chimarra ortiziana,Thecla bathildis
Chimarra ortiziana,Trigona fulviventris
Chimarra ortiziana,Triplectides flintorum
Chimarra ortiziana,Turesis lucas
Chimarra ortiziana,Umbonia crassicornis
Chimarra ortiziana,Urbanus dorantes
Chimarra ortiziana,Urbanus procne
Chimarra ortiziana,Wormaldia planae
Chimarra ortiziana,Xenophanes tryxus
Chimarra ridleyi,Chimarra setosa
Chimarra ridleyi,Chimarra texana
Chimarra ridleyi,Chioides catillus
Chimarra ridleyi,Chlosyne lacinia
Chimarra ridleyi,Clogmia albipunctatus
Chimarra ridleyi,Clytius clytius
Chimarra ridleyi,Danaus gilippus
Chimarra ridleyi,Danaus plexippus
Chimarra ridleyi,Dione moneta
Chimarra ridleyi,Dryas iulia
Chimarra ridleyi,Emesis tenedia
Chimarra ridleyi,Eurema daira
Chimarra ridleyi,Hamadryas feronia
Chimarra ridleyi,Hamadryas guatemalena
Chimarra ridleyi,Heliconius charithonia
Chimarra ridleyi,Heliconius ismenius
Chimarra ridleyi,Helicopsyche tuxtlensis
Chimarra ridleyi,Heliopetes macaira
Chimarra ridleyi,Hemiargus ceraunus
Chimarra ridleyi,Hypanartia lethe
Chimarra ridleyi,Icerya purchasi
Chimarra ridleyi,Leptonema acutum
Chimarra ridleyi,Leptonema albovirens
Chimarra ridleyi,Leptonema pallidum
Chimarra ridleyi,Leptonema plicatum
Chimarra ridleyi,Macronema variipenne
Chimarra ridleyi,Melete lycimnia
Chimarra ridleyi,Nectopsyche dorsalis
Chimarra ridleyi,Nectopsyche gemmoides
Chimarra ridleyi,Nyctelius nyctelius
Chimarra ridleyi,Oarisma minima
Chimarra ridleyi,Oecetis punctata
Chimarra ridleyi,Oncopeltus cingulifer
Chimarra ridleyi,Panoquina ocola
Chimarra ridleyi,Papilio anchisiades
Chimarra ridleyi,Pareuptychia hesione
Chimarra ridleyi,Parides erithalion
Chimarra ridleyi,Perdita obscuripennis
Chimarra ridleyi,Pereute charops
Chimarra ridleyi,Philophyllia guttulata
Chimarra ridleyi,Phoebis sennae
Chimarra ridleyi,Phyciodes picta
Chimarra ridleyi,Phylloicus aeneus
Chimarra ridleyi,Polistes dorsalis
Chimarra ridleyi,Polistes instabilis
Chimarra ridleyi,Protoptila bicornuta
Chimarra ridleyi,Rhynchophorus palmarum
Chimarra ridleyi,Scaptotrigona mexicana
Chimarra ridleyi,Scaptotrigona pectoralis
Chimarra ridleyi,Siproeta stelenes
Chimarra ridleyi,Smicridea calopa
Chimarra ridleyi,Smicridea fasciatella
Chimarra ridleyi,Smicridea lobata
Chimarra ridleyi,Smicridea radula
Chimarra ridleyi,Smicridea rara
Chimarra ridleyi,Smicropus laeta
Chimarra ridleyi,Syngamia florella
Chimarra ridleyi,Tapinoma melanocephalum
Chimarra ridleyi,Thecla bathildis
Chimarra ridleyi,Trigona fulviventris
Chimarra ridleyi,Triplectides flintorum
Chimarra ridleyi,Turesis lucas
Chimarra ridleyi,Umbonia crassicornis
Chimarra ridleyi,Urbanus dorantes
Chimarra ridleyi,Urbanus procne
Chimarra ridleyi,Wormaldia planae
Chimarra ridleyi,Xenophanes tryxus
Chimarra setosa,Chimarra texana
Chimarra setosa,Chioides catillus
Chimarra setosa,Chlosyne lacinia
Chimarra setosa,Clogmia albipunctatus
Chimarra setosa,Clytius clytius
Chimarra setosa,Danaus gilippus
Chimarra setosa,Danaus plexippus
Chimarra setosa,Dione moneta
Chimarra setosa,Dryas iulia
Chimarra setosa,Emesis tenedia
Chimarra setosa,Eurema daira
Chimarra setosa,Hamadryas feronia
Chimarra setosa,Hamadryas guatemalena
Chimarra setosa,Heliconius charithonia
Chimarra setosa,Heliconius ismenius
Chimarra setosa,Helicopsyche tuxtlensis
Chimarra setosa,Heliopetes macaira
Chimarra setosa,Hemiargus ceraunus
Chimarra setosa,Hypanartia lethe
Chimarra setosa,Icerya purchasi
Chimarra setosa,Leptonema acutum
Chimarra setosa,Leptonema albovirens
Chimarra setosa,Leptonema pallidum
Chimarra setosa,Leptonema plicatum
Chimarra setosa,Macronema variipenne
Chimarra setosa,Melete lycimnia
Chimarra setosa,Nectopsyche dorsalis
Chimarra setosa,Nectopsyche gemmoides
Chimarra setosa,Nyctelius nyctelius
Chimarra setosa,Oarisma minima
Chimarra setosa,Oecetis punctata
Chimarra setosa,Oncopeltus cingulifer
Chimarra setosa,Panoquina ocola
Chimarra setosa,Papilio anchisiades
Chimarra setosa,Pareuptychia hesione
Chimarra setosa,Parides erithalion
Chimarra setosa,Perdita obscuripennis
Chimarra setosa,Pereute charops
Chimarra setosa,Philophyllia guttulata
Chimarra setosa,Phoebis sennae
Chimarra setosa,Phyciodes picta
Chimarra setosa,Phylloicus aeneus
Chimarra setosa,Polistes dorsalis
Chimarra setosa,Polistes instabilis
Chimarra setosa,Protoptila bicornuta
Chimarra setosa,Rhynchophorus palmarum
Chimarra setosa,Scaptotrigona mexicana
Chimarra setosa,Scaptotrigona pectoralis
Chimarra setosa,Siproeta stelenes
Chimarra setosa,Smicridea calopa
Chimarra setosa,Smicridea fasciatella
Chimarra setosa,Smicridea lobata
Chimarra setosa,Smicridea radula
Chimarra setosa,Smicridea rara
Chimarra setosa,Smicropus laeta
Chimarra setosa,Syngamia florella
Chimarra setosa,Tapinoma melanocephalum
Chimarra setosa,Thecla bathildis
Chimarra setosa,Trigona fulviventris
Chimarra setosa,Triplectides flintorum
Chimarra setosa,Turesis lucas
Chimarra setosa,Umbonia crassicornis
Chimarra setosa,Urbanus dorantes
Chimarra setosa,Urbanus procne
Chimarra setosa,Wormaldia planae
Chimarra setosa,Xenophanes tryxus
Chimarra texana,Chioides catillus
Chimarra texana,Chlosyne lacinia
Chimarra texana,Clogmia albipunctatus
Chimarra texana,Clytius clytius
Chimarra texana,Danaus gilippus
Chimarra texana,Danaus plexippus
Chimarra texana,Dione moneta
Chimarra texana,Dryas iulia
Chimarra texana,Emesis tenedia
Chimarra texana,Eurema daira
Chimarra texana,Hamadryas feronia
Chimarra texana,Hamadryas guatemalena
Chimarra texana,Heliconius charithonia
Chimarra texana,Heliconius ismenius
Chimarra texana,Helicopsyche tuxtlensis
Chimarra texana,Heliopetes macaira
Chimarra texana,Hemiargus ceraunus
Chimarra texana,Hypanartia lethe
Chimarra texana,Icerya purchasi
Chimarra texana,Leptonema acutum
Chimarra texana,Leptonema albovirens
Chimarra texana,Leptonema pallidum
Chimarra texana,Leptonema plicatum
Chimarra texana,Macronema variipenne
Chimarra texana,Melete lycimnia
Chimarra texana,Nectopsyche dorsalis
Chimarra texana,Nectopsyche gemmoides
Chimarra texana,Nyctelius nyctelius
Chimarra texana,Oarisma minima
Chimarra texana,Oecetis punctata
Chimarra texana,Oncopeltus cingulifer
Chimarra texana,Panoquina ocola
Chimarra texana,Papilio anchisiades
Chimarra texana,Pareuptychia hesione
Chimarra texana,Parides erithalion
Chimarra texana,Perdita obscuripennis
Chimarra texana,Pereute charops
Chimarra texana,Philophyllia guttulata
Chimarra texana,Phoebis sennae
Chimarra texana,Phyciodes picta
Chimarra texana,Phylloicus aeneus
Chimarra texana,Polistes dorsalis
Chimarra texana,Polistes instabilis
Chimarra texana,Protoptila bicornuta
Chimarra texana,Rhynchophorus palmarum
Chimarra texana,Scaptotrigona mexicana
Chimarra texana,Scaptotrigona pectoralis
Chimarra texana,Siproeta stelenes
Chimarra texana,Smicridea calopa
Chimarra texana,Smicridea fasciatella
Chimarra texana,Smicridea lobata
Chimarra texana,Smicridea radula
Chimarra texana,Smicridea rara
Chimarra texana,Smicropus laeta
Chimarra texana,Syngamia florella
Chimarra texana,Tapinoma melanocephalum
Chimarra texana,Thecla bathildis
Chimarra texana,Trigona fulviventris
Chimarra texana,Triplectides flintorum
Chimarra texana,Turesis lucas
Chimarra texana,Umbonia crassicornis
Chimarra texana,Urbanus dorantes
Chimarra texana,Urbanus procne
Chimarra texana,Wormaldia planae
Chimarra texana,Xenophanes tryxus
Chioides catillus,Chlosyne lacinia
Chioides catillus,Clogmia albipunctatus
Chioides catillus,Clytius clytius
Chioides catillus,Danaus gilippus
Chioides catillus,Danaus plexippus
Chioides catillus,Dione moneta
Chioides catillus,Dryas iulia
Chioides catillus,Emesis tenedia
Chioides catillus,Eurema daira
Chioides catillus,Hamadryas feronia
Chioides catillus,Hamadryas guatemalena
Chioides catillus,Heliconius charithonia
Chioides catillus,Heliconius ismenius
Chioides catillus,Helicopsyche tuxtlensis
Chioides catillus,Heliopetes macaira
Chioides catillus,Hemiargus ceraunus
Chioides catillus,Hypanartia lethe
Chioides catillus,Icerya purchasi
Chioides catillus,Leptonema acutum
Chioides catillus,Leptonema albovirens
Chioides catillus,Leptonema pallidum
Chioides catillus,Leptonema plicatum
Chioides catillus,Macronema variipenne
Chioides catillus,Melete lycimnia
Chioides catillus,Nectopsyche dorsalis
Chioides catillus,Nectopsyche gemmoides
Chioides catillus,Nyctelius nyctelius
Chioides catillus,Oarisma minima
Chioides catillus,Oecetis punctata
Chioides catillus,Oncopeltus cingulifer
Chioides catillus,Panoquina ocola
Chioides catillus,Papilio anchisiades
Chioides catillus,Pareuptychia hesione
Chioides catillus,Parides erithalion
Chioides catillus,Perdita obscuripennis
Chioides catillus,Pereute charops
Chioides catillus,Philophyllia guttulata
Chioides catillus,Phoebis sennae
Chioides catillus,Phyciodes picta
Chioides catillus,Phylloicus aeneus
Chioides catillus,Polistes dorsalis
Chioides catillus,Polistes instabilis
Chioides catillus,Protoptila bicornuta
Chioides catillus,Rhynchophorus palmarum
Chioides catillus,Scaptotrigona mexicana
Chioides catillus,Scaptotrigona pectoralis
Chioides catillus,Siproeta stelenes
Chioides catillus,Smicridea calopa
Chioides catillus,Smicridea fasciatella
Chioides catillus,Smicridea lobata
Chioides catillus,Smicridea radula
Chioides catillus,Smicridea rara
Chioides catillus,Smicropus laeta
Chioides catillus,Syngamia florella
Chioides catillus,Tapinoma melanocephalum
Chioides catillus,Thecla bathildis
Chioides catillus,Trigona fulviventris
Chioides catillus,Triplectides flintorum
Chioides catillus,Turesis lucas
Chioides catillus,Umbonia crassicornis
Chioides catillus,Urbanus dorantes
Chioides catillus,Urbanus procne
Chioides catillus,Wormaldia planae
Chioides catillus,Xenophanes tryxus
Chlosyne lacinia,Clogmia albipunctatus
Chlosyne lacinia,Clytius clytius
Chlosyne lacinia,Danaus gilippus
Chlosyne lacinia,Danaus plexippus
Chlosyne lacinia,Dione moneta
Chlosyne lacinia,Dryas iulia
Chlosyne lacinia,Emesis tenedia
Chlosyne lacinia,Eurema daira
Chlosyne lacinia,Hamadryas feronia
Chlosyne lacinia,Hamadryas guatemalena
Chlosyne lacinia,Heliconius charithonia
Chlosyne lacinia,Heliconius ismenius
Chlosyne lacinia,Helicopsyche tuxtlensis
Chlosyne lacinia,Heliopetes macaira
Chlosyne lacinia,Hemiargus ceraunus
Chlosyne lacinia,Hypanartia lethe
Chlosyne lacinia,Icerya purchasi
Chlosyne lacinia,Leptonema acutum
Chlosyne lacinia,Leptonema albovirens
Chlosyne lacinia,Leptonema pallidum
Chlosyne lacinia,Leptonema plicatum
Chlosyne lacinia,Macronema variipenne
Chlosyne lacinia,Melete lycimnia
Chlosyne lacinia,Nectopsyche dorsalis
Chlosyne lacinia,Nectopsyche gemmoides
Chlosyne lacinia,Nyctelius nyctelius
Chlosyne lacinia,Oarisma minima
Chlosyne lacinia,Oecetis punctata
Chlosyne lacinia,Oncopeltus cingulifer
Chlosyne lacinia,Panoquina ocola
Chlosyne lacinia,Papilio anchisiades
Chlosyne lacinia,Pareuptychia hesione
Chlosyne lacinia,Parides erithalion
Chlosyne lacinia,Perdita obscuripennis
Chlosyne lacinia,Pereute charops
Chlosyne lacinia,Philophyllia guttulata
Chlosyne lacinia,Phoebis sennae
Chlosyne lacinia,Phyciodes picta
Chlosyne lacinia,Phylloicus aeneus
Chlosyne lacinia,Polistes dorsalis
Chlosyne lacinia,Polistes instabilis
Chlosyne lacinia,Protoptila bicornuta
Chlosyne lacinia,Rhynchophorus palmarum
Chlosyne lacinia,Scaptotrigona mexicana
Chlosyne lacinia,Scaptotrigona pectoralis
Chlosyne lacinia,Siproeta stelenes
Chlosyne lacinia,Smicridea calopa
Chlosyne lacinia,Smicridea fasciatella
Chlosyne lacinia,Smicridea lobata
Chlosyne lacinia,Smicridea radula
Chlosyne lacinia,Smicridea rara
Chlosyne lacinia,Smicropus laeta
Chlosyne lacinia,Syngamia florella
Chlosyne lacinia,Tapinoma melanocephalum
Chlosyne lacinia,Thecla bathildis
Chlosyne lacinia,Trigona fulviventris
Chlosyne lacinia,Triplectides flintorum
Chlosyne lacinia,Turesis lucas
Chlosyne lacinia,Umbonia crassicornis
Chlosyne lacinia,Urbanus dorantes
Chlosyne lacinia,Urbanus procne
Chlosyne lacinia,Wormaldia planae
Chlosyne lacinia,Xenophanes tryxus
Clogmia albipunctatus,Clytius clytius
Clogmia albipunctatus,Danaus gilippus
Clogmia albipunctatus,Danaus plexippus
Clogmia albipunctatus,Dione moneta
Clogmia albipunctatus,Dryas iulia
Clogmia albipunctatus,Emesis tenedia
Clogmia albipunctatus,Eurema daira
Clogmia albipunctatus,Hamadryas feronia
Clogmia albipunctatus,Hamadryas guatemalena
Clogmia albipunctatus,Heliconius charithonia
Clogmia albipunctatus,Heliconius ismenius
Clogmia albipunctatus,Helicopsyche tuxtlensis
Clogmia albipunctatus,Heliopetes macaira
Clogmia albipunctatus,Hemiargus ceraunus
Clogmia albipunctatus,Hypanartia lethe
Clogmia albipunctatus,Icerya purchasi
Clogmia albipunctatus,Leptonema acutum
Clogmia albipunctatus,Leptonema albovirens
Clogmia albipunctatus,Leptonema pallidum
Clogmia albipunctatus,Leptonema plicatum
Clogmia albipunctatus,Macronema variipenne
Clogmia albipunctatus,Melete lycimnia
Clogmia albipunctatus,Nectopsyche dorsalis
Clogmia albipunctatus,Nectopsyche gemmoides
Clogmia albipunctatus,Nyctelius nyctelius
Clogmia albipunctatus,Oarisma minima
Clogmia albipunctatus,Oecetis punctata
Clogmia albipunctatus,Oncopeltus cingulifer
Clogmia albipunctatus,Panoquina ocola
Clogmia albipunctatus,Papilio anchisiades
Clogmia albipunctatus,Pareuptychia hesione
Clogmia albipunctatus,Parides erithalion
Clogmia albipunctatus,Perdita obscuripennis
Clogmia albipunctatus,Pereute charops
Clogmia albipunctatus,Philophyllia guttulata
Clogmia albipunctatus,Phoebis sennae
Clogmia albipunctatus,Phyciodes picta
Clogmia albipunctatus,Phylloicus aeneus
Clogmia albipunctatus,Polistes dorsalis
Clogmia albipunctatus,Polistes instabilis
Clogmia albipunctatus,Protoptila bicornuta
Clogmia albipunctatus,Rhynchophorus palmarum
Clogmia albipunctatus,Scaptotrigona mexicana
Clogmia albipunctatus,Scaptotrigona pectoralis
Clogmia albipunctatus,Siproeta stelenes
Clogmia albipunctatus,Smicridea calopa
Clogmia albipunctatus,Smicridea fasciatella
Clogmia albipunctatus,Smicridea lobata
Clogmia albipunctatus,Smicridea radula
Clogmia albipunctatus,Smicridea rara
Clogmia albipunctatus,Smicropus laeta
Clogmia albipunctatus,Syngamia florella
Clogmia albipunctatus,Tapinoma melanocephalum
Clogmia albipunctatus,Thecla bathildis
Clogmia albipunctatus,Trigona fulviventris
Clogmia albipunctatus,Triplectides flintorum
Clogmia albipunctatus,Turesis lucas
Clogmia albipunctatus,Umbonia crassicornis
Clogmia albipunctatus,Urbanus dorantes
Clogmia albipunctatus,Urbanus procne
Clogmia albipunctatus,Wormaldia planae
Clogmia albipunctatus,Xenophanes tryxus
Clytius clytius,Danaus gilippus
Clytius clytius,Danaus plexippus
Clytius clytius,Dione moneta
Clytius clytius,Dryas iulia
Clytius clytius,Emesis tenedia
Clytius clytius,Eurema daira
Clytius clytius,Hamadryas feronia
Clytius clytius,Hamadryas guatemalena
Clytius clytius,Heliconius charithonia
Clytius clytius,Heliconius ismenius
Clytius clytius,Helicopsyche tuxtlensis
Clytius clytius,Heliopetes macaira
Clytius clytius,Hemiargus ceraunus
Clytius clytius,Hypanartia lethe
Clytius clytius,Icerya purchasi
Clytius clytius,Leptonema acutum
Clytius clytius,Leptonema albovirens
Clytius clytius,Leptonema pallidum
Clytius clytius,Leptonema plicatum
Clytius clytius,Macronema variipenne
Clytius clytius,Melete lycimnia
Clytius clytius,Nectopsyche dorsalis
Clytius clytius,Nectopsyche gemmoides
Clytius clytius,Nyctelius nyctelius
Clytius clytius,Oarisma minima
Clytius clytius,Oecetis punctata
Clytius clytius,Oncopeltus cingulifer
Clytius clytius,Panoquina ocola
Clytius clytius,Papilio anchisiades
Clytius clytius,Pareuptychia hesione
Clytius clytius,Parides erithalion
Clytius clytius,Perdita obscuripennis
Clytius clytius,Pereute charops
Clytius clytius,Philophyllia guttulata
Clytius clytius,Phoebis sennae
Clytius clytius,Phyciodes picta
Clytius clytius,Phylloicus aeneus
Clytius clytius,Polistes dorsalis
Clytius clytius,Polistes instabilis
Clytius clytius,Protoptila bicornuta
Clytius clytius,Rhynchophorus palmarum
Clytius clytius,Scaptotrigona mexicana
Clytius clytius,Scaptotrigona pectoralis
Clytius clytius,Siproeta stelenes
Clytius clytius,Smicridea calopa
Clytius clytius,Smicridea fasciatella
Clytius clytius,Smicridea lobata
Clytius clytius,Smicridea radula
Clytius clytius,Smicridea rara
Clytius clytius,Smicropus laeta
Clytius clytius,Syngamia florella
Clytius clytius,Tapinoma melanocephalum
Clytius clytius,Thecla bathildis
Clytius clytius,Trigona fulviventris
Clytius clytius,Triplectides flintorum
Clytius clytius,Turesis lucas
Clytius clytius,Umbonia crassicornis
Clytius clytius,Urbanus dorantes
Clytius clytius,Urbanus procne
Clytius clytius,Wormaldia planae
Clytius clytius,Xenophanes tryxus
Danaus gilippus,Danaus plexippus
Danaus gilippus,Dione moneta
Danaus gilippus,Dryas iulia
Danaus gilippus,Emesis tenedia
Danaus gilippus,Eurema daira
Danaus gilippus,Hamadryas feronia
Danaus gilippus,Hamadryas guatemalena
Danaus gilippus,Heliconius charithonia
Danaus gilippus,Heliconius ismenius
Danaus gilippus,Helicopsyche tuxtlensis
Danaus gilippus,Heliopetes macaira
Danaus gilippus,Hemiargus ceraunus
Danaus gilippus,Hypanartia lethe
Danaus gilippus,Icerya purchasi
Danaus gilippus,Leptonema acutum
Danaus gilippus,Leptonema albovirens
Danaus gilippus,Leptonema pallidum
Danaus gilippus,Leptonema plicatum
Danaus gilippus,Macronema variipenne
Danaus gilippus,Melete lycimnia
Danaus gilippus,Nectopsyche dorsalis
Danaus gilippus,Nectopsyche gemmoides
Danaus gilippus,Nyctelius nyctelius
Danaus gilippus,Oarisma minima
Danaus gilippus,Oecetis punctata
Danaus gilippus,Oncopeltus cingulifer
Danaus gilippus,Panoquina ocola
Danaus gilippus,Papilio anchisiades
Danaus gilippus,Pareuptychia hesione
Danaus gilippus,Parides erithalion
Danaus gilippus,Perdita obscuripennis
Danaus gilippus,Pereute charops
Danaus gilippus,Philophyllia guttulata
Danaus gilippus,Phoebis sennae
Danaus gilippus,Phyciodes picta
Danaus gilippus,Phylloicus aeneus
Danaus gilippus,Polistes dorsalis
Danaus gilippus,Polistes instabilis
Danaus gilippus,Protoptila bicornuta
Danaus gilippus,Rhynchophorus palmarum
Danaus gilippus,Scaptotrigona mexicana
Danaus gilippus,Scaptotrigona pectoralis
Danaus gilippus,Siproeta stelenes
Danaus gilippus,Smicridea calopa
Danaus gilippus,Smicridea fasciatella
Danaus gilippus,Smicridea lobata
Danaus gilippus,Smicridea radula
Danaus gilippus,Smicridea rara
Danaus gilippus,Smicropus laeta
Danaus gilippus,Syngamia florella
Danaus gilippus,Tapinoma melanocephalum
Danaus gilippus,Thecla bathildis
Danaus gilippus,Trigona fulviventris
Danaus gilippus,Triplectides flintorum
Danaus gilippus,Turesis lucas
Danaus gilippus,Umbonia crassicornis
Danaus gilippus,Urbanus dorantes
Danaus gilippus,Urbanus procne
Danaus gilippus,Wormaldia planae
Danaus gilippus,Xenophanes tryxus
Danaus plexippus,Dione moneta
Danaus plexippus,Dryas iulia
Danaus plexippus,Emesis tenedia
Danaus plexippus,Eurema daira
Danaus plexippus,Hamadryas feronia
Danaus plexippus,Hamadryas guatemalena
Danaus plexippus,Heliconius charithonia
Danaus plexippus,Heliconius ismenius
Danaus plexippus,Helicopsyche tuxtlensis
Danaus plexippus,Heliopetes macaira
Danaus plexippus,Hemiargus ceraunus
Danaus plexippus,Hypanartia lethe
Danaus plexippus,Icerya purchasi
Danaus plexippus,Leptonema acutum
Danaus plexippus,Leptonema albovirens
Danaus plexippus,Leptonema pallidum
Danaus plexippus,Leptonema plicatum
Danaus plexippus,Macronema variipenne
Danaus plexippus,Melete lycimnia
Danaus plexippus,Nectopsyche dorsalis
Danaus plexippus,Nectopsyche gemmoides
Danaus plexippus,Nyctelius nyctelius
Danaus plexippus,Oarisma minima
Danaus plexippus,Oecetis punctata
Danaus plexippus,Oncopeltus cingulifer
Danaus plexippus,Panoquina ocola
Danaus plexippus,Papilio anchisiades
Danaus plexippus,Pareuptychia hesione
Danaus plexippus,Parides erithalion
Danaus plexippus,Perdita obscuripennis
Danaus plexippus,Pereute charops
Danaus plexippus,Philophyllia guttulata
Danaus plexippus,Phoebis sennae
Danaus plexippus,Phyciodes picta
Danaus plexippus,Phylloicus aeneus
Danaus plexippus,Polistes dorsalis
Danaus plexippus,Polistes instabilis
Danaus plexippus,Protoptila bicornuta
Danaus plexippus,Rhynchophorus palmarum
Danaus plexippus,Scaptotrigona mexicana
Danaus plexippus,Scaptotrigona pectoralis
Danaus plexippus,Siproeta stelenes
Danaus plexippus,Smicridea calopa
Danaus plexippus,Smicridea fasciatella
Danaus plexippus,Smicridea lobata
Danaus plexippus,Smicridea radula
Danaus plexippus,Smicridea rara
Danaus plexippus,Smicropus laeta
Danaus plexippus,Syngamia florella
Danaus plexippus,Tapinoma melanocephalum
Danaus plexippus,Thecla bathildis
Danaus plexippus,Trigona fulviventris
Danaus plexippus,Triplectides flintorum
Danaus plexippus,Turesis lucas
Danaus plexippus,Umbonia crassicornis
Danaus plexippus,Urbanus dorantes
Danaus plexippus,Urbanus procne
Danaus plexippus,Wormaldia planae
Danaus plexippus,Xenophanes tryxus
Dione moneta,Dryas iulia
Dione moneta,Emesis tenedia
Dione moneta,Eurema daira
Dione moneta,Hamadryas feronia
Dione moneta,Hamadryas guatemalena
Dione moneta,Heliconius charithonia
Dione moneta,Heliconius ismenius
Dione moneta,Helicopsyche tuxtlensis
Dione moneta,Heliopetes macaira
Dione moneta,Hemiargus ceraunus
Dione moneta,Hypanartia lethe
Dione moneta,Icerya purchasi
Dione moneta,Leptonema acutum
Dione moneta,Leptonema albovirens
Dione moneta,Leptonema pallidum
Dione moneta,Leptonema plicatum
Dione moneta,Macronema variipenne
Dione moneta,Melete lycimnia
Dione moneta,Nectopsyche dorsalis
Dione moneta,Nectopsyche gemmoides
Dione moneta,Nyctelius nyctelius
Dione moneta,Oarisma minima
Dione moneta,Oecetis punctata
Dione moneta,Oncopeltus cingulifer
Dione moneta,Panoquina ocola
Dione moneta,Papilio anchisiades
Dione moneta,Pareuptychia hesione
Dione moneta,Parides erithalion
Dione moneta,Perdita obscuripennis
Dione moneta,Pereute charops
Dione moneta,Philophyllia guttulata
Dione moneta,Phoebis sennae
Dione moneta,Phyciodes picta
Dione moneta,Phylloicus aeneus
Dione moneta,Polistes dorsalis
Dione moneta,Polistes instabilis
Dione moneta,Protoptila bicornuta
Dione moneta,Rhynchophorus palmarum
Dione moneta,Scaptotrigona mexicana
Dione moneta,Scaptotrigona pectoralis
Dione moneta,Siproeta stelenes
Dione moneta,Smicridea calopa
Dione moneta,Smicridea fasciatella
Dione moneta,Smicridea lobata
Dione moneta,Smicridea radula
Dione moneta,Smicridea rara
Dione moneta,Smicropus laeta
Dione moneta,Syngamia florella
Dione moneta,Tapinoma melanocephalum
Dione moneta,Thecla bathildis
Dione moneta,Trigona fulviventris
Dione moneta,Triplectides flintorum
Dione moneta,Turesis lucas
Dione moneta,Umbonia crassicornis
Dione moneta,Urbanus dorantes
Dione moneta,Urbanus procne
Dione moneta,Wormaldia planae
Dione moneta,Xenophanes tryxus
Dryas iulia,Emesis tenedia
Dryas iulia,Eurema daira
Dryas iulia,Hamadryas feronia
Dryas iulia,Hamadryas guatemalena
Dryas iulia,Heliconius charithonia
Dryas iulia,Heliconius ismenius
Dryas iulia,Helicopsyche tuxtlensis
Dryas iulia,Heliopetes macaira
Dryas iulia,Hemiargus ceraunus
Dryas iulia,Hypanartia lethe
Dryas iulia,Icerya purchasi
Dryas iulia,Leptonema acutum
Dryas iulia,Leptonema albovirens
Dryas iulia,Leptonema pallidum
Dryas iulia,Leptonema plicatum
Dryas iulia,Macronema variipenne
Dryas iulia,Melete lycimnia
Dryas iulia,Nectopsyche dorsalis
Dryas iulia,Nectopsyche gemmoides
Dryas iulia,Nyctelius nyctelius
Dryas iulia,Oarisma minima
Dryas iulia,Oecetis punctata
Dryas iulia,Oncopeltus cingulifer
Dryas iulia,Panoquina ocola
Dryas iulia,Papilio anchisiades
Dryas iulia,Pareuptychia hesione
Dryas iulia,Parides erithalion
Dryas iulia,Perdita obscuripennis
Dryas iulia,Pereute charops
Dryas iulia,Philophyllia guttulata
Dryas iulia,Phoebis sennae
Dryas iulia,Phyciodes picta
Dryas iulia,Phylloicus aeneus
Dryas iulia,Polistes dorsalis
Dryas iulia,Polistes instabilis
Dryas iulia,Protoptila bicornuta
Dryas iulia,Rhynchophorus palmarum
Dryas iulia,Scaptotrigona mexicana
Dryas iulia,Scaptotrigona pectoralis
Dryas iulia,Siproeta stelenes
Dryas iulia,Smicridea calopa
Dryas iulia,Smicridea fasciatella
Dryas iulia,Smicridea lobata
Dryas iulia,Smicridea radula
Dryas iulia,Smicridea rara
Dryas iulia,Smicropus laeta
Dryas iulia,Syngamia florella
Dryas iulia,Tapinoma melanocephalum
Dryas iulia,Thecla bathildis
Dryas iulia,Trigona fulviventris
Dryas iulia,Triplectides flintorum
Dryas iulia,Turesis lucas
Dryas iulia,Umbonia crassicornis
Dryas iulia,Urbanus dorantes
Dryas iulia,Urbanus procne
Dryas iulia,Wormaldia planae
Dryas iulia,Xenophanes tryxus
Emesis tenedia,Eurema daira
Emesis tenedia,Hamadryas feronia
Emesis tenedia,Hamadryas guatemalena
Emesis tenedia,Heliconius charithonia
Emesis tenedia,Heliconius ismenius
Emesis tenedia,Helicopsyche tuxtlensis
Emesis tenedia,Heliopetes macaira
Emesis tenedia,Hemiargus ceraunus
Emesis tenedia,Hypanartia lethe
Emesis tenedia,Icerya purchasi
Emesis tenedia,Leptonema acutum
Emesis tenedia,Leptonema albovirens
Emesis tenedia,Leptonema pallidum
Emesis tenedia,Leptonema plicatum
Emesis tenedia,Macronema variipenne
Emesis tenedia,Melete lycimnia
Emesis tenedia,Nectopsyche dorsalis
Emesis tenedia,Nectopsyche gemmoides
Emesis tenedia,Nyctelius nyctelius
Emesis tenedia,Oarisma minima
Emesis tenedia,Oecetis punctata
Emesis tenedia,Oncopeltus cingulifer
Emesis tenedia,Panoquina ocola
Emesis tenedia,Papilio anchisiades
Emesis tenedia,Pareuptychia hesione
Emesis tenedia,Parides erithalion
Emesis tenedia,Perdita obscuripennis
Emesis tenedia,Pereute charops
Emesis tenedia,Philophyllia guttulata
Emesis tenedia,Phoebis sennae
Emesis tenedia,Phyciodes picta
Emesis tenedia,Phylloicus aeneus
Emesis tenedia,Polistes dorsalis
Emesis tenedia,Polistes instabilis
Emesis tenedia,Protoptila bicornuta
Emesis tenedia,Rhynchophorus palmarum
Emesis tenedia,Scaptotrigona mexicana
Emesis tenedia,Scaptotrigona pectoralis
Emesis tenedia,Siproeta stelenes
Emesis tenedia,Smicridea calopa
Emesis tenedia,Smicridea fasciatella
Emesis tenedia,Smicridea lobata
Emesis tenedia,Smicridea radula
Emesis tenedia,Smicridea rara
Emesis tenedia,Smicropus laeta
Emesis tenedia,Syngamia florella
Emesis tenedia,Tapinoma melanocephalum
Emesis tenedia,Thecla bathildis
Emesis tenedia,Trigona fulviventris
Emesis tenedia,Triplectides flintorum
Emesis tenedia,Turesis lucas
Emesis tenedia,Umbonia crassicornis
Emesis tenedia,Urbanus dorantes
Emesis tenedia,Urbanus procne
Emesis tenedia,Wormaldia planae
Emesis tenedia,Xenophanes tryxus
Eurema daira,Hamadryas feronia
Eurema daira,Hamadryas guatemalena
Eurema daira,Heliconius charithonia
Eurema daira,Heliconius ismenius
Eurema daira,Helicopsyche tuxtlensis
Eurema daira,Heliopetes macaira
Eurema daira,Hemiargus ceraunus
Eurema daira,Hypanartia lethe
Eurema daira,Icerya purchasi
Eurema daira,Leptonema acutum
Eurema daira,Leptonema albovirens
Eurema daira,Leptonema pallidum
Eurema daira,Leptonema plicatum
Eurema daira,Macronema variipenne
Eurema daira,Melete lycimnia
Eurema daira,Nectopsyche dorsalis
Eurema daira,Nectopsyche gemmoides
Eurema daira,Nyctelius nyctelius
Eurema daira,Oarisma minima
Eurema daira,Oecetis punctata
Eurema daira,Oncopeltus cingulifer
Eurema daira,Panoquina ocola
Eurema daira,Papilio anchisiades
Eurema daira,Pareuptychia hesione
Eurema daira,Parides erithalion
Eurema daira,Perdita obscuripennis
Eurema daira,Pereute charops
Eurema daira,Philophyllia guttulata
Eurema daira,Phoebis sennae
Eurema daira,Phyciodes picta
Eurema daira,Phylloicus aeneus
Eurema daira,Polistes dorsalis
Eurema daira,Polistes instabilis
Eurema daira,Protoptila bicornuta
Eurema daira,Rhynchophorus palmarum
Eurema daira,Scaptotrigona mexicana
Eurema daira,Scaptotrigona pectoralis
Eurema daira,Siproeta stelenes
Eurema daira,Smicridea calopa
Eurema daira,Smicridea fasciatella
Eurema daira,Smicridea lobata
Eurema daira,Smicridea radula
Eurema daira,Smicridea rara
Eurema daira,Smicropus laeta
Eurema daira,Syngamia florella
Eurema daira,Tapinoma melanocephalum
Eurema daira,Thecla bathildis
Eurema daira,Trigona fulviventris
Eurema daira,Triplectides flintorum
Eurema daira,Turesis lucas
Eurema daira,Umbonia crassicornis
Eurema daira,Urbanus dorantes
Eurema daira,Urbanus procne
Eurema daira,Wormaldia planae
Eurema daira,Xenophanes tryxus
Hamadryas feronia,Hamadryas guatemalena
Hamadryas feronia,Heliconius charithonia
Hamadryas feronia,Heliconius ismenius
Hamadryas feronia,Helicopsyche tuxtlensis
Hamadryas feronia,Heliopetes macaira
Hamadryas feronia,Hemiargus ceraunus
Hamadryas feronia,Hypanartia lethe
Hamadryas feronia,Icerya purchasi
Hamadryas feronia,Leptonema acutum
Hamadryas feronia,Leptonema albovirens
Hamadryas feronia,Leptonema pallidum
Hamadryas feronia,Leptonema plicatum
Hamadryas feronia,Macronema variipenne
Hamadryas feronia,Melete lycimnia
Hamadryas feronia,Nectopsyche dorsalis
Hamadryas feronia,Nectopsyche gemmoides
Hamadryas feronia,Nyctelius nyctelius
Hamadryas feronia,Oarisma minima
Hamadryas feronia,Oecetis punctata
Hamadryas feronia,Oncopeltus cingulifer
Hamadryas feronia,Panoquina ocola
Hamadryas feronia,Papilio anchisiades
Hamadryas feronia,Pareuptychia hesione
Hamadryas feronia,Parides erithalion
Hamadryas feronia,Perdita obscuripennis
Hamadryas feronia,Pereute charops
Hamadryas feronia,Philophyllia guttulata
Hamadryas feronia,Phoebis sennae
Hamadryas feronia,Phyciodes picta
Hamadryas feronia,Phylloicus aeneus
Hamadryas feronia,Polistes dorsalis
Hamadryas feronia,Polistes instabilis
Hamadryas feronia,Protoptila bicornuta
Hamadryas feronia,Rhynchophorus palmarum
Hamadryas feronia,Scaptotrigona mexicana
Hamadryas feronia,Scaptotrigona pectoralis
Hamadryas feronia,Siproeta stelenes
Hamadryas feronia,Smicridea calopa
Hamadryas feronia,Smicridea fasciatella
Hamadryas feronia,Smicridea lobata
Hamadryas feronia,Smicridea radula
Hamadryas feronia,Smicridea rara
Hamadryas feronia,Smicropus laeta
Hamadryas feronia,Syngamia florella
Hamadryas feronia,Tapinoma melanocephalum
Hamadryas feronia,Thecla bathildis
Hamadryas feronia,Trigona fulviventris
Hamadryas feronia,Triplectides flintorum
Hamadryas feronia,Turesis lucas
Hamadryas feronia,Umbonia crassicornis
Hamadryas feronia,Urbanus dorantes
Hamadryas feronia,Urbanus procne
Hamadryas feronia,Wormaldia planae
Hamadryas feronia,Xenophanes tryxus
Hamadryas guatemalena,Heliconius charithonia
Hamadryas guatemalena,Heliconius ismenius
Hamadryas guatemalena,Helicopsyche tuxtlensis
Hamadryas guatemalena,Heliopetes macaira
Hamadryas guatemalena,Hemiargus ceraunus
Hamadryas guatemalena,Hypanartia lethe
Hamadryas guatemalena,Icerya purchasi
Hamadryas guatemalena,Leptonema acutum
Hamadryas guatemalena,Leptonema albovirens
Hamadryas guatemalena,Leptonema pallidum
Hamadryas guatemalena,Leptonema plicatum
Hamadryas guatemalena,Macronema variipenne
Hamadryas guatemalena,Melete lycimnia
Hamadryas guatemalena,Nectopsyche dorsalis
Hamadryas guatemalena,Nectopsyche gemmoides
Hamadryas guatemalena,Nyctelius nyctelius
Hamadryas guatemalena,Oarisma minima
Hamadryas guatemalena,Oecetis punctata
Hamadryas guatemalena,Oncopeltus cingulifer
Hamadryas guatemalena,Panoquina ocola
Hamadryas guatemalena,Papilio anchisiades
Hamadryas guatemalena,Pareuptychia hesione
Hamadryas guatemalena,Parides erithalion
Hamadryas guatemalena,Perdita obscuripennis
Hamadryas guatemalena,Pereute charops
Hamadryas guatemalena,Philophyllia guttulata
Hamadryas guatemalena,Phoebis sennae
Hamadryas guatemalena,Phyciodes picta
Hamadryas guatemalena,Phylloicus aeneus
Hamadryas guatemalena,Polistes dorsalis
Hamadryas guatemalena,Polistes instabilis
Hamadryas guatemalena,Protoptila bicornuta
Hamadryas guatemalena,Rhynchophorus palmarum
Hamadryas guatemalena,Scaptotrigona mexicana
Hamadryas guatemalena,Scaptotrigona pectoralis
Hamadryas guatemalena,Siproeta stelenes
Hamadryas guatemalena,Smicridea calopa
Hamadryas guatemalena,Smicridea fasciatella
Hamadryas guatemalena,Smicridea lobata
Hamadryas guatemalena,Smicridea radula
Hamadryas guatemalena,Smicridea rara
Hamadryas guatemalena,Smicropus laeta
Hamadryas guatemalena,Syngamia florella
Hamadryas guatemalena,Tapinoma melanocephalum
Hamadryas guatemalena,Thecla bathildis
Hamadryas guatemalena,Trigona fulviventris
Hamadryas guatemalena,Triplectides flintorum
Hamadryas guatemalena,Turesis lucas
Hamadryas guatemalena,Umbonia crassicornis
Hamadryas guatemalena,Urbanus dorantes
Hamadryas guatemalena,Urbanus procne
Hamadryas guatemalena,Wormaldia planae
Hamadryas guatemalena,Xenophanes tryxus
Heliconius charithonia,Heliconius ismenius
Heliconius charithonia,Helicopsyche tuxtlensis
Heliconius charithonia,Heliopetes macaira
Heliconius charithonia,Hemiargus ceraunus
Heliconius charithonia,Hypanartia lethe
Heliconius charithonia,Icerya purchasi
Heliconius charithonia,Leptonema acutum
Heliconius charithonia,Leptonema albovirens
Heliconius charithonia,Leptonema pallidum
Heliconius charithonia,Leptonema plicatum
Heliconius charithonia,Macronema variipenne
Heliconius charithonia,Melete lycimnia
Heliconius charithonia,Nectopsyche dorsalis
Heliconius charithonia,Nectopsyche gemmoides
Heliconius charithonia,Nyctelius nyctelius
Heliconius charithonia,Oarisma minima
Heliconius charithonia,Oecetis punctata
Heliconius charithonia,Oncopeltus cingulifer
Heliconius charithonia,Panoquina ocola
Heliconius charithonia,Papilio anchisiades
Heliconius charithonia,Pareuptychia hesione
Heliconius charithonia,Parides erithalion
Heliconius charithonia,Perdita obscuripennis
Heliconius charithonia,Pereute charops
Heliconius charithonia,Philophyllia guttulata
Heliconius charithonia,Phoebis sennae
Heliconius charithonia,Phyciodes picta
Heliconius charithonia,Phylloicus aeneus
Heliconius charithonia,Polistes dorsalis
Heliconius charithonia,Polistes instabilis
Heliconius charithonia,Protoptila bicornuta
Heliconius charithonia,Rhynchophorus palmarum
Heliconius charithonia,Scaptotrigona mexicana
Heliconius charithonia,Scaptotrigona pectoralis
Heliconius charithonia,Siproeta stelenes
Heliconius charithonia,Smicridea calopa
Heliconius charithonia,Smicridea fasciatella
Heliconius charithonia,Smicridea lobata
Heliconius charithonia,Smicridea radula
Heliconius charithonia,Smicridea rara
Heliconius charithonia,Smicropus laeta
Heliconius charithonia,Syngamia florella
Heliconius charithonia,Tapinoma melanocephalum
Heliconius charithonia,Thecla bathildis
Heliconius charithonia,Trigona fulviventris
Heliconius charithonia,Triplectides flintorum
Heliconius charithonia,Turesis lucas
Heliconius charithonia,Umbonia crassicornis
Heliconius charithonia,Urbanus dorantes
Heliconius charithonia,Urbanus procne
Heliconius charithonia,Wormaldia planae
Heliconius charithonia,Xenophanes tryxus
Heliconius ismenius,Helicopsyche tuxtlensis
Heliconius ismenius,Heliopetes macaira
Heliconius ismenius,Hemiargus ceraunus
Heliconius ismenius,Hypanartia lethe
Heliconius ismenius,Icerya purchasi
Heliconius ismenius,Leptonema acutum
Heliconius ismenius,Leptonema albovirens
Heliconius ismenius,Leptonema pallidum
Heliconius ismenius,Leptonema plicatum
Heliconius ismenius,Macronema variipenne
Heliconius ismenius,Melete lycimnia
Heliconius ismenius,Nectopsyche dorsalis
Heliconius ismenius,Nectopsyche gemmoides
Heliconius ismenius,Nyctelius nyctelius
Heliconius ismenius,Oarisma minima
Heliconius ismenius,Oecetis punctata
Heliconius ismenius,Oncopeltus cingulifer
Heliconius ismenius,Panoquina ocola
Heliconius ismenius,Papilio anchisiades
Heliconius ismenius,Pareuptychia hesione
Heliconius ismenius,Parides erithalion
Heliconius ismenius,Perdita obscuripennis
Heliconius ismenius,Pereute charops
Heliconius ismenius,Philophyllia guttulata
Heliconius ismenius,Phoebis sennae
Heliconius ismenius,Phyciodes picta
Heliconius ismenius,Phylloicus aeneus
Heliconius ismenius,Polistes dorsalis
Heliconius ismenius,Polistes instabilis
Heliconius ismenius,Protoptila bicornuta
Heliconius ismenius,Rhynchophorus palmarum
Heliconius ismenius,Scaptotrigona mexicana
Heliconius ismenius,Scaptotrigona pectoralis
Heliconius ismenius,Siproeta stelenes
Heliconius ismenius,Smicridea calopa
Heliconius ismenius,Smicridea fasciatella
Heliconius ismenius,Smicridea lobata
Heliconius ismenius,Smicridea radula
Heliconius ismenius,Smicridea rara
Heliconius ismenius,Smicropus laeta
Heliconius ismenius,Syngamia florella
Heliconius ismenius,Tapinoma melanocephalum
Heliconius ismenius,Thecla bathildis
Heliconius ismenius,Trigona fulviventris
Heliconius ismenius,Triplectides flintorum
Heliconius ismenius,Turesis lucas
Heliconius ismenius,Umbonia crassicornis
Heliconius ismenius,Urbanus dorantes
Heliconius ismenius,Urbanus procne
Heliconius ismenius,Wormaldia planae
Heliconius ismenius,Xenophanes tryxus
Helicopsyche tuxtlensis,Heliopetes macaira
Helicopsyche tuxtlensis,Hemiargus ceraunus
Helicopsyche tuxtlensis,Hypanartia lethe
Helicopsyche tuxtlensis,Icerya purchasi
Helicopsyche tuxtlensis,Leptonema acutum
Helicopsyche tuxtlensis,Leptonema albovirens
Helicopsyche tuxtlensis,Leptonema pallidum
Helicopsyche tuxtlensis,Leptonema plicatum
Helicopsyche tuxtlensis,Macronema variipenne
Helicopsyche tuxtlensis,Melete lycimnia
Helicopsyche tuxtlensis,Nectopsyche dorsalis
Helicopsyche tuxtlensis,Nectopsyche gemmoides
Helicopsyche tuxtlensis,Nyctelius nyctelius
Helicopsyche tuxtlensis,Oarisma minima
Helicopsyche tuxtlensis,Oecetis punctata
Helicopsyche tuxtlensis,Oncopeltus cingulifer
Helicopsyche tuxtlensis,Panoquina ocola
Helicopsyche tuxtlensis,Papilio anchisiades
Helicopsyche tuxtlensis,Pareuptychia hesione
Helicopsyche tuxtlensis,Parides erithalion
Helicopsyche tuxtlensis,Perdita obscuripennis
Helicopsyche tuxtlensis,Pereute charops
Helicopsyche tuxtlensis,Philophyllia guttulata
Helicopsyche tuxtlensis,Phoebis sennae
Helicopsyche tuxtlensis,Phyciodes picta
Helicopsyche tuxtlensis,Phylloicus aeneus
Helicopsyche tuxtlensis,Polistes dorsalis
Helicopsyche tuxtlensis,Polistes instabilis
Helicopsyche tuxtlensis,Protoptila bicornuta
Helicopsyche tuxtlensis,Rhynchophorus palmarum
Helicopsyche tuxtlensis,Scaptotrigona mexicana
Helicopsyche tuxtlensis,Scaptotrigona pectoralis
Helicopsyche tuxtlensis,Siproeta stelenes
Helicopsyche tuxtlensis,Smicridea calopa
Helicopsyche tuxtlensis,Smicridea fasciatella
Helicopsyche tuxtlensis,Smicridea lobata
Helicopsyche tuxtlensis,Smicridea radula
Helicopsyche tuxtlensis,Smicridea rara
Helicopsyche tuxtlensis,Smicropus laeta
Helicopsyche tuxtlensis,Syngamia florella
Helicopsyche tuxtlensis,Tapinoma melanocephalum
Helicopsyche tuxtlensis,Thecla bathildis
Helicopsyche tuxtlensis,Trigona fulviventris
Helicopsyche tuxtlensis,Triplectides flintorum
Helicopsyche tuxtlensis,Turesis lucas
Helicopsyche tuxtlensis,Umbonia crassicornis
Helicopsyche tuxtlensis,Urbanus dorantes
Helicopsyche tuxtlensis,Urbanus procne
Helicopsyche tuxtlensis,Wormaldia planae
Helicopsyche tuxtlensis,Xenophanes tryxus
Heliopetes macaira,Hemiargus ceraunus
Heliopetes macaira,Hypanartia lethe
Heliopetes macaira,Icerya purchasi
Heliopetes macaira,Leptonema acutum
Heliopetes macaira,Leptonema albovirens
Heliopetes macaira,Leptonema pallidum
Heliopetes macaira,Leptonema plicatum
Heliopetes macaira,Macronema variipenne
Heliopetes macaira,Melete lycimnia
Heliopetes macaira,Nectopsyche dorsalis
Heliopetes macaira,Nectopsyche gemmoides
Heliopetes macaira,Nyctelius nyctelius
Heliopetes macaira,Oarisma minima
Heliopetes macaira,Oecetis punctata
Heliopetes macaira,Oncopeltus cingulifer
Heliopetes macaira,Panoquina ocola
Heliopetes macaira,Papilio anchisiades
Heliopetes macaira,Pareuptychia hesione
Heliopetes macaira,Parides erithalion
Heliopetes macaira,Perdita obscuripennis
Heliopetes macaira,Pereute charops
Heliopetes macaira,Philophyllia guttulata
Heliopetes macaira,Phoebis sennae
Heliopetes macaira,Phyciodes picta
Heliopetes macaira,Phylloicus aeneus
Heliopetes macaira,Polistes dorsalis
Heliopetes macaira,Polistes instabilis
Heliopetes macaira,Protoptila bicornuta
Heliopetes macaira,Rhynchophorus palmarum
Heliopetes macaira,Scaptotrigona mexicana
Heliopetes macaira,Scaptotrigona pectoralis
Heliopetes macaira,Siproeta stelenes
Heliopetes macaira,Smicridea calopa
Heliopetes macaira,Smicridea fasciatella
Heliopetes macaira,Smicridea lobata
Heliopetes macaira,Smicridea radula
Heliopetes macaira,Smicridea rara
Heliopetes macaira,Smicropus laeta
Heliopetes macaira,Syngamia florella
Heliopetes macaira,Tapinoma melanocephalum
Heliopetes macaira,Thecla bathildis
Heliopetes macaira,Trigona fulviventris
Heliopetes macaira,Triplectides flintorum
Heliopetes macaira,Turesis lucas
Heliopetes macaira,Umbonia crassicornis
Heliopetes macaira,Urbanus dorantes
Heliopetes macaira,Urbanus procne
Heliopetes macaira,Wormaldia planae
Heliopetes macaira,Xenophanes tryxus
Hemiargus ceraunus,Hypanartia lethe
Hemiargus ceraunus,Icerya purchasi
Hemiargus ceraunus,Leptonema acutum
Hemiargus ceraunus,Leptonema albovirens
Hemiargus ceraunus,Leptonema pallidum
Hemiargus ceraunus,Leptonema plicatum
Hemiargus ceraunus,Macronema variipenne
Hemiargus ceraunus,Melete lycimnia
Hemiargus ceraunus,Nectopsyche dorsalis
Hemiargus ceraunus,Nectopsyche gemmoides
Hemiargus ceraunus,Nyctelius nyctelius
Hemiargus ceraunus,Oarisma minima
Hemiargus ceraunus,Oecetis punctata
Hemiargus ceraunus,Oncopeltus cingulifer
Hemiargus ceraunus,Panoquina ocola
Hemiargus ceraunus,Papilio anchisiades
Hemiargus ceraunus,Pareuptychia hesione
Hemiargus ceraunus,Parides erithalion
Hemiargus ceraunus,Perdita obscuripennis
Hemiargus ceraunus,Pereute charops
Hemiargus ceraunus,Philophyllia guttulata
Hemiargus ceraunus,Phoebis sennae
Hemiargus ceraunus,Phyciodes picta
Hemiargus ceraunus,Phylloicus aeneus
Hemiargus ceraunus,Polistes dorsalis
Hemiargus ceraunus,Polistes instabilis
Hemiargus ceraunus,Protoptila bicornuta
Hemiargus ceraunus,Rhynchophorus palmarum
Hemiargus ceraunus,Scaptotrigona mexicana
Hemiargus ceraunus,Scaptotrigona pectoralis
Hemiargus ceraunus,Siproeta stelenes
Hemiargus ceraunus,Smicridea calopa
Hemiargus ceraunus,Smicridea fasciatella
Hemiargus ceraunus,Smicridea lobata
Hemiargus ceraunus,Smicridea radula
Hemiargus ceraunus,Smicridea rara
Hemiargus ceraunus,Smicropus laeta
Hemiargus ceraunus,Syngamia florella
Hemiargus ceraunus,Tapinoma melanocephalum
Hemiargus ceraunus,Thecla bathildis
Hemiargus ceraunus,Trigona fulviventris
Hemiargus ceraunus,Triplectides flintorum
Hemiargus ceraunus,Turesis lucas
Hemiargus ceraunus,Umbonia crassicornis
Hemiargus ceraunus,Urbanus dorantes
Hemiargus ceraunus,Urbanus procne
Hemiargus ceraunus,Wormaldia planae
Hemiargus ceraunus,Xenophanes tryxus
Hypanartia lethe,Icerya purchasi
Hypanartia lethe,Leptonema acutum
Hypanartia lethe,Leptonema albovirens
Hypanartia lethe,Leptonema pallidum
Hypanartia lethe,Leptonema plicatum
Hypanartia lethe,Macronema variipenne
Hypanartia lethe,Melete lycimnia
Hypanartia lethe,Nectopsyche dorsalis
Hypanartia lethe,Nectopsyche gemmoides
Hypanartia lethe,Nyctelius nyctelius
Hypanartia lethe,Oarisma minima
Hypanartia lethe,Oecetis punctata
Hypanartia lethe,Oncopeltus cingulifer
Hypanartia lethe,Panoquina ocola
Hypanartia lethe,Papilio anchisiades
Hypanartia lethe,Pareuptychia hesione
Hypanartia lethe,Parides erithalion
Hypanartia lethe,Perdita obscuripennis
Hypanartia lethe,Pereute charops
Hypanartia lethe,Philophyllia guttulata
Hypanartia lethe,Phoebis sennae
Hypanartia lethe,Phyciodes picta
Hypanartia lethe,Phylloicus aeneus
Hypanartia lethe,Polistes dorsalis
Hypanartia lethe,Polistes instabilis
Hypanartia lethe,Protoptila bicornuta
Hypanartia lethe,Rhynchophorus palmarum
Hypanartia lethe,Scaptotrigona mexicana
Hypanartia lethe,Scaptotrigona pectoralis
Hypanartia lethe,Siproeta stelenes
Hypanartia lethe,Smicridea calopa
Hypanartia lethe,Smicridea fasciatella
Hypanartia lethe,Smicridea lobata
Hypanartia lethe,Smicridea radula
Hypanartia lethe,Smicridea rara
Hypanartia lethe,Smicropus laeta
Hypanartia lethe,Syngamia florella
Hypanartia lethe,Tapinoma melanocephalum
Hypanartia lethe,Thecla bathildis
Hypanartia lethe,Trigona fulviventris
Hypanartia lethe,Triplectides flintorum
Hypanartia lethe,Turesis lucas
Hypanartia lethe,Umbonia crassicornis
Hypanartia lethe,Urbanus dorantes
Hypanartia lethe,Urbanus procne
Hypanartia lethe,Wormaldia planae
Hypanartia lethe,Xenophanes tryxus
Icerya purchasi,Leptonema acutum
Icerya purchasi,Leptonema albovirens
Icerya purchasi,Leptonema pallidum
Icerya purchasi,Leptonema plicatum
Icerya purchasi,Macronema variipenne
Icerya purchasi,Melete lycimnia
Icerya purchasi,Nectopsyche dorsalis
Icerya purchasi,Nectopsyche gemmoides
Icerya purchasi,Nyctelius nyctelius
Icerya purchasi,Oarisma minima
Icerya purchasi,Oecetis punctata
Icerya purchasi,Oncopeltus cingulifer
Icerya purchasi,Panoquina ocola
Icerya purchasi,Papilio anchisiades
Icerya purchasi,Pareuptychia hesione
Icerya purchasi,Parides erithalion
Icerya purchasi,Perdita obscuripennis
Icerya purchasi,Pereute charops
Icerya purchasi,Philophyllia guttulata
Icerya purchasi,Phoebis sennae
Icerya purchasi,Phyciodes picta
Icerya purchasi,Phylloicus aeneus
Icerya purchasi,Polistes dorsalis
Icerya purchasi,Polistes instabilis
Icerya purchasi,Protoptila bicornuta
Icerya purchasi,Rhynchophorus palmarum
Icerya purchasi,Scaptotrigona mexicana
Icerya purchasi,Scaptotrigona pectoralis
Icerya purchasi,Siproeta stelenes
Icerya purchasi,Smicridea calopa
Icerya purchasi,Smicridea fasciatella
Icerya purchasi,Smicridea lobata
Icerya purchasi,Smicridea radula
Icerya purchasi,Smicridea rara
Icerya purchasi,Smicropus laeta
Icerya purchasi,Syngamia florella
Icerya purchasi,Tapinoma melanocephalum
Icerya purchasi,Thecla bathildis
Icerya purchasi,Trigona fulviventris
Icerya purchasi,Triplectides flintorum
Icerya purchasi,Turesis lucas
Icerya purchasi,Umbonia crassicornis
Icerya purchasi,Urbanus dorantes
Icerya purchasi,Urbanus procne
Icerya purchasi,Wormaldia planae
Icerya purchasi,Xenophanes tryxus
Leptonema acutum,Leptonema albovirens
Leptonema acutum,Leptonema pallidum
Leptonema acutum,Leptonema plicatum
Leptonema acutum,Macronema variipenne
Leptonema acutum,Melete lycimnia
Leptonema acutum,Nectopsyche dorsalis
Leptonema acutum,Nectopsyche gemmoides
Leptonema acutum,Nyctelius nyctelius
Leptonema acutum,Oarisma minima
Leptonema acutum,Oecetis punctata
Leptonema acutum,Oncopeltus cingulifer
Leptonema acutum,Panoquina ocola
Leptonema acutum,Papilio anchisiades
Leptonema acutum,Pareuptychia hesione
Leptonema acutum,Parides erithalion
Leptonema acutum,Perdita obscuripennis
Leptonema acutum,Pereute charops
Leptonema acutum,Philophyllia guttulata
Leptonema acutum,Phoebis sennae
Leptonema acutum,Phyciodes picta
Leptonema acutum,Phylloicus aeneus
Leptonema acutum,Polistes dorsalis
Leptonema acutum,Polistes instabilis
Leptonema acutum,Protoptila bicornuta
Leptonema acutum,Rhynchophorus palmarum
Leptonema acutum,Scaptotrigona mexicana
Leptonema acutum,Scaptotrigona pectoralis
Leptonema acutum,Siproeta stelenes
Leptonema acutum,Smicridea calopa
Leptonema acutum,Smicridea fasciatella
Leptonema acutum,Smicridea lobata
Leptonema acutum,Smicridea radula
Leptonema acutum,Smicridea rara
Leptonema acutum,Smicropus laeta
Leptonema acutum,Syngamia florella
Leptonema acutum,Tapinoma melanocephalum
Leptonema acutum,Thecla bathildis
Leptonema acutum,Trigona fulviventris
Leptonema acutum,Triplectides flintorum
Leptonema acutum,Turesis lucas
Leptonema acutum,Umbonia crassicornis
Leptonema acutum,Urbanus dorantes
Leptonema acutum,Urbanus procne
Leptonema acutum,Wormaldia planae
Leptonema acutum,Xenophanes tryxus
Leptonema albovirens,Leptonema pallidum
Leptonema albovirens,Leptonema plicatum
Leptonema albovirens,Macronema variipenne
Leptonema albovirens,Melete lycimnia
Leptonema albovirens,Nectopsyche dorsalis
Leptonema albovirens,Nectopsyche gemmoides
Leptonema albovirens,Nyctelius nyctelius
Leptonema albovirens,Oarisma minima
Leptonema albovirens,Oecetis punctata
Leptonema albovirens,Oncopeltus cingulifer
Leptonema albovirens,Panoquina ocola
Leptonema albovirens,Papilio anchisiades
Leptonema albovirens,Pareuptychia hesione
Leptonema albovirens,Parides erithalion
Leptonema albovirens,Perdita obscuripennis
Leptonema albovirens,Pereute charops
Leptonema albovirens,Philophyllia guttulata
Leptonema albovirens,Phoebis sennae
Leptonema albovirens,Phyciodes picta
Leptonema albovirens,Phylloicus aeneus
Leptonema albovirens,Polistes dorsalis
Leptonema albovirens,Polistes instabilis
Leptonema albovirens,Protoptila bicornuta
Leptonema albovirens,Rhynchophorus palmarum
Leptonema albovirens,Scaptotrigona mexicana
Leptonema albovirens,Scaptotrigona pectoralis
Leptonema albovirens,Siproeta stelenes
Leptonema albovirens,Smicridea calopa
Leptonema albovirens,Smicridea fasciatella
Leptonema albovirens,Smicridea lobata
Leptonema albovirens,Smicridea radula
Leptonema albovirens,Smicridea rara
Leptonema albovirens,Smicropus laeta
Leptonema albovirens,Syngamia florella
Leptonema albovirens,Tapinoma melanocephalum
Leptonema albovirens,Thecla bathildis
Leptonema albovirens,Trigona fulviventris
Leptonema albovirens,Triplectides flintorum
Leptonema albovirens,Turesis lucas
Leptonema albovirens,Umbonia crassicornis
Leptonema albovirens,Urbanus dorantes
Leptonema albovirens,Urbanus procne
Leptonema albovirens,Wormaldia planae
Leptonema albovirens,Xenophanes tryxus
Leptonema pallidum,Leptonema plicatum
Leptonema pallidum,Macronema variipenne
Leptonema pallidum,Melete lycimnia
Leptonema pallidum,Nectopsyche dorsalis
Leptonema pallidum,Nectopsyche gemmoides
Leptonema pallidum,Nyctelius nyctelius
Leptonema pallidum,Oarisma minima
Leptonema pallidum,Oecetis punctata
Leptonema pallidum,Oncopeltus cingulifer
Leptonema pallidum,Panoquina ocola
Leptonema pallidum,Papilio anchisiades
Leptonema pallidum,Pareuptychia hesione
Leptonema pallidum,Parides erithalion
Leptonema pallidum,Perdita obscuripennis
Leptonema pallidum,Pereute charops
Leptonema pallidum,Philophyllia guttulata
Leptonema pallidum,Phoebis sennae
Leptonema pallidum,Phyciodes picta
Leptonema pallidum,Phylloicus aeneus
Leptonema pallidum,Polistes dorsalis
Leptonema pallidum,Polistes instabilis
Leptonema pallidum,Protoptila bicornuta
Leptonema pallidum,Rhynchophorus palmarum
Leptonema pallidum,Scaptotrigona mexicana
Leptonema pallidum,Scaptotrigona pectoralis
Leptonema pallidum,Siproeta stelenes
Leptonema pallidum,Smicridea calopa
Leptonema pallidum,Smicridea fasciatella
Leptonema pallidum,Smicridea lobata
Leptonema pallidum,Smicridea radula
Leptonema pallidum,Smicridea rara
Leptonema pallidum,Smicropus laeta
Leptonema pallidum,Syngamia florella
Leptonema pallidum,Tapinoma melanocephalum
Leptonema pallidum,Thecla bathildis
Leptonema pallidum,Trigona fulviventris
Leptonema pallidum,Triplectides flintorum
Leptonema pallidum,Turesis lucas
Leptonema pallidum,Umbonia crassicornis
Leptonema pallidum,Urbanus dorantes
Leptonema pallidum,Urbanus procne
Leptonema pallidum,Wormaldia planae
Leptonema pallidum,Xenophanes tryxus
Leptonema plicatum,Macronema variipenne
Leptonema plicatum,Melete lycimnia
Leptonema plicatum,Nectopsyche dorsalis
Leptonema plicatum,Nectopsyche gemmoides
Leptonema plicatum,Nyctelius nyctelius
Leptonema plicatum,Oarisma minima
Leptonema plicatum,Oecetis punctata
Leptonema plicatum,Oncopeltus cingulifer
Leptonema plicatum,Panoquina ocola
Leptonema plicatum,Papilio anchisiades
Leptonema plicatum,Pareuptychia hesione
Leptonema plicatum,Parides erithalion
Leptonema plicatum,Perdita obscuripennis
Leptonema plicatum,Pereute charops
Leptonema plicatum,Philophyllia guttulata
Leptonema plicatum,Phoebis sennae
Leptonema plicatum,Phyciodes picta
Leptonema plicatum,Phylloicus aeneus
Leptonema plicatum,Polistes dorsalis
Leptonema plicatum,Polistes instabilis
Leptonema plicatum,Protoptila bicornuta
Leptonema plicatum,Rhynchophorus palmarum
Leptonema plicatum,Scaptotrigona mexicana
Leptonema plicatum,Scaptotrigona pectoralis
Leptonema plicatum,Siproeta stelenes
Leptonema plicatum,Smicridea calopa
Leptonema plicatum,Smicridea fasciatella
Leptonema plicatum,Smicridea lobata
Leptonema plicatum,Smicridea radula
Leptonema plicatum,Smicridea rara
Leptonema plicatum,Smicropus laeta
Leptonema plicatum,Syngamia florella
Leptonema plicatum,Tapinoma melanocephalum
Leptonema plicatum,Thecla bathildis
Leptonema plicatum,Trigona fulviventris
Leptonema plicatum,Triplectides flintorum
Leptonema plicatum,Turesis lucas
Leptonema plicatum,Umbonia crassicornis
Leptonema plicatum,Urbanus dorantes
Leptonema plicatum,Urbanus procne
Leptonema plicatum,Wormaldia planae
Leptonema plicatum,Xenophanes tryxus
Macronema variipenne,Melete lycimnia
Macronema variipenne,Nectopsyche dorsalis
Macronema variipenne,Nectopsyche gemmoides
Macronema variipenne,Nyctelius nyctelius
Macronema variipenne,Oarisma minima
Macronema variipenne,Oecetis punctata
Macronema variipenne,Oncopeltus cingulifer
Macronema variipenne,Panoquina ocola
Macronema variipenne,Papilio anchisiades
Macronema variipenne,Pareuptychia hesione
Macronema variipenne,Parides erithalion
Macronema variipenne,Perdita obscuripennis
Macronema variipenne,Pereute charops
Macronema variipenne,Philophyllia guttulata
Macronema variipenne,Phoebis sennae
Macronema variipenne,Phyciodes picta
Macronema variipenne,Phylloicus aeneus
Macronema variipenne,Polistes dorsalis
Macronema variipenne,Polistes instabilis
Macronema variipenne,Protoptila bicornuta
Macronema variipenne,Rhynchophorus palmarum
Macronema variipenne,Scaptotrigona mexicana
Macronema variipenne,Scaptotrigona pectoralis
Macronema variipenne,Siproeta stelenes
Macronema variipenne,Smicridea calopa
Macronema variipenne,Smicridea fasciatella
Macronema variipenne,Smicridea lobata
Macronema variipenne,Smicridea radula
Macronema variipenne,Smicridea rara
Macronema variipenne,Smicropus laeta
Macronema variipenne,Syngamia florella
Macronema variipenne,Tapinoma melanocephalum
Macronema variipenne,Thecla bathildis
Macronema variipenne,Trigona fulviventris
Macronema variipenne,Triplectides flintorum
Macronema variipenne,Turesis lucas
Macronema variipenne,Umbonia crassicornis
Macronema variipenne,Urbanus dorantes
Macronema variipenne,Urbanus procne
Macronema variipenne,Wormaldia planae
Macronema variipenne,Xenophanes tryxus
Melete lycimnia,Nectopsyche dorsalis
Melete lycimnia,Nectopsyche gemmoides
Melete lycimnia,Nyctelius nyctelius
Melete lycimnia,Oarisma minima
Melete lycimnia,Oecetis punctata
Melete lycimnia,Oncopeltus cingulifer
Melete lycimnia,Panoquina ocola
Melete lycimnia,Papilio anchisiades
Melete lycimnia,Pareuptychia hesione
Melete lycimnia,Parides erithalion
Melete lycimnia,Perdita obscuripennis
Melete lycimnia,Pereute charops
Melete lycimnia,Philophyllia guttulata
Melete lycimnia,Phoebis sennae
Melete lycimnia,Phyciodes picta
Melete lycimnia,Phylloicus aeneus
Melete lycimnia,Polistes dorsalis
Melete lycimnia,Polistes instabilis
Melete lycimnia,Protoptila bicornuta
Melete lycimnia,Rhynchophorus palmarum
Melete lycimnia,Scaptotrigona mexicana
Melete lycimnia,Scaptotrigona pectoralis
Melete lycimnia,Siproeta stelenes
Melete lycimnia,Smicridea calopa
Melete lycimnia,Smicridea fasciatella
Melete lycimnia,Smicridea lobata
Melete lycimnia,Smicridea radula
Melete lycimnia,Smicridea rara
Melete lycimnia,Smicropus laeta
Melete lycimnia,Syngamia florella
Melete lycimnia,Tapinoma melanocephalum
Melete lycimnia,Thecla bathildis
Melete lycimnia,Trigona fulviventris
Melete lycimnia,Triplectides flintorum
Melete lycimnia,Turesis lucas
Melete lycimnia,Umbonia crassicornis
Melete lycimnia,Urbanus dorantes
Melete lycimnia,Urbanus procne
Melete lycimnia,Wormaldia planae
Melete lycimnia,Xenophanes tryxus
Nectopsyche dorsalis,Nectopsyche gemmoides
Nectopsyche dorsalis,Nyctelius nyctelius
Nectopsyche dorsalis,Oarisma minima
Nectopsyche dorsalis,Oecetis punctata
Nectopsyche dorsalis,Oncopeltus cingulifer
Nectopsyche dorsalis,Panoquina ocola
Nectopsyche dorsalis,Papilio anchisiades
Nectopsyche dorsalis,Pareuptychia hesione
Nectopsyche dorsalis,Parides erithalion
Nectopsyche dorsalis,Perdita obscuripennis
Nectopsyche dorsalis,Pereute charops
Nectopsyche dorsalis,Philophyllia guttulata
Nectopsyche dorsalis,Phoebis sennae
Nectopsyche dorsalis,Phyciodes picta
Nectopsyche dorsalis,Phylloicus aeneus
Nectopsyche dorsalis,Polistes dorsalis
Nectopsyche dorsalis,Polistes instabilis
Nectopsyche dorsalis,Protoptila bicornuta
Nectopsyche dorsalis,Rhynchophorus palmarum
Nectopsyche dorsalis,Scaptotrigona mexicana
Nectopsyche dorsalis,Scaptotrigona pectoralis
Nectopsyche dorsalis,Siproeta stelenes
Nectopsyche dorsalis,Smicridea calopa
Nectopsyche dorsalis,Smicridea fasciatella
Nectopsyche dorsalis,Smicridea lobata
Nectopsyche dorsalis,Smicridea radula
Nectopsyche dorsalis,Smicridea rara
Nectopsyche dorsalis,Smicropus laeta
Nectopsyche dorsalis,Syngamia florella
Nectopsyche dorsalis,Tapinoma melanocephalum
Nectopsyche dorsalis,Thecla bathildis
Nectopsyche dorsalis,Trigona fulviventris
Nectopsyche dorsalis,Triplectides flintorum
Nectopsyche dorsalis,Turesis lucas
Nectopsyche dorsalis,Umbonia crassicornis
Nectopsyche dorsalis,Urbanus dorantes
Nectopsyche dorsalis,Urbanus procne
Nectopsyche dorsalis,Wormaldia planae
Nectopsyche dorsalis,Xenophanes tryxus
Nectopsyche gemmoides,Nyctelius nyctelius
Nectopsyche gemmoides,Oarisma minima
Nectopsyche gemmoides,Oecetis punctata
Nectopsyche gemmoides,Oncopeltus cingulifer
Nectopsyche gemmoides,Panoquina ocola
Nectopsyche gemmoides,Papilio anchisiades
Nectopsyche gemmoides,Pareuptychia hesione
Nectopsyche gemmoides,Parides erithalion
Nectopsyche gemmoides,Perdita obscuripennis
Nectopsyche gemmoides,Pereute charops
Nectopsyche gemmoides,Philophyllia guttulata
Nectopsyche gemmoides,Phoebis sennae
Nectopsyche gemmoides,Phyciodes picta
Nectopsyche gemmoides,Phylloicus aeneus
Nectopsyche gemmoides,Polistes dorsalis
Nectopsyche gemmoides,Polistes instabilis
Nectopsyche gemmoides,Protoptila bicornuta
Nectopsyche gemmoides,Rhynchophorus palmarum
Nectopsyche gemmoides,Scaptotrigona mexicana
Nectopsyche gemmoides,Scaptotrigona pectoralis
Nectopsyche gemmoides,Siproeta stelenes
Nectopsyche gemmoides,Smicridea calopa
Nectopsyche gemmoides,Smicridea fasciatella
Nectopsyche gemmoides,Smicridea lobata
Nectopsyche gemmoides,Smicridea radula
Nectopsyche gemmoides,Smicridea rara
Nectopsyche gemmoides,Smicropus laeta
Nectopsyche gemmoides,Syngamia florella
Nectopsyche gemmoides,Tapinoma melanocephalum
Nectopsyche gemmoides,Thecla bathildis
Nectopsyche gemmoides,Trigona fulviventris
Nectopsyche gemmoides,Triplectides flintorum
Nectopsyche gemmoides,Turesis lucas
Nectopsyche gemmoides,Umbonia crassicornis
Nectopsyche gemmoides,Urbanus dorantes
Nectopsyche gemmoides,Urbanus procne
Nectopsyche gemmoides,Wormaldia planae
Nectopsyche gemmoides,Xenophanes tryxus
Nyctelius nyctelius,Oarisma minima
Nyctelius nyctelius,Oecetis punctata
Nyctelius nyctelius,Oncopeltus cingulifer
Nyctelius nyctelius,Panoquina ocola
Nyctelius nyctelius,Papilio anchisiades
Nyctelius nyctelius,Pareuptychia hesione
Nyctelius nyctelius,Parides erithalion
Nyctelius nyctelius,Perdita obscuripennis
Nyctelius nyctelius,Pereute charops
Nyctelius nyctelius,Philophyllia guttulata
Nyctelius nyctelius,Phoebis sennae
Nyctelius nyctelius,Phyciodes picta
Nyctelius nyctelius,Phylloicus aeneus
Nyctelius nyctelius,Polistes dorsalis
Nyctelius nyctelius,Polistes instabilis
Nyctelius nyctelius,Protoptila bicornuta
Nyctelius nyctelius,Rhynchophorus palmarum
Nyctelius nyctelius,Scaptotrigona mexicana
Nyctelius nyctelius,Scaptotrigona pectoralis
Nyctelius nyctelius,Siproeta stelenes
Nyctelius nyctelius,Smicridea calopa
Nyctelius nyctelius,Smicridea fasciatella
Nyctelius nyctelius,Smicridea lobata
Nyctelius nyctelius,Smicridea radula
Nyctelius nyctelius,Smicridea rara
Nyctelius nyctelius,Smicropus laeta
Nyctelius nyctelius,Syngamia florella
Nyctelius nyctelius,Tapinoma melanocephalum
Nyctelius nyctelius,Thecla bathildis
Nyctelius nyctelius,Trigona fulviventris
Nyctelius nyctelius,Triplectides flintorum
Nyctelius nyctelius,Turesis lucas
Nyctelius nyctelius,Umbonia crassicornis
Nyctelius nyctelius,Urbanus dorantes
Nyctelius nyctelius,Urbanus procne
Nyctelius nyctelius,Wormaldia planae
Nyctelius nyctelius,Xenophanes tryxus
Oarisma minima,Oecetis punctata
Oarisma minima,Oncopeltus cingulifer
Oarisma minima,Panoquina ocola
Oarisma minima,Papilio anchisiades
Oarisma minima,Pareuptychia hesione
Oarisma minima,Parides erithalion
Oarisma minima,Perdita obscuripennis
Oarisma minima,Pereute charops
Oarisma minima,Philophyllia guttulata
Oarisma minima,Phoebis sennae
Oarisma minima,Phyciodes picta
Oarisma minima,Phylloicus aeneus
Oarisma minima,Polistes dorsalis
Oarisma minima,Polistes instabilis
Oarisma minima,Protoptila bicornuta
Oarisma minima,Rhynchophorus palmarum
Oarisma minima,Scaptotrigona mexicana
Oarisma minima,Scaptotrigona pectoralis
Oarisma minima,Siproeta stelenes
Oarisma minima,Smicridea calopa
Oarisma minima,Smicridea fasciatella
Oarisma minima,Smicridea lobata
Oarisma minima,Smicridea radula
Oarisma minima,Smicridea rara
Oarisma minima,Smicropus laeta
Oarisma minima,Syngamia florella
Oarisma minima,Tapinoma melanocephalum
Oarisma minima,Thecla bathildis
Oarisma minima,Trigona fulviventris
Oarisma minima,Triplectides flintorum
Oarisma minima,Turesis lucas
Oarisma minima,Umbonia crassicornis
Oarisma minima,Urbanus dorantes
Oarisma minima,Urbanus procne
Oarisma minima,Wormaldia planae
Oarisma minima,Xenophanes tryxus
Oecetis punctata,Oncopeltus cingulifer
Oecetis punctata,Panoquina ocola
Oecetis punctata,Papilio anchisiades
Oecetis punctata,Pareuptychia hesione
Oecetis punctata,Parides erithalion
Oecetis punctata,Perdita obscuripennis
Oecetis punctata,Pereute charops
Oecetis punctata,Philophyllia guttulata
Oecetis punctata,Phoebis sennae
Oecetis punctata,Phyciodes picta
Oecetis punctata,Phylloicus aeneus
Oecetis punctata,Polistes dorsalis
Oecetis punctata,Polistes instabilis
Oecetis punctata,Protoptila bicornuta
Oecetis punctata,Rhynchophorus palmarum
Oecetis punctata,Scaptotrigona mexicana
Oecetis punctata,Scaptotrigona pectoralis
Oecetis punctata,Siproeta stelenes
Oecetis punctata,Smicridea calopa
Oecetis punctata,Smicridea fasciatella
Oecetis punctata,Smicridea lobata
Oecetis punctata,Smicridea radula
Oecetis punctata,Smicridea rara
Oecetis punctata,Smicropus laeta
Oecetis punctata,Syngamia florella
Oecetis punctata,Tapinoma melanocephalum
Oecetis punctata,Thecla bathildis
Oecetis punctata,Trigona fulviventris
Oecetis punctata,Triplectides flintorum
Oecetis punctata,Turesis lucas
Oecetis punctata,Umbonia crassicornis
Oecetis punctata,Urbanus dorantes
Oecetis punctata,Urbanus procne
Oecetis punctata,Wormaldia planae
Oecetis punctata,Xenophanes tryxus
Oncopeltus cingulifer,Panoquina ocola
Oncopeltus cingulifer,Papilio anchisiades
Oncopeltus cingulifer,Pareuptychia hesione
Oncopeltus cingulifer,Parides erithalion
Oncopeltus cingulifer,Perdita obscuripennis
Oncopeltus cingulifer,Pereute charops
Oncopeltus cingulifer,Philophyllia guttulata
Oncopeltus cingulifer,Phoebis sennae
Oncopeltus cingulifer,Phyciodes picta
Oncopeltus cingulifer,Phylloicus aeneus
Oncopeltus cingulifer,Polistes dorsalis
Oncopeltus cingulifer,Polistes instabilis
Oncopeltus cingulifer,Protoptila bicornuta
Oncopeltus cingulifer,Rhynchophorus palmarum
Oncopeltus cingulifer,Scaptotrigona mexicana
Oncopeltus cingulifer,Scaptotrigona pectoralis
Oncopeltus cingulifer,Siproeta stelenes
Oncopeltus cingulifer,Smicridea calopa
Oncopeltus cingulifer,Smicridea fasciatella
Oncopeltus cingulifer,Smicridea lobata
Oncopeltus cingulifer,Smicridea radula
Oncopeltus cingulifer,Smicridea rara
Oncopeltus cingulifer,Smicropus laeta
Oncopeltus cingulifer,Syngamia florella
Oncopeltus cingulifer,Tapinoma melanocephalum
Oncopeltus cingulifer,Thecla bathildis
Oncopeltus cingulifer,Trigona fulviventris
Oncopeltus cingulifer,Triplectides flintorum
Oncopeltus cingulifer,Turesis lucas
Oncopeltus cingulifer,Umbonia crassicornis
Oncopeltus cingulifer,Urbanus dorantes
Oncopeltus cingulifer,Urbanus procne
Oncopeltus cingulifer,Wormaldia planae
Oncopeltus cingulifer,Xenophanes tryxus
Panoquina ocola,Papilio anchisiades
Panoquina ocola,Pareuptychia hesione
Panoquina ocola,Parides erithalion
Panoquina ocola,Perdita obscuripennis
Panoquina ocola,Pereute charops
Panoquina ocola,Philophyllia guttulata
Panoquina ocola,Phoebis sennae
Panoquina ocola,Phyciodes picta
Panoquina ocola,Phylloicus aeneus
Panoquina ocola,Polistes dorsalis
Panoquina ocola,Polistes instabilis
Panoquina ocola,Protoptila bicornuta
Panoquina ocola,Rhynchophorus palmarum
Panoquina ocola,Scaptotrigona mexicana
Panoquina ocola,Scaptotrigona pectoralis
Panoquina ocola,Siproeta stelenes
Panoquina ocola,Smicridea calopa
Panoquina ocola,Smicridea fasciatella
Panoquina ocola,Smicridea lobata
Panoquina ocola,Smicridea radula
Panoquina ocola,Smicridea rara
Panoquina ocola,Smicropus laeta
Panoquina ocola,Syngamia florella
Panoquina ocola,Tapinoma melanocephalum
Panoquina ocola,Thecla bathildis
Panoquina ocola,Trigona fulviventris
Panoquina ocola,Triplectides flintorum
Panoquina ocola,Turesis lucas
Panoquina ocola,Umbonia crassicornis
Panoquina ocola,Urbanus dorantes
Panoquina ocola,Urbanus procne
Panoquina ocola,Wormaldia planae
Panoquina ocola,Xenophanes tryxus
Papilio anchisiades,Pareuptychia hesione
Papilio anchisiades,Parides erithalion
Papilio anchisiades,Perdita obscuripennis
Papilio anchisiades,Pereute charops
Papilio anchisiades,Philophyllia guttulata
Papilio anchisiades,Phoebis sennae
Papilio anchisiades,Phyciodes picta
Papilio anchisiades,Phylloicus aeneus
Papilio anchisiades,Polistes dorsalis
Papilio anchisiades,Polistes instabilis
Papilio anchisiades,Protoptila bicornuta
Papilio anchisiades,Rhynchophorus palmarum
Papilio anchisiades,Scaptotrigona mexicana
Papilio anchisiades,Scaptotrigona pectoralis
Papilio anchisiades,Siproeta stelenes
Papilio anchisiades,Smicridea calopa
Papilio anchisiades,Smicridea fasciatella
Papilio anchisiades,Smicridea lobata
Papilio anchisiades,Smicridea radula
Papilio anchisiades,Smicridea rara
Papilio anchisiades,Smicropus laeta
Papilio anchisiades,Syngamia florella
Papilio anchisiades,Tapinoma melanocephalum
Papilio anchisiades,Thecla bathildis
Papilio anchisiades,Trigona fulviventris
Papilio anchisiades,Triplectides flintorum
Papilio anchisiades,Turesis lucas
Papilio anchisiades,Umbonia crassicornis
Papilio anchisiades,Urbanus dorantes
Papilio anchisiades,Urbanus procne
Papilio anchisiades,Wormaldia planae
Papilio anchisiades,Xenophanes tryxus
Pareuptychia hesione,Parides erithalion
Pareuptychia hesione,Perdita obscuripennis
Pareuptychia hesione,Pereute charops
Pareuptychia hesione,Philophyllia guttulata
Pareuptychia hesione,Phoebis sennae
Pareuptychia hesione,Phyciodes picta
Pareuptychia hesione,Phylloicus aeneus
Pareuptychia hesione,Polistes dorsalis
Pareuptychia hesione,Polistes instabilis
Pareuptychia hesione,Protoptila bicornuta
Pareuptychia hesione,Rhynchophorus palmarum
Pareuptychia hesione,Scaptotrigona mexicana
Pareuptychia hesione,Scaptotrigona pectoralis
Pareuptychia hesione,Siproeta stelenes
Pareuptychia hesione,Smicridea calopa
Pareuptychia hesione,Smicridea fasciatella
Pareuptychia hesione,Smicridea lobata
Pareuptychia hesione,Smicridea radula
Pareuptychia hesione,Smicridea rara
Pareuptychia hesione,Smicropus laeta
Pareuptychia hesione,Syngamia florella
Pareuptychia hesione,Tapinoma melanocephalum
Pareuptychia hesione,Thecla bathildis
Pareuptychia hesione,Trigona fulviventris
Pareuptychia hesione,Triplectides flintorum
Pareuptychia hesione,Turesis lucas
Pareuptychia hesione,Umbonia crassicornis
Pareuptychia hesione,Urbanus dorantes
Pareuptychia hesione,Urbanus procne
Pareuptychia hesione,Wormaldia planae
Pareuptychia hesione,Xenophanes tryxus
Parides erithalion,Perdita obscuripennis
Parides erithalion,Pereute charops
Parides erithalion,Philophyllia guttulata
Parides erithalion,Phoebis sennae
Parides erithalion,Phyciodes picta
Parides erithalion,Phylloicus aeneus
Parides erithalion,Polistes dorsalis
Parides erithalion,Polistes instabilis
Parides erithalion,Protoptila bicornuta
Parides erithalion,Rhynchophorus palmarum
Parides erithalion,Scaptotrigona mexicana
Parides erithalion,Scaptotrigona pectoralis
Parides erithalion,Siproeta stelenes
Parides erithalion,Smicridea calopa
Parides erithalion,Smicridea fasciatella
Parides erithalion,Smicridea lobata
Parides erithalion,Smicridea radula
Parides erithalion,Smicridea rara
Parides erithalion,Smicropus laeta
Parides erithalion,Syngamia florella
Parides erithalion,Tapinoma melanocephalum
Parides erithalion,Thecla bathildis
Parides erithalion,Trigona fulviventris
Parides erithalion,Triplectides flintorum
Parides erithalion,Turesis lucas
Parides erithalion,Umbonia crassicornis
Parides erithalion,Urbanus dorantes
Parides erithalion,Urbanus procne
Parides erithalion,Wormaldia planae
Parides erithalion,Xenophanes tryxus
Perdita obscuripennis,Pereute charops
Perdita obscuripennis,Philophyllia guttulata
Perdita obscuripennis,Phoebis sennae
Perdita obscuripennis,Phyciodes picta
Perdita obscuripennis,Phylloicus aeneus
Perdita obscuripennis,Polistes dorsalis
Perdita obscuripennis,Polistes instabilis
Perdita obscuripennis,Protoptila bicornuta
Perdita obscuripennis,Rhynchophorus palmarum
Perdita obscuripennis,Scaptotrigona mexicana
Perdita obscuripennis,Scaptotrigona pectoralis
Perdita obscuripennis,Siproeta stelenes
Perdita obscuripennis,Smicridea calopa
Perdita obscuripennis,Smicridea fasciatella
Perdita obscuripennis,Smicridea lobata
Perdita obscuripennis,Smicridea radula
Perdita obscuripennis,Smicridea rara
Perdita obscuripennis,Smicropus laeta
Perdita obscuripennis,Syngamia florella
Perdita obscuripennis,Tapinoma melanocephalum
Perdita obscuripennis,Thecla bathildis
Perdita obscuripennis,Trigona fulviventris
Perdita obscuripennis,Triplectides flintorum
Perdita obscuripennis,Turesis lucas
Perdita obscuripennis,Umbonia crassicornis
Perdita obscuripennis,Urbanus dorantes
Perdita obscuripennis,Urbanus procne
Perdita obscuripennis,Wormaldia planae
Perdita obscuripennis,Xenophanes tryxus
Pereute charops,Philophyllia guttulata
Pereute charops,Phoebis sennae
Pereute charops,Phyciodes picta
Pereute charops,Phylloicus aeneus
Pereute charops,Polistes dorsalis
Pereute charops,Polistes instabilis
Pereute charops,Protoptila bicornuta
Pereute charops,Rhynchophorus palmarum
Pereute charops,Scaptotrigona mexicana
Pereute charops,Scaptotrigona pectoralis
Pereute charops,Siproeta stelenes
Pereute charops,Smicridea calopa
Pereute charops,Smicridea fasciatella
Pereute charops,Smicridea lobata
Pereute charops,Smicridea radula
Pereute charops,Smicridea rara
Pereute charops,Smicropus laeta
Pereute charops,Syngamia florella
Pereute charops,Tapinoma melanocephalum
Pereute charops,Thecla bathildis
Pereute charops,Trigona fulviventris
Pereute charops,Triplectides flintorum
Pereute charops,Turesis lucas
Pereute charops,Umbonia crassicornis
Pereute charops,Urbanus dorantes
Pereute charops,Urbanus procne
Pereute charops,Wormaldia planae
Pereute charops,Xenophanes tryxus
Philophyllia guttulata,Phoebis sennae
Philophyllia guttulata,Phyciodes picta
Philophyllia guttulata,Phylloicus aeneus
Philophyllia guttulata,Polistes dorsalis
Philophyllia guttulata,Polistes instabilis
Philophyllia guttulata,Protoptila bicornuta
Philophyllia guttulata,Rhynchophorus palmarum
Philophyllia guttulata,Scaptotrigona mexicana
Philophyllia guttulata,Scaptotrigona pectoralis
Philophyllia guttulata,Siproeta stelenes
Philophyllia guttulata,Smicridea calopa
Philophyllia guttulata,Smicridea fasciatella
Philophyllia guttulata,Smicridea lobata
Philophyllia guttulata,Smicridea radula
Philophyllia guttulata,Smicridea rara
Philophyllia guttulata,Smicropus laeta
Philophyllia guttulata,Syngamia florella
Philophyllia guttulata,Tapinoma melanocephalum
Philophyllia guttulata,Thecla bathildis
Philophyllia guttulata,Trigona fulviventris
Philophyllia guttulata,Triplectides flintorum
Philophyllia guttulata,Turesis lucas
Philophyllia guttulata,Umbonia crassicornis
Philophyllia guttulata,Urbanus dorantes
Philophyllia guttulata,Urbanus procne
Philophyllia guttulata,Wormaldia planae
Philophyllia guttulata,Xenophanes tryxus
Phoebis sennae,Phyciodes picta
Phoebis sennae,Phylloicus aeneus
Phoebis sennae,Polistes dorsalis
Phoebis sennae,Polistes instabilis
Phoebis sennae,Protoptila bicornuta
Phoebis sennae,Rhynchophorus palmarum
Phoebis sennae,Scaptotrigona mexicana
Phoebis sennae,Scaptotrigona pectoralis
Phoebis sennae,Siproeta stelenes
Phoebis sennae,Smicridea calopa
Phoebis sennae,Smicridea fasciatella
Phoebis sennae,Smicridea lobata
Phoebis sennae,Smicridea radula
Phoebis sennae,Smicridea rara
Phoebis sennae,Smicropus laeta
Phoebis sennae,Syngamia florella
Phoebis sennae,Tapinoma melanocephalum
Phoebis sennae,Thecla bathildis
Phoebis sennae,Trigona fulviventris
Phoebis sennae,Triplectides flintorum
Phoebis sennae,Turesis lucas
Phoebis sennae,Umbonia crassicornis
Phoebis sennae,Urbanus dorantes
Phoebis sennae,Urbanus procne
Phoebis sennae,Wormaldia planae
Phoebis sennae,Xenophanes tryxus
Phyciodes picta,Phylloicus aeneus
Phyciodes picta,Polistes dorsalis
Phyciodes picta,Polistes instabilis
Phyciodes picta,Protoptila bicornuta
Phyciodes picta,Rhynchophorus palmarum
Phyciodes picta,Scaptotrigona mexicana
Phyciodes picta,Scaptotrigona pectoralis
Phyciodes picta,Siproeta stelenes
Phyciodes picta,Smicridea calopa
Phyciodes picta,Smicridea fasciatella
Phyciodes picta,Smicridea lobata
Phyciodes picta,Smicridea radula
Phyciodes picta,Smicridea rara
Phyciodes picta,Smicropus laeta
Phyciodes picta,Syngamia florella
Phyciodes picta,Tapinoma melanocephalum
Phyciodes picta,Thecla bathildis
Phyciodes picta,Trigona fulviventris
Phyciodes picta,Triplectides flintorum
Phyciodes picta,Turesis lucas
Phyciodes picta,Umbonia crassicornis
Phyciodes picta,Urbanus dorantes
Phyciodes picta,Urbanus procne
Phyciodes picta,Wormaldia planae
Phyciodes picta,Xenophanes tryxus
Phylloicus aeneus,Polistes dorsalis
Phylloicus aeneus,Polistes instabilis
Phylloicus aeneus,Protoptila bicornuta
Phylloicus aeneus,Rhynchophorus palmarum
Phylloicus aeneus,Scaptotrigona mexicana
Phylloicus aeneus,Scaptotrigona pectoralis
Phylloicus aeneus,Siproeta stelenes
Phylloicus aeneus,Smicridea calopa
Phylloicus aeneus,Smicridea fasciatella
Phylloicus aeneus,Smicridea lobata
Phylloicus aeneus,Smicridea radula
Phylloicus aeneus,Smicridea rara
Phylloicus aeneus,Smicropus laeta
Phylloicus aeneus,Syngamia florella
Phylloicus aeneus,Tapinoma melanocephalum
Phylloicus aeneus,Thecla bathildis
Phylloicus aeneus,Trigona fulviventris
Phylloicus aeneus,Triplectides flintorum
Phylloicus aeneus,Turesis lucas
Phylloicus aeneus,Umbonia crassicornis
Phylloicus aeneus,Urbanus dorantes
Phylloicus aeneus,Urbanus procne
Phylloicus aeneus,Wormaldia planae
Phylloicus aeneus,Xenophanes tryxus
Polistes dorsalis,Polistes instabilis
Polistes dorsalis,Protoptila bicornuta
Polistes dorsalis,Rhynchophorus palmarum
Polistes dorsalis,Scaptotrigona mexicana
Polistes dorsalis,Scaptotrigona pectoralis
Polistes dorsalis,Siproeta stelenes
Polistes dorsalis,Smicridea calopa
Polistes dorsalis,Smicridea fasciatella
Polistes dorsalis,Smicridea lobata
Polistes dorsalis,Smicridea radula
Polistes dorsalis,Smicridea rara
Polistes dorsalis,Smicropus laeta
Polistes dorsalis,Syngamia florella
Polistes dorsalis,Tapinoma melanocephalum
Polistes dorsalis,Thecla bathildis
Polistes dorsalis,Trigona fulviventris
Polistes dorsalis,Triplectides flintorum
Polistes dorsalis,Turesis lucas
Polistes dorsalis,Umbonia crassicornis
Polistes dorsalis,Urbanus dorantes
Polistes dorsalis,Urbanus procne
Polistes dorsalis,Wormaldia planae
Polistes dorsalis,Xenophanes tryxus
Polistes instabilis,Protoptila bicornuta
Polistes instabilis,Rhynchophorus palmarum
Polistes instabilis,Scaptotrigona mexicana
Polistes instabilis,Scaptotrigona pectoralis
Polistes instabilis,Siproeta stelenes
Polistes instabilis,Smicridea calopa
Polistes instabilis,Smicridea fasciatella
Polistes instabilis,Smicridea lobata
Polistes instabilis,Smicridea radula
Polistes instabilis,Smicridea rara
Polistes instabilis,Smicropus laeta
Polistes instabilis,Syngamia florella
Polistes instabilis,Tapinoma melanocephalum
Polistes instabilis,Thecla bathildis
Polistes instabilis,Trigona fulviventris
Polistes instabilis,Triplectides flintorum
Polistes instabilis,Turesis lucas
Polistes instabilis,Umbonia crassicornis
Polistes instabilis,Urbanus dorantes
Polistes instabilis,Urbanus procne
Polistes instabilis,Wormaldia planae
Polistes instabilis,Xenophanes tryxus
Protoptila bicornuta,Rhynchophorus palmarum
Protoptila bicornuta,Scaptotrigona mexicana
Protoptila bicornuta,Scaptotrigona pectoralis
Protoptila bicornuta,Siproeta stelenes
Protoptila bicornuta,Smicridea calopa
Protoptila bicornuta,Smicridea fasciatella
Protoptila bicornuta,Smicridea lobata
Protoptila bicornuta,Smicridea radula
Protoptila bicornuta,Smicridea rara
Protoptila bicornuta,Smicropus laeta
Protoptila bicornuta,Syngamia florella
Protoptila bicornuta,Tapinoma melanocephalum
Protoptila bicornuta,Thecla bathildis
Protoptila bicornuta,Trigona fulviventris
Protoptila bicornuta,Triplectides flintorum
Protoptila bicornuta,Turesis lucas
Protoptila bicornuta,Umbonia crassicornis
Protoptila bicornuta,Urbanus dorantes
Protoptila bicornuta,Urbanus procne
Protoptila bicornuta,Wormaldia planae
Protoptila bicornuta,Xenophanes tryxus
Rhynchophorus palmarum,Scaptotrigona mexicana
Rhynchophorus palmarum,Scaptotrigona pectoralis
Rhynchophorus palmarum,Siproeta stelenes
Rhynchophorus palmarum,Smicridea calopa
Rhynchophorus palmarum,Smicridea fasciatella
Rhynchophorus palmarum,Smicridea lobata
Rhynchophorus palmarum,Smicridea radula
Rhynchophorus palmarum,Smicridea rara
Rhynchophorus palmarum,Smicropus laeta
Rhynchophorus palmarum,Syngamia florella
Rhynchophorus palmarum,Tapinoma melanocephalum
Rhynchophorus palmarum,Thecla bathildis
Rhynchophorus palmarum,Trigona fulviventris
Rhynchophorus palmarum,Triplectides flintorum
Rhynchophorus palmarum,Turesis lucas
Rhynchophorus palmarum,Umbonia crassicornis
Rhynchophorus palmarum,Urbanus dorantes
Rhynchophorus palmarum,Urbanus procne
Rhynchophorus palmarum,Wormaldia planae
Rhynchophorus palmarum,Xenophanes tryxus
Scaptotrigona mexicana,Scaptotrigona pectoralis
Scaptotrigona mexicana,Siproeta stelenes
Scaptotrigona mexicana,Smicridea calopa
Scaptotrigona mexicana,Smicridea fasciatella
Scaptotrigona mexicana,Smicridea lobata
Scaptotrigona mexicana,Smicridea radula
Scaptotrigona mexicana,Smicridea rara
Scaptotrigona mexicana,Smicropus laeta
Scaptotrigona mexicana,Syngamia florella
Scaptotrigona mexicana,Tapinoma melanocephalum
Scaptotrigona mexicana,Thecla bathildis
Scaptotrigona mexicana,Trigona fulviventris
Scaptotrigona mexicana,Triplectides flintorum
Scaptotrigona mexicana,Turesis lucas
Scaptotrigona mexicana,Umbonia crassicornis
Scaptotrigona mexicana,Urbanus dorantes
Scaptotrigona mexicana,Urbanus procne
Scaptotrigona mexicana,Wormaldia planae
Scaptotrigona mexicana,Xenophanes tryxus
Scaptotrigona pectoralis,Siproeta stelenes
Scaptotrigona pectoralis,Smicridea calopa
Scaptotrigona pectoralis,Smicridea fasciatella
Scaptotrigona pectoralis,Smicridea lobata
Scaptotrigona pectoralis,Smicridea radula
Scaptotrigona pectoralis,Smicridea rara
Scaptotrigona pectoralis,Smicropus laeta
Scaptotrigona pectoralis,Syngamia florella
Scaptotrigona pectoralis,Tapinoma melanocephalum
Scaptotrigona pectoralis,Thecla bathildis
Scaptotrigona pectoralis,Trigona fulviventris
Scaptotrigona pectoralis,Triplectides flintorum
Scaptotrigona pectoralis,Turesis lucas
Scaptotrigona pectoralis,Umbonia crassicornis
Scaptotrigona pectoralis,Urbanus dorantes
Scaptotrigona pectoralis,Urbanus procne
Scaptotrigona pectoralis,Wormaldia planae
Scaptotrigona pectoralis,Xenophanes tryxus
Siproeta stelenes,Smicridea calopa
Siproeta stelenes,Smicridea fasciatella
Siproeta stelenes,Smicridea lobata
Siproeta stelenes,Smicridea radula
Siproeta stelenes,Smicridea rara
Siproeta stelenes,Smicropus laeta
Siproeta stelenes,Syngamia florella
Siproeta stelenes,Tapinoma melanocephalum
Siproeta stelenes,Thecla bathildis
Siproeta stelenes,Trigona fulviventris
Siproeta stelenes,Triplectides flintorum
Siproeta stelenes,Turesis lucas
Siproeta stelenes,Umbonia crassicornis
Siproeta stelenes,Urbanus dorantes
Siproeta stelenes,Urbanus procne
Siproeta stelenes,Wormaldia planae
Siproeta stelenes,Xenophanes tryxus
Smicridea calopa,Smicridea fasciatella
Smicridea calopa,Smicridea lobata
Smicridea calopa,Smicridea radula
Smicridea calopa,Smicridea rara
Smicridea calopa,Smicropus laeta
Smicridea calopa,Syngamia florella
Smicridea calopa,Tapinoma melanocephalum
Smicridea calopa,Thecla bathildis
Smicridea calopa,Trigona fulviventris
Smicridea calopa,Triplectides flintorum
Smicridea calopa,Turesis lucas
Smicridea calopa,Umbonia crassicornis
Smicridea calopa,Urbanus dorantes
Smicridea calopa,Urbanus procne
Smicridea calopa,Wormaldia planae
Smicridea calopa,Xenophanes tryxus
Smicridea fasciatella,Smicridea lobata
Smicridea fasciatella,Smicridea radula
Smicridea fasciatella,Smicridea rara
Smicridea fasciatella,Smicropus laeta
Smicridea fasciatella,Syngamia florella
Smicridea fasciatella,Tapinoma melanocephalum
Smicridea fasciatella,Thecla bathildis
Smicridea fasciatella,Trigona fulviventris
Smicridea fasciatella,Triplectides flintorum
Smicridea fasciatella,Turesis lucas
Smicridea fasciatella,Umbonia crassicornis
Smicridea fasciatella,Urbanus dorantes
Smicridea fasciatella,Urbanus procne
Smicridea fasciatella,Wormaldia planae
Smicridea fasciatella,Xenophanes tryxus
Smicridea lobata,Smicridea radula
Smicridea lobata,Smicridea rara
Smicridea lobata,Smicropus laeta
Smicridea lobata,Syngamia florella
Smicridea lobata,Tapinoma melanocephalum
Smicridea lobata,Thecla bathildis
Smicridea lobata,Trigona fulviventris
Smicridea lobata,Triplectides flintorum
Smicridea lobata,Turesis lucas
Smicridea lobata,Umbonia crassicornis
Smicridea lobata,Urbanus dorantes
Smicridea lobata,Urbanus procne
Smicridea lobata,Wormaldia planae
Smicridea lobata,Xenophanes tryxus
Smicridea radula,Smicridea rara
Smicridea radula,Smicropus laeta
Smicridea radula,Syngamia florella
Smicridea radula,Tapinoma melanocephalum
Smicridea radula,Thecla bathildis
Smicridea radula,Trigona fulviventris
Smicridea radula,Triplectides flintorum
Smicridea radula,Turesis lucas
Smicridea radula,Umbonia crassicornis
Smicridea radula,Urbanus dorantes
Smicridea radula,Urbanus procne
Smicridea radula,Wormaldia planae
Smicridea radula,Xenophanes tryxus
Smicridea rara,Smicropus laeta
Smicridea rara,Syngamia florella
Smicridea rara,Tapinoma melanocephalum
Smicridea rara,Thecla bathildis
Smicridea rara,Trigona fulviventris
Smicridea rara,Triplectides flintorum
Smicridea rara,Turesis lucas
Smicridea rara,Umbonia crassicornis
Smicridea rara,Urbanus dorantes
Smicridea rara,Urbanus procne
Smicridea rara,Wormaldia planae
Smicridea rara,Xenophanes tryxus
Smicropus laeta,Syngamia florella
Smicropus laeta,Tapinoma melanocephalum
Smicropus laeta,Thecla bathildis
Smicropus laeta,Trigona fulviventris
Smicropus laeta,Triplectides flintorum
Smicropus laeta,Turesis lucas
Smicropus laeta,Umbonia crassicornis
Smicropus laeta,Urbanus dorantes
Smicropus laeta,Urbanus procne
Smicropus laeta,Wormaldia planae
Smicropus laeta,Xenophanes tryxus
Syngamia florella,Tapinoma melanocephalum
Syngamia florella,Thecla bathildis
Syngamia florella,Trigona fulviventris
Syngamia florella,Triplectides flintorum
Syngamia florella,Turesis lucas
Syngamia florella,Umbonia crassicornis
Syngamia florella,Urbanus dorantes
Syngamia florella,Urbanus procne
Syngamia florella,Wormaldia planae
Syngamia florella,Xenophanes tryxus
Tapinoma melanocephalum,Thecla bathildis
Tapinoma melanocephalum,Trigona fulviventris
Tapinoma melanocephalum,Triplectides flintorum
Tapinoma melanocephalum,Turesis lucas
Tapinoma melanocephalum,Umbonia crassicornis
Tapinoma melanocephalum,Urbanus dorantes
Tapinoma melanocephalum,Urbanus procne
Tapinoma melanocephalum,Wormaldia planae
Tapinoma melanocephalum,Xenophanes tryxus
Thecla bathildis,Trigona fulviventris
Thecla bathildis,Triplectides flintorum
Thecla bathildis,Turesis lucas
Thecla bathildis,Umbonia crassicornis
Thecla bathildis,Urbanus dorantes
Thecla bathildis,Urbanus procne
Thecla bathildis,Wormaldia planae
Thecla bathildis,Xenophanes tryxus
Trigona fulviventris,Triplectides flintorum
Trigona fulviventris,Turesis lucas
Trigona fulviventris,Umbonia crassicornis
Trigona fulviventris,Urbanus dorantes
Trigona fulviventris,Urbanus procne
Trigona fulviventris,Wormaldia planae
Trigona fulviventris,Xenophanes tryxus
Triplectides flintorum,Turesis lucas
Triplectides flintorum,Umbonia crassicornis
Triplectides flintorum,Urbanus dorantes
Triplectides flintorum,Urbanus procne
Triplectides flintorum,Wormaldia planae
Triplectides flintorum,Xenophanes tryxus
Turesis lucas,Umbonia crassicornis
Turesis lucas,Urbanus dorantes
Turesis lucas,Urbanus procne
Turesis lucas,Wormaldia planae
Turesis lucas,Xenophanes tryxus
Umbonia crassicornis,Urbanus dorantes
Umbonia crassicornis,Urbanus procne
Umbonia crassicornis,Wormaldia planae
Umbonia crassicornis,Xenophanes tryxus
Urbanus dorantes,Urbanus procne
Urbanus dorantes,Wormaldia planae
Urbanus dorantes,Xenophanes tryxus
Urbanus procne,Wormaldia planae
Urbanus procne,Xenophanes tryxus
Wormaldia planae,Xenophanes tryxus
Acharia stimulea,Agrosoma placetis
Acharia stimulea,Anartia jatrophae
Acharia stimulea,Anoplolepis gracilipes
Acharia stimulea,Anthanassa tulcis
Acharia stimulea,Apis mellifera
Acharia stimulea,Ascia monuste
Acharia stimulea,Ashmeadiella bequaerti
Acharia stimulea,Battus polydamas
Acharia stimulea,Brentus mexicanus
Acharia stimulea,Electrostrymon endymion
Acharia stimulea,Eurema daira
Acharia stimulea,Ganyra josephina
Acharia stimulea,Hamadryas guatemalena
Acharia stimulea,Heliconius charithonia
Acharia stimulea,Junonia neildi
Acharia stimulea,Nannotrigona perilampoides
Acharia stimulea,Panoquina panoquinoides
Acharia stimulea,Physoconops connectens
Acharia stimulea,Polites vibex
Acharia stimulea,Syntomeida epilais
Acharia stimulea,Thecla bathildis
Acharia stimulea,Thecla marius
Acharia stimulea,Thecla rufofusca
Acharia stimulea,Thecla yojoa
Acharia stimulea,Xenophanes tryxus
Agrosoma placetis,Anartia jatrophae
Agrosoma placetis,Anoplolepis gracilipes
Agrosoma placetis,Anthanassa tulcis
Agrosoma placetis,Apis mellifera
Agrosoma placetis,Ascia monuste
Agrosoma placetis,Ashmeadiella bequaerti
Agrosoma placetis,Battus polydamas
Agrosoma placetis,Brentus mexicanus
Agrosoma placetis,Electrostrymon endymion
Agrosoma placetis,Eurema daira
Agrosoma placetis,Ganyra josephina
Agrosoma placetis,Hamadryas guatemalena
Agrosoma placetis,Heliconius charithonia
Agrosoma placetis,Junonia neildi
Agrosoma placetis,Nannotrigona perilampoides
Agrosoma placetis,Panoquina panoquinoides
Agrosoma placetis,Physoconops connectens
Agrosoma placetis,Polites vibex
Agrosoma placetis,Syntomeida epilais
Agrosoma placetis,Thecla bathildis
Agrosoma placetis,Thecla marius
Agrosoma placetis,Thecla rufofusca
Agrosoma placetis,Thecla yojoa
Agrosoma placetis,Xenophanes tryxus
Anartia jatrophae,Anoplolepis gracilipes
Anartia jatrophae,Anthanassa tulcis
Anartia jatrophae,Apis mellifera
Anartia jatrophae,Ascia monuste
Anartia jatrophae,Ashmeadiella bequaerti
Anartia jatrophae,Battus polydamas
Anartia jatrophae,Brentus mexicanus
Anartia jatrophae,Electrostrymon endymion
Anartia jatrophae,Eurema daira
Anartia jatrophae,Ganyra josephina
Anartia jatrophae,Hamadryas guatemalena
Anartia jatrophae,Heliconius charithonia
Anartia jatrophae,Junonia neildi
Anartia jatrophae,Nannotrigona perilampoides
Anartia jatrophae,Panoquina panoquinoides
Anartia jatrophae,Physoconops connectens
Anartia jatrophae,Polites vibex
Anartia jatrophae,Syntomeida epilais
Anartia jatrophae,Thecla bathildis
Anartia jatrophae,Thecla marius
Anartia jatrophae,Thecla rufofusca
Anartia jatrophae,Thecla yojoa
Anartia jatrophae,Xenophanes tryxus
Anoplolepis gracilipes,Anthanassa tulcis
Anoplolepis gracilipes,Apis mellifera
Anoplolepis gracilipes,Ascia monuste
Anoplolepis gracilipes,Ashmeadiella bequaerti
Anoplolepis gracilipes,Battus polydamas
Anoplolepis gracilipes,Brentus mexicanus
Anoplolepis gracilipes,Electrostrymon endymion
Anoplolepis gracilipes,Eurema daira
Anoplolepis gracilipes,Ganyra josephina
Anoplolepis gracilipes,Hamadryas guatemalena
Anoplolepis gracilipes,Heliconius charithonia
Anoplolepis gracilipes,Junonia neildi
Anoplolepis gracilipes,Nannotrigona perilampoides
Anoplolepis gracilipes,Panoquina panoquinoides
Anoplolepis gracilipes,Physoconops connectens
Anoplolepis gracilipes,Polites vibex
Anoplolepis gracilipes,Syntomeida epilais
Anoplolepis gracilipes,Thecla bathildis
Anoplolepis gracilipes,Thecla marius
Anoplolepis gracilipes,Thecla rufofusca
Anoplolepis gracilipes,Thecla yojoa
Anoplolepis gracilipes,Xenophanes tryxus
Anthanassa tulcis,Apis mellifera
Anthanassa tulcis,Ascia monuste
Anthanassa tulcis,Ashmeadiella bequaerti
Anthanassa tulcis,Battus polydamas
Anthanassa tulcis,Brentus mexicanus
Anthanassa tulcis,Electrostrymon endymion
Anthanassa tulcis,Eurema daira
Anthanassa tulcis,Ganyra josephina
Anthanassa tulcis,Hamadryas guatemalena
Anthanassa tulcis,Heliconius charithonia
Anthanassa tulcis,Junonia neildi
Anthanassa tulcis,Nannotrigona perilampoides
Anthanassa tulcis,Panoquina panoquinoides
Anthanassa tulcis,Physoconops connectens
Anthanassa tulcis,Polites vibex
Anthanassa tulcis,Syntomeida epilais
Anthanassa tulcis,Thecla bathildis
Anthanassa tulcis,Thecla marius
Anthanassa tulcis,Thecla rufofusca
Anthanassa tulcis,Thecla yojoa
Anthanassa tulcis,Xenophanes tryxus
Apis mellifera,Ascia monuste
Apis mellifera,Ashmeadiella bequaerti
Apis mellifera,Battus polydamas
Apis mellifera,Brentus mexicanus
Apis mellifera,Electrostrymon endymion
Apis mellifera,Eurema daira
Apis mellifera,Ganyra josephina
Apis mellifera,Hamadryas guatemalena
Apis mellifera,Heliconius charithonia
Apis mellifera,Junonia neildi
Apis mellifera,Nannotrigona perilampoides
Apis mellifera,Panoquina panoquinoides
Apis mellifera,Physoconops connectens
Apis mellifera,Polites vibex
Apis mellifera,Syntomeida epilais
Apis mellifera,Thecla bathildis
Apis mellifera,Thecla marius
Apis mellifera,Thecla rufofusca
Apis mellifera,Thecla yojoa
Apis mellifera,Xenophanes tryxus
Ascia monuste,Ashmeadiella bequaerti
Ascia monuste,Battus polydamas
Ascia monuste,Brentus mexicanus
Ascia monuste,Electrostrymon endymion
Ascia monuste,Eurema daira
Ascia monuste,Ganyra josephina
Ascia monuste,Hamadryas guatemalena
Ascia monuste,Heliconius charithonia
Ascia monuste,Junonia neildi
Ascia monuste,Nannotrigona perilampoides
Ascia monuste,Panoquina panoquinoides
Ascia monuste,Physoconops connectens
Ascia monuste,Polites vibex
Ascia monuste,Syntomeida epilais
Ascia monuste,Thecla bathildis
Ascia monuste,Thecla marius
Ascia monuste,Thecla rufofusca
Ascia monuste,Thecla yojoa
Ascia monuste,Xenophanes tryxus
Ashmeadiella bequaerti,Battus polydamas
Ashmeadiella bequaerti,Brentus mexicanus
Ashmeadiella bequaerti,Electrostrymon endymion
Ashmeadiella bequaerti,Eurema daira
Ashmeadiella bequaerti,Ganyra josephina
Ashmeadiella bequaerti,Hamadryas guatemalena
Ashmeadiella bequaerti,Heliconius charithonia
Ashmeadiella bequaerti,Junonia neildi
Ashmeadiella bequaerti,Nannotrigona perilampoides
Ashmeadiella bequaerti,Panoquina panoquinoides
Ashmeadiella bequaerti,Physoconops connectens
Ashmeadiella bequaerti,Polites vibex
Ashmeadiella bequaerti,Syntomeida epilais
Ashmeadiella bequaerti,Thecla bathildis
Ashmeadiella bequaerti,Thecla marius
Ashmeadiella bequaerti,Thecla rufofusca
Ashmeadiella bequaerti,Thecla yojoa
Ashmeadiella bequaerti,Xenophanes tryxus
Battus polydamas,Brentus mexicanus
Battus polydamas,Electrostrymon endymion
Battus polydamas,Eurema daira
Battus polydamas,Ganyra josephina
Battus polydamas,Hamadryas guatemalena
Battus polydamas,Heliconius charithonia
Battus polydamas,Junonia neildi
Battus polydamas,Nannotrigona perilampoides
Battus polydamas,Panoquina panoquinoides
Battus polydamas,Physoconops connectens
Battus polydamas,Polites vibex
Battus polydamas,Syntomeida epilais
Battus polydamas,Thecla bathildis
Battus polydamas,Thecla marius
Battus polydamas,Thecla rufofusca
Battus polydamas,Thecla yojoa
Battus polydamas,Xenophanes tryxus
Brentus mexicanus,Electrostrymon endymion
Brentus mexicanus,Eurema daira
Brentus mexicanus,Ganyra josephina
Brentus mexicanus,Hamadryas guatemalena
Brentus mexicanus,Heliconius charithonia
Brentus mexicanus,Junonia neildi
Brentus mexicanus,Nannotrigona perilampoides
Brentus mexicanus,Panoquina panoquinoides
Brentus mexicanus,Physoconops connectens
Brentus mexicanus,Polites vibex
Brentus mexicanus,Syntomeida epilais
Brentus mexicanus,Thecla bathildis
Brentus mexicanus,Thecla marius
Brentus mexicanus,Thecla rufofusca
Brentus mexicanus,Thecla yojoa
Brentus mexicanus,Xenophanes tryxus
Electrostrymon endymion,Eurema daira
Electrostrymon endymion,Ganyra josephina
Electrostrymon endymion,Hamadryas guatemalena
Electrostrymon endymion,Heliconius charithonia
Electrostrymon endymion,Junonia neildi
Electrostrymon endymion,Nannotrigona perilampoides
Electrostrymon endymion,Panoquina panoquinoides
Electrostrymon endymion,Physoconops connectens
Electrostrymon endymion,Polites vibex
Electrostrymon endymion,Syntomeida epilais
Electrostrymon endymion,Thecla bathildis
Electrostrymon endymion,Thecla marius
Electrostrymon endymion,Thecla rufofusca
Electrostrymon endymion,Thecla yojoa
Electrostrymon endymion,Xenophanes tryxus
Eurema daira,Ganyra josephina
Eurema daira,Hamadryas guatemalena
Eurema daira,Heliconius charithonia
Eurema daira,Junonia neildi
Eurema daira,Nannotrigona perilampoides
Eurema daira,Panoquina panoquinoides
Eurema daira,Physoconops connectens
Eurema daira,Polites vibex
Eurema daira,Syntomeida epilais
Eurema daira,Thecla bathildis
Eurema daira,Thecla marius
Eurema daira,Thecla rufofusca
Eurema daira,Thecla yojoa
Eurema daira,Xenophanes tryxus
Ganyra josephina,Hamadryas guatemalena
Ganyra josephina,Heliconius charithonia
Ganyra josephina,Junonia neildi
Ganyra josephina,Nannotrigona perilampoides
Ganyra josephina,Panoquina panoquinoides
Ganyra josephina,Physoconops connectens
Ganyra josephina,Polites vibex
Ganyra josephina,Syntomeida epilais
Ganyra josephina,Thecla bathildis
Ganyra josephina,Thecla marius
Ganyra josephina,Thecla rufofusca
Ganyra josephina,Thecla yojoa
Ganyra josephina,Xenophanes tryxus
Hamadryas guatemalena,Heliconius charithonia
Hamadryas guatemalena,Junonia neildi
Hamadryas guatemalena,Nannotrigona perilampoides
Hamadryas guatemalena,Panoquina panoquinoides
Hamadryas guatemalena,Physoconops connectens
Hamadryas guatemalena,Polites vibex
Hamadryas guatemalena,Syntomeida epilais
Hamadryas guatemalena,Thecla bathildis
Hamadryas guatemalena,Thecla marius
Hamadryas guatemalena,Thecla rufofusca
Hamadryas guatemalena,Thecla yojoa
Hamadryas guatemalena,Xenophanes tryxus
Heliconius charithonia,Junonia neildi
Heliconius charithonia,Nannotrigona perilampoides
Heliconius charithonia,Panoquina panoquinoides
Heliconius charithonia,Physoconops connectens
Heliconius charithonia,Polites vibex
Heliconius charithonia,Syntomeida epilais
Heliconius charithonia,Thecla bathildis
Heliconius charithonia,Thecla marius
Heliconius charithonia,Thecla rufofusca
Heliconius charithonia,Thecla yojoa
Heliconius charithonia,Xenophanes tryxus
Junonia neildi,Nannotrigona perilampoides
Junonia neildi,Panoquina panoquinoides
Junonia neildi,Physoconops connectens
Junonia neildi,Polites vibex
Junonia neildi,Syntomeida epilais
Junonia neildi,Thecla bathildis
Junonia neildi,Thecla marius
Junonia neildi,Thecla rufofusca
Junonia neildi,Thecla yojoa
Junonia neildi,Xenophanes tryxus
Nannotrigona perilampoides,Panoquina panoquinoides
Nannotrigona perilampoides,Physoconops connectens
Nannotrigona perilampoides,Polites vibex
Nannotrigona perilampoides,Syntomeida epilais
Nannotrigona perilampoides,Thecla bathildis
Nannotrigona perilampoides,Thecla marius
Nannotrigona perilampoides,Thecla rufofusca
Nannotrigona perilampoides,Thecla yojoa
Nannotrigona perilampoides,Xenophanes tryxus
Panoquina panoquinoides,Physoconops connectens
Panoquina panoquinoides,Polites vibex
Panoquina panoquinoides,Syntomeida epilais
Panoquina panoquinoides,Thecla bathildis
Panoquina panoquinoides,Thecla marius
Panoquina panoquinoides,Thecla rufofusca
Panoquina panoquinoides,Thecla yojoa
Panoquina panoquinoides,Xenophanes tryxus
Physoconops connectens,Polites vibex
Physoconops connectens,Syntomeida epilais
Physoconops connectens,Thecla bathildis
Physoconops connectens,Thecla marius
Physoconops connectens,Thecla rufofusca
Physoconops connectens,Thecla yojoa
Physoconops connectens,Xenophanes tryxus
Polites vibex,Syntomeida epilais
Polites vibex,Thecla bathildis
Polites vibex,Thecla marius
Polites vibex,Thecla rufofusca
Polites vibex,Thecla yojoa
Polites vibex,Xenophanes tryxus
Syntomeida epilais,Thecla bathildis
Syntomeida epilais,Thecla marius
Syntomeida epilais,Thecla rufofusca
Syntomeida epilais,Thecla yojoa
Syntomeida epilais,Xenophanes tryxus
Thecla bathildis,Thecla marius
Thecla bathildis,Thecla rufofusca
Thecla bathildis,Thecla yojoa
Thecla bathildis,Xenophanes tryxus
Thecla marius,Thecla rufofusca
Thecla marius,Thecla yojoa
Thecla marius,Xenophanes tryxus
Thecla rufofusca,Thecla yojoa
Thecla rufofusca,Xenophanes tryxus
Thecla yojoa,Xenophanes tryxus
Archonias nimbice,Vanessa annabella
